scraped_date,match_date,home_team,away_team,league_name,home_score,away_score,partial_results,venue,venue_town,venue_country,over_under_2_5_market,match_url
2025-08-30 17:05:23 UTC,2020-12-28 16:00:00 UTC,Mjondalen,Sogndal,Eliteserien 2020,3,2,"1:0, 2:2",Intility Arena,Oslo,Norway,"[{'odds_over': '2.31', 'odds_under': '1.63', 'bookmaker_name': '1xBet', 'period': 'FullTime'}, {'odds_over': '2.31', 'odds_under': '1.63', 'bookmaker_name': '22Bet', 'period': 'FullTime'}, {'odds_over': '2.28', 'odds_under': '1.63', 'bookmaker_name': '888sport', 'period': 'FullTime'}, {'odds_over': '2.33', 'odds_under': '1.67', 'bookmaker_name': 'BetInAsia', 'period': 'FullTime'}, {'odds_over': '2.10', 'odds_under': '1.65', 'bookmaker_name': 'bwin', 'period': 'FullTime'}, {'odds_over': '2.42', 'odds_under': '1.60', 'bookmaker_name': 'Dafabet', 'period': 'FullTime'}, {'odds_over': '2.28', 'odds_under': '1.67', 'bookmaker_name': 'Pinnacle', 'period': 'FullTime'}, {'odds_over': '2.42(62)', 'odds_under': '1.68(75)', 'bookmaker_name': 'Unknown', 'period': 'FullTime'}, {'odds_over': '2.42(62)', 'odds_under': '1.68(75)', 'bookmaker_name': 'Unknown', 'period': 'FullTime'}, {'odds_over': '2.42(62)', 'odds_under': '1.68(75)', 'bookmaker_name': 'Unknown', 'period': 'FullTime'}]",https://www.oddsportal.com/football/norway/eliteserien-2020/mjondalen-sogndal-b5qN4XbJ/
2025-08-30 17:05:23 UTC,2020-12-22 17:00:00 UTC,Brann,Odd,Eliteserien 2020,2,1,"1:0, 1:1",Brann Stadion,Bergen,Norway,"[{'odds_over': '1.45', 'odds_under': '2.69', 'bookmaker_name': '1xBet', 'period': 'FullTime'}, {'odds_over': '1.45', 'odds_under': '2.69', 'bookmaker_name': '22Bet', 'period': 'FullTime'}, {'odds_over': '1.41', 'odds_under': '2.88', 'bookmaker_name': '888sport', 'period': 'FullTime'}, {'odds_over': '1.45', 'odds_under': '2.82', 'bookmaker_name': 'BetInAsia', 'period': 'FullTime'}, {'odds_over': '1.45', 'odds_under': '2.55', 'bookmaker_name': 'bwin', 'period': 'FullTime'}, {'odds_over': '1.41', 'odds_under': '3.01', 'bookmaker_name': 'Pinnacle', 'period': 'FullTime'}, {'odds_over': '1.49(34)', 'odds_under': '2.98(64)', 'bookmaker_name': 'Unknown', 'period': 'FullTime'}, {'odds_over': '1.49(34)', 'odds_under': '2.98(64)', 'bookmaker_name': 'Unknown', 'period': 'FullTime'}, {'odds_over': '1.49(34)', 'odds_under': '2.98(64)', 'bookmaker_name': 'Unknown', 'period': 'FullTime'}]",https://www.oddsportal.com/football/norway/eliteserien-2020/brann-odds-bk-r7Oi1PVi/
2025-08-30 17:06:03 UTC,2020-12-22 17:00:00 UTC,Kristiansund,Haugesund,Eliteserien 2020,1,3,"1:0, 0:3",Kristiansund Stadion,Kristiansund,Norway,"[{'odds_over': '1.36', 'odds_under': '2.94', 'bookmaker_name': '1xBet', 'period': 'FullTime'}, {'odds_over': '1.36', 'odds_under': '2.94', 'bookmaker_name': '22Bet', 'period': 'FullTime'}, {'odds_over': '1.40', 'odds_under': '2.90', 'bookmaker_name': '888sport', 'period': 'FullTime'}, {'odds_over': '1.39', 'odds_under': '3.10', 'bookmaker_name': 'BetInAsia', 'period': 'FullTime'}, {'odds_over': '1.42', 'odds_under': '2.65', 'bookmaker_name': 'bwin', 'period': 'FullTime'}, {'odds_over': '1.39', 'odds_under': '3.10', 'bookmaker_name': 'Pinnacle', 'period': 'FullTime'}, {'odds_over': '1.45(189)', 'odds_under': '3.15(149)', 'bookmaker_name': 'Unknown', 'period': 'FullTime'}, {'odds_over': '1.45(189)', 'odds_under': '3.15(149)', 'bookmaker_name': 'Unknown', 'period': 'FullTime'}, {'odds_over': '1.45(189)', 'odds_under': '3.15(149)', 'bookmaker_name': 'Unknown', 'period': 'FullTime'}]",https://www.oddsportal.com/football/norway/eliteserien-2020/kristiansund-haugesund-M9yWf3R8/
2025-08-30 17:06:05 UTC,2020-12-22 17:00:00 UTC,Mjondalen,Aalesund,Eliteserien 2020,3,0,"3:0, 0:0",Consto Arena,Mjndalen,Norway,"[{'odds_over': '1.35', 'odds_under': '3.04', 'bookmaker_name': '1xBet', 'period': 'FullTime'}, {'odds_over': '1.35', 'odds_under': '3.04', 'bookmaker_name': '22Bet', 'period': 'FullTime'}, {'odds_over': '1.35', 'odds_under': '3.20', 'bookmaker_name': '888sport', 'period': 'FullTime'}, {'odds_over': '1.38', 'odds_under': '3.10', 'bookmaker_name': 'BetInAsia', 'period': 'FullTime'}, {'odds_over': '1.36', 'odds_under': '2.90', 'bookmaker_name': 'bwin', 'period': 'FullTime'}, {'odds_over': '1.39', 'odds_under': '3.03', 'bookmaker_name': 'Pinnacle', 'period': 'FullTime'}, {'odds_over': '1.45(840)', 'odds_under': '3.15(42)', 'bookmaker_name': 'Unknown', 'period': 'FullTime'}, {'odds_over': '1.45(840)', 'odds_under': '3.15(42)', 'bookmaker_name': 'Unknown', 'period': 'FullTime'}, {'odds_over': '1.45(840)', 'odds_under': '3.15(42)', 'bookmaker_name': 'Unknown', 'period': 'FullTime'}]",https://www.oddsportal.com/football/norway/eliteserien-2020/mjondalen-aalesund-SxmQLdCr/
2025-08-30 17:06:51 UTC,2020-12-22 17:00:00 UTC,Sandefjord,Rosenborg,Eliteserien 2020,0,0,"0:0, 0:0",Jotun Arena,Sandefjord,Norway,,https://www.oddsportal.com/football/norway/eliteserien-2020/sandefjord-rosenborg-hbX5d1pN/
2025-08-30 17:06:50 UTC,2020-12-22 17:00:00 UTC,Stromsgodset,Stabaek,Eliteserien 2020,0,4,"0:1, 0:3",Marienlyst Stadion,Drammen,Norway,,https://www.oddsportal.com/football/norway/eliteserien-2020/stromsgodset-stabaek-O6qEz55D/
2025-08-30 17:08:10 UTC,2020-12-22 17:00:00 UTC,Valerenga,Start,Eliteserien 2020,4,0,"3:0, 1:0",Ullevaal Stadion,Oslo,Norway,,https://www.oddsportal.com/football/norway/eliteserien-2020/valerenga-start-Oj105yS1/
2025-08-30 17:09:14 UTC,2020-12-19 17:00:00 UTC,Bodo/Glimt,Viking,Eliteserien 2020,3,0,"2:0, 1:0",Aspmyra Stadion,Bod,Norway,"[{'odds_over': '1.10', 'odds_under': '5.50', 'bookmaker_name': '1xBet', 'period': 'FullTime'}, {'odds_over': '1.10', 'odds_under': '5.50', 'bookmaker_name': '22Bet', 'period': 'FullTime'}, {'odds_over': '1.12', 'odds_under': '6.25', 'bookmaker_name': '888sport', 'period': 'FullTime'}, {'odds_over': '1.15', 'odds_under': '5.65', 'bookmaker_name': 'BetInAsia', 'period': 'FullTime'}, {'odds_over': '1.14', 'odds_under': '5.00', 'bookmaker_name': 'bwin', 'period': 'FullTime'}, {'odds_over': '1.17', 'odds_under': '5.37', 'bookmaker_name': 'Pinnacle', 'period': 'FullTime'}, {'odds_over': '1.17(96)', 'odds_under': '6.40(44)', 'bookmaker_name': 'Unknown', 'period': 'FullTime'}, {'odds_over': '1.17(96)', 'odds_under': '6.40(44)', 'bookmaker_name': 'Unknown', 'period': 'FullTime'}, {'odds_over': '1.17(96)', 'odds_under': '6.40(44)', 'bookmaker_name': 'Unknown', 'period': 'FullTime'}]",https://www.oddsportal.com/football/norway/eliteserien-2020/bodo-glimt-viking-lQUh0b3l/
2025-08-30 17:09:15 UTC,2020-12-19 17:00:00 UTC,Odd,Stromsgodset,Eliteserien 2020,1,3,"1:1, 0:2",Skagerak Arena,Skien,Norway,"[{'odds_over': '1.44', 'odds_under': '2.70', 'bookmaker_name': '1xBet', 'period': 'FullTime'}, {'odds_over': '1.44', 'odds_under': '2.70', 'bookmaker_name': '22Bet', 'period': 'FullTime'}, {'odds_over': '1.43', 'odds_under': '2.85', 'bookmaker_name': '888sport', 'period': 'FullTime'}, {'odds_over': '1.46', 'odds_under': '2.80', 'bookmaker_name': 'BetInAsia', 'period': 'FullTime'}, {'odds_over': '1.44', 'odds_under': '2.60', 'bookmaker_name': 'bwin', 'period': 'FullTime'}, {'odds_over': '1.46', 'odds_under': '2.79', 'bookmaker_name': 'Pinnacle', 'period': 'FullTime'}, {'odds_over': '1.49(118)', 'odds_under': '2.92(25)', 'bookmaker_name': 'Unknown', 'period': 'FullTime'}, {'odds_over': '1.49(118)', 'odds_under': '2.92(25)', 'bookmaker_name': 'Unknown', 'period': 'FullTime'}, {'odds_over': '1.49(118)', 'odds_under': '2.92(25)', 'bookmaker_name': 'Unknown', 'period': 'FullTime'}]",https://www.oddsportal.com/football/norway/eliteserien-2020/odds-bk-stromsgodset-KxTYksAO/
2025-08-30 17:10:07 UTC,2020-12-19 14:30:00 UTC,Molde,Sarpsborg 08,Eliteserien 2020,5,0,"3:0, 2:0",Aker Stadion,Molde,Norway,"[{'odds_over': '1.30', 'odds_under': '3.26', 'bookmaker_name': '1xBet', 'period': 'FullTime'}, {'odds_over': '1.30', 'odds_under': '3.26', 'bookmaker_name': '22Bet', 'period': 'FullTime'}, {'odds_over': '1.30', 'odds_under': '3.50', 'bookmaker_name': '888sport', 'period': 'FullTime'}, {'odds_over': '1.39', 'odds_under': '3.09', 'bookmaker_name': 'BetInAsia', 'period': 'FullTime'}, {'odds_over': '1.33', 'odds_under': '3.10', 'bookmaker_name': 'bwin', 'period': 'FullTime'}, {'odds_over': '1.30', 'odds_under': '3.56', 'bookmaker_name': 'Pinnacle', 'period': 'FullTime'}, {'odds_over': '1.35(137)', 'odds_under': '3.70(36)', 'bookmaker_name': 'Unknown', 'period': 'FullTime'}, {'odds_over': '1.35(137)', 'odds_under': '3.70(36)', 'bookmaker_name': 'Unknown', 'period': 'FullTime'}, {'odds_over': '1.35(137)', 'odds_under': '3.70(36)', 'bookmaker_name': 'Unknown', 'period': 'FullTime'}]",https://www.oddsportal.com/football/norway/eliteserien-2020/molde-sarpsborg-08-vuBiXVbL/
2025-08-30 17:10:10 UTC,2020-12-16 17:00:00 UTC,Odd,Molde,Eliteserien 2020,1,4,"1:0, 0:4",Skagerak Arena,Skien,Norway,"[{'odds_over': '1.42', 'odds_under': '2.70', 'bookmaker_name': '1xBet', 'period': 'FullTime'}, {'odds_over': '1.42', 'odds_under': '2.70', 'bookmaker_name': '22Bet', 'period': 'FullTime'}, {'odds_over': '1.43', 'odds_under': '2.85', 'bookmaker_name': '888sport', 'period': 'FullTime'}, {'odds_over': '1.40', 'odds_under': '2.75', 'bookmaker_name': 'bwin', 'period': 'FullTime'}, {'odds_over': '1.41', 'odds_under': '2.99', 'bookmaker_name': 'Pinnacle', 'period': 'FullTime'}, {'odds_over': '1.44(52)', 'odds_under': '3.10(237)', 'bookmaker_name': 'Unknown', 'period': 'FullTime'}, {'odds_over': '1.44(52)', 'odds_under': '3.10(237)', 'bookmaker_name': 'Unknown', 'period': 'FullTime'}, {'odds_over': '1.44(52)', 'odds_under': '3.10(237)', 'bookmaker_name': 'Unknown', 'period': 'FullTime'}]",https://www.oddsportal.com/football/norway/eliteserien-2020/odds-bk-molde-IkIHDaKL/
2025-08-30 17:11:02 UTC,2020-12-13 17:00:00 UTC,Rosenborg,Molde,Eliteserien 2020,3,1,"1:1, 2:0",Lerkendal Stadion,Trondheim,Norway,,https://www.oddsportal.com/football/norway/eliteserien-2020/rosenborg-molde-OWA04tPH/
2025-08-30 17:11:00 UTC,2020-12-13 17:00:00 UTC,Sandefjord,Odd,Eliteserien 2020,1,1,"0:0, 1:1",Jotun Arena,Sandefjord,Norway,,https://www.oddsportal.com/football/norway/eliteserien-2020/sandefjord-odds-bk-dY6JU6D3/
2025-08-30 17:12:35 UTC,2020-12-13 17:00:00 UTC,Stabaek,Kristiansund,Eliteserien 2020,2,2,"0:0, 2:2",Nadderud Stadion,Bekkestua,Norway,,https://www.oddsportal.com/football/norway/eliteserien-2020/stabaek-kristiansund-EeKR2Nl6/
2025-08-30 17:12:37 UTC,2020-12-10 17:00:00 UTC,Rosenborg,Mjondalen,Eliteserien 2020,1,0,"0:0, 1:0",Lerkendal Stadion,Trondheim,Norway,,https://www.oddsportal.com/football/norway/eliteserien-2020/rosenborg-mjondalen-U3bInQGb/
2025-08-30 17:14:23 UTC,2020-12-10 17:00:00 UTC,Viking,Valerenga,Eliteserien 2020,2,2,"0:1, 2:1",Lyse Arena,Stavanger,Norway,,https://www.oddsportal.com/football/norway/eliteserien-2020/viking-valerenga-2HMi62f5/
2025-08-30 17:14:24 UTC,2020-12-09 19:00:00 UTC,Start,Brann,Eliteserien 2020,1,1,"0:0, 1:1",Sparebanken Sør Arena,Kristiansand,Norway,,https://www.oddsportal.com/football/norway/eliteserien-2020/start-brann-boo3qZmo/
2025-08-30 17:16:03 UTC,2020-12-09 17:00:00 UTC,Aalesund,Stromsgodset,Eliteserien 2020,1,4,"0:1, 1:3",Color Line Stadion,lesund,Norway,,https://www.oddsportal.com/football/norway/eliteserien-2020/aalesund-stromsgodset-4CD6VRt0/
2025-08-30 17:16:11 UTC,2020-12-09 17:00:00 UTC,Haugesund,Bodo/Glimt,Eliteserien 2020,0,4,"0:2, 0:2",Haugesund Stadion,Haugesund,Norway,,https://www.oddsportal.com/football/norway/eliteserien-2020/haugesund-bodo-glimt-r3l4t4CF/
2025-08-30 17:17:15 UTC,2020-12-09 17:00:00 UTC,Sarpsborg 08,Sandefjord,Eliteserien 2020,0,0,"0:0, 0:0",Sarpsborg Stadion,Sarpsborg,Norway,,https://www.oddsportal.com/football/norway/eliteserien-2020/sarpsborg-08-sandefjord-veBuHSR6/
2025-08-30 17:23:54 UTC,2020-11-29 19:00:00 UTC,Valerenga,Sarpsborg 08,Eliteserien 2020,1,1,"0:1, 1:0",Ullevaal Stadion,Oslo,Norway,,https://www.oddsportal.com/football/norway/eliteserien-2020/valerenga-sarpsborg-08-vFR0b8cK/
2025-08-30 17:24:33 UTC,2020-11-29 17:00:00 UTC,Bodo/Glimt,Rosenborg,Eliteserien 2020,5,1,"2:0, 3:1",Aspmyra Stadion,Bod,Norway,,https://www.oddsportal.com/football/norway/eliteserien-2020/bodo-glimt-rosenborg-WC6uiQkf/
2025-08-30 17:26:04 UTC,2020-11-29 17:00:00 UTC,Kristiansund,Stromsgodset,Eliteserien 2020,2,1,"0:1, 2:0",Kristiansund Stadion,Kristiansund,Norway,,https://www.oddsportal.com/football/norway/eliteserien-2020/kristiansund-stromsgodset-CUACWb8A/
2025-08-30 17:27:36 UTC,2020-11-29 17:00:00 UTC,Molde,Haugesund,Eliteserien 2020,3,1,"2:1, 1:0",Aker Stadion,Molde,Norway,,https://www.oddsportal.com/football/norway/eliteserien-2020/molde-haugesund-nqTA65ks/
2025-08-30 17:28:34 UTC,2020-11-28 17:00:00 UTC,Brann,Aalesund,Eliteserien 2020,3,1,"2:1, 1:0",Brann Stadion,Bergen,Norway,,https://www.oddsportal.com/football/norway/eliteserien-2020/brann-aalesund-hzZua9OB/
2025-08-30 17:29:04 UTC,2020-11-28 15:00:00 UTC,Viking,Start,Eliteserien 2020,4,1,"1:0, 3:1",Lyse Arena,Stavanger,Norway,,https://www.oddsportal.com/football/norway/eliteserien-2020/viking-start-0jPo8IQo/
2025-08-30 17:30:11 UTC,2020-11-24 18:00:00 UTC,Rosenborg,Brann,Eliteserien 2020,2,3,"0:2, 2:1",Lerkendal Stadion,Trondheim,Norway,,https://www.oddsportal.com/football/norway/eliteserien-2020/rosenborg-brann-OAZPi3uC/
2025-08-30 17:33:13 UTC,2020-11-22 17:00:00 UTC,Sarpsborg 08,Viking,Eliteserien 2020,1,2,"0:0, 1:2",Sarpsborg Stadion,Sarpsborg,Norway,,https://www.oddsportal.com/football/norway/eliteserien-2020/sarpsborg-08-viking-zJIAWSri/
2025-08-30 17:33:55 UTC,2020-11-21 15:00:00 UTC,Stabaek,Molde,Eliteserien 2020,0,3,"0:1, 0:2",Nadderud Stadion,Bekkestua,Norway,"[{'odds_over': '1.56', 'odds_under': '2.53', 'bookmaker_name': '1xBet', 'period': 'FullTime'}, {'odds_over': '1.56', 'odds_under': '2.53', 'bookmaker_name': '22Bet', 'period': 'FullTime'}, {'odds_over': '1.56', 'odds_under': '2.40', 'bookmaker_name': '888sport', 'period': 'FullTime'}, {'odds_over': '1.53', 'odds_under': '2.35', 'bookmaker_name': 'bwin', 'period': 'FullTime'}, {'odds_over': '1.55', 'odds_under': '2.53', 'bookmaker_name': 'Dafabet', 'period': 'FullTime'}, {'odds_over': '1.53', 'odds_under': '2.59', 'bookmaker_name': 'Pinnacle', 'period': 'FullTime'}, {'odds_over': '1.58(117)', 'odds_under': '2.62(34)', 'bookmaker_name': 'Unknown', 'period': 'FullTime'}, {'odds_over': '1.58(117)', 'odds_under': '2.62(34)', 'bookmaker_name': 'Unknown', 'period': 'FullTime'}, {'odds_over': '1.58(117)', 'odds_under': '2.62(34)', 'bookmaker_name': 'Unknown', 'period': 'FullTime'}]",https://www.oddsportal.com/football/norway/eliteserien-2020/stabaek-molde-jL9GVING/
2025-08-30 17:35:45 UTC,2020-11-08 17:00:00 UTC,Bodo/Glimt,Aalesund,Eliteserien 2020,7,0,"2:0, 5:0",Aspmyra Stadion,Bod,Norway,,https://www.oddsportal.com/football/norway/eliteserien-2020/bodo-glimt-aalesund-dCFpFivT/
2025-08-30 17:35:42 UTC,2020-11-08 17:00:00 UTC,Molde,Kristiansund,Eliteserien 2020,2,2,"1:2, 1:0",Aker Stadion,Molde,Norway,,https://www.oddsportal.com/football/norway/eliteserien-2020/molde-kristiansund-6ZOUjNfI/
2025-08-30 17:38:12 UTC,2020-11-08 17:00:00 UTC,Start,Sarpsborg 08,Eliteserien 2020,3,2,"1:2, 2:0",Sparebanken Sør Arena,Kristiansand,Norway,,https://www.oddsportal.com/football/norway/eliteserien-2020/start-sarpsborg-08-fs89KMkd/
2025-08-30 17:38:24 UTC,2020-11-08 17:00:00 UTC,Viking,Rosenborg,Eliteserien 2020,3,0,"3:0, 0:0",Lyse Arena,Stavanger,Norway,,https://www.oddsportal.com/football/norway/eliteserien-2020/viking-rosenborg-tK7RqwJ7/
2025-08-30 17:39:47 UTC,2020-11-07 19:30:00 UTC,Brann,Haugesund,Eliteserien 2020,1,2,"0:0, 1:2",Brann Stadion,Bergen,Norway,,https://www.oddsportal.com/football/norway/eliteserien-2020/brann-haugesund-0OSdalrE/
2025-08-30 17:42:44 UTC,2020-11-01 17:00:00 UTC,Rosenborg,Start,Eliteserien 2020,1,0,"0:0, 1:0",Lerkendal Stadion,Trondheim,Norway,"[{'odds_over': '1.49', 'odds_under': '2.54', 'bookmaker_name': '1xBet', 'period': 'FullTime'}, {'odds_over': '1.49', 'odds_under': '2.54', 'bookmaker_name': '22Bet', 'period': 'FullTime'}, {'odds_over': '1.47', 'odds_under': '2.70', 'bookmaker_name': '888sport', 'period': 'FullTime'}, {'odds_over': '1.50', 'odds_under': '2.40', 'bookmaker_name': 'bwin', 'period': 'FullTime'}, {'odds_over': '1.47', 'odds_under': '2.75', 'bookmaker_name': 'Dafabet', 'period': 'FullTime'}, {'odds_over': '1.45', 'odds_under': '2.82', 'bookmaker_name': 'Pinnacle', 'period': 'FullTime'}, {'odds_over': '1.50(82)', 'odds_under': '2.94(29)', 'bookmaker_name': 'Unknown', 'period': 'FullTime'}, {'odds_over': '1.50(82)', 'odds_under': '2.94(29)', 'bookmaker_name': 'Unknown', 'period': 'FullTime'}, {'odds_over': '1.50(82)', 'odds_under': '2.94(29)', 'bookmaker_name': 'Unknown', 'period': 'FullTime'}]",https://www.oddsportal.com/football/norway/eliteserien-2020/rosenborg-start-86XReqC2/
2025-08-30 17:42:45 UTC,2020-11-01 17:00:00 UTC,Sandefjord,Brann,Eliteserien 2020,3,3,"1:0, 2:3",Jotun Arena,Sandefjord,Norway,"[{'odds_over': '2.03', 'odds_under': '1.81', 'bookmaker_name': '1xBet', 'period': 'FullTime'}, {'odds_over': '2.03', 'odds_under': '1.81', 'bookmaker_name': '22Bet', 'period': 'FullTime'}, {'odds_over': '2.00', 'odds_under': '1.81', 'bookmaker_name': '888sport', 'period': 'FullTime'}, {'odds_over': '1.95', 'odds_under': '1.75', 'bookmaker_name': 'bwin', 'period': 'FullTime'}, {'odds_over': '2.12', 'odds_under': '1.79', 'bookmaker_name': 'Dafabet', 'period': 'FullTime'}, {'odds_over': '2.03', 'odds_under': '1.84', 'bookmaker_name': 'Pinnacle', 'period': 'FullTime'}, {'odds_over': '2.10(161)', 'odds_under': '1.88(50)', 'bookmaker_name': 'Unknown', 'period': 'FullTime'}, {'odds_over': '2.10(161)', 'odds_under': '1.88(50)', 'bookmaker_name': 'Unknown', 'period': 'FullTime'}, {'odds_over': '2.10(161)', 'odds_under': '1.88(50)', 'bookmaker_name': 'Unknown', 'period': 'FullTime'}]",https://www.oddsportal.com/football/norway/eliteserien-2020/sandefjord-brann-t8sRK19b/
2025-08-30 17:44:28 UTC,2020-11-01 17:00:00 UTC,Stabaek,Viking,Eliteserien 2020,1,1,"1:1, 0:0",Nadderud Stadion,Bekkestua,Norway,,https://www.oddsportal.com/football/norway/eliteserien-2020/stabaek-viking-4YQzfNtF/
2025-08-30 17:44:31 UTC,2020-11-01 14:00:00 UTC,Mjondalen,Molde,Eliteserien 2020,1,3,"1:0, 0:3",Consto Arena,Mjndalen,Norway,,https://www.oddsportal.com/football/norway/eliteserien-2020/mjondalen-molde-0hfhlOZC/
2025-08-30 17:45:49 UTC,2020-10-31 19:30:00 UTC,Haugesund,Aalesund,Eliteserien 2020,0,1,"0:0, 0:1",Haugesund Stadion,Haugesund,Norway,,https://www.oddsportal.com/football/norway/eliteserien-2020/haugesund-aalesund-dSkE7tBE/
2025-08-30 17:45:48 UTC,2020-10-31 17:00:00 UTC,Odd,Sarpsborg 08,Eliteserien 2020,1,1,"0:0, 1:1",Skagerak Arena,Skien,Norway,,https://www.oddsportal.com/football/norway/eliteserien-2020/odds-bk-sarpsborg-08-jDaEm61h/
2025-08-30 17:48:01 UTC,2020-10-25 19:30:00 UTC,Bodo/Glimt,Mjondalen,Eliteserien 2020,2,0,"1:0, 1:0",Aspmyra Stadion,Bod,Norway,,https://www.oddsportal.com/football/norway/eliteserien-2020/bodo-glimt-mjondalen-xfXDf5eg/
2025-08-30 17:47:51 UTC,2020-10-25 17:00:00 UTC,Aalesund,Odd,Eliteserien 2020,0,3,"0:1, 0:2",Color Line Stadion,lesund,Norway,,https://www.oddsportal.com/football/norway/eliteserien-2020/aalesund-odds-bk-vqRhCUMe/
2025-08-30 17:49:51 UTC,2020-10-25 17:00:00 UTC,Sarpsborg 08,Rosenborg,Eliteserien 2020,1,2,"0:2, 1:0",Sarpsborg Stadion,Sarpsborg,Norway,,https://www.oddsportal.com/football/norway/eliteserien-2020/sarpsborg-08-rosenborg-4E2bHjvt/
2025-08-30 17:49:59 UTC,2020-10-25 17:00:00 UTC,Valerenga,Kristiansund,Eliteserien 2020,1,1,"0:0, 1:1",Ullevaal Stadion,Oslo,Norway,,https://www.oddsportal.com/football/norway/eliteserien-2020/valerenga-kristiansund-ULVO8Pjp/
2025-08-30 17:51:17 UTC,2020-10-24 18:30:00 UTC,Brann,Stabaek,Eliteserien 2020,1,1,"0:0, 1:1",Brann Stadion,Bergen,Norway,"[{'odds_over': '1.64', 'odds_under': '2.25', 'bookmaker_name': '1xBet', 'period': 'FullTime'}, {'odds_over': '1.64', 'odds_under': '2.25', 'bookmaker_name': '22Bet', 'period': 'FullTime'}, {'odds_over': '1.65', 'odds_under': '2.25', 'bookmaker_name': '888sport', 'period': 'FullTime'}, {'odds_over': '1.65', 'odds_under': '2.10', 'bookmaker_name': 'bwin', 'period': 'FullTime'}, {'odds_over': '1.68', 'odds_under': '2.28', 'bookmaker_name': 'Dafabet', 'period': 'FullTime'}, {'odds_over': '1.63', 'odds_under': '2.34', 'bookmaker_name': 'Pinnacle', 'period': 'FullTime'}, {'odds_over': '1.71(238)', 'odds_under': '2.38(210)', 'bookmaker_name': 'Unknown', 'period': 'FullTime'}, {'odds_over': '1.71(238)', 'odds_under': '2.38(210)', 'bookmaker_name': 'Unknown', 'period': 'FullTime'}, {'odds_over': '1.71(238)', 'odds_under': '2.38(210)', 'bookmaker_name': 'Unknown', 'period': 'FullTime'}]",https://www.oddsportal.com/football/norway/eliteserien-2020/brann-stabaek-zk3rApet/
2025-08-30 17:51:19 UTC,2020-10-24 16:00:00 UTC,Start,Sandefjord,Eliteserien 2020,0,1,"0:0, 0:1",Sparebanken Sør Arena,Kristiansand,Norway,,https://www.oddsportal.com/football/norway/eliteserien-2020/start-sandefjord-hniSQTyk/
2025-08-30 17:52:26 UTC,2020-10-18 18:30:00 UTC,Sandefjord,Valerenga,Eliteserien 2020,0,3,"0:1, 0:2",Jotun Arena,Sandefjord,Norway,"[{'odds_over': '1.81', 'odds_under': '2.02', 'bookmaker_name': '1xBet', 'period': 'FullTime'}, {'odds_over': '1.81', 'odds_under': '2.02', 'bookmaker_name': '22Bet', 'period': 'FullTime'}, {'odds_over': '1.81', 'odds_under': '2.00', 'bookmaker_name': '888sport', 'period': 'FullTime'}, {'odds_over': '1.80', 'odds_under': '1.90', 'bookmaker_name': 'bwin', 'period': 'FullTime'}, {'odds_over': '1.83', 'odds_under': '2.07', 'bookmaker_name': 'Dafabet', 'period': 'FullTime'}, {'odds_over': '1.83', 'odds_under': '2.05', 'bookmaker_name': 'Pinnacle', 'period': 'FullTime'}, {'odds_over': '1.90(766)', 'odds_under': '2.10(51)', 'bookmaker_name': 'Unknown', 'period': 'FullTime'}, {'odds_over': '1.90(766)', 'odds_under': '2.10(51)', 'bookmaker_name': 'Unknown', 'period': 'FullTime'}, {'odds_over': '1.90(766)', 'odds_under': '2.10(51)', 'bookmaker_name': 'Unknown', 'period': 'FullTime'}]",https://www.oddsportal.com/football/norway/eliteserien-2020/sandefjord-valerenga-dzU8FLk9/
2025-08-30 17:53:47 UTC,2020-10-18 16:00:00 UTC,Kristiansund,Rosenborg,Eliteserien 2020,0,0,"0:0, 0:0",Kristiansund Stadion,Kristiansund,Norway,,https://www.oddsportal.com/football/norway/eliteserien-2020/kristiansund-rosenborg-ObZBhhqk/
2025-08-30 17:55:03 UTC,2020-10-18 16:00:00 UTC,Stromsgodset,Start,Eliteserien 2020,1,1,"0:1, 1:0",Marienlyst Stadion,Drammen,Norway,,https://www.oddsportal.com/football/norway/eliteserien-2020/stromsgodset-start-2HrNLsfh/
2025-08-30 17:55:00 UTC,2020-10-17 18:30:00 UTC,Molde,Bodo/Glimt,Eliteserien 2020,4,2,"2:1, 2:1",Aker Stadion,Molde,Norway,,https://www.oddsportal.com/football/norway/eliteserien-2020/molde-bodo-glimt-4EtT1Bvg/
2025-08-30 17:56:16 UTC,2020-10-17 16:00:00 UTC,Mjondalen,Brann,Eliteserien 2020,2,0,"2:0, 0:0",Consto Arena,Mjndalen,Norway,,https://www.oddsportal.com/football/norway/eliteserien-2020/mjondalen-brann-Aqwbvm6l/
2025-08-30 17:56:21 UTC,2020-10-04 18:30:00 UTC,Rosenborg,Odd,Eliteserien 2020,4,1,"1:0, 3:1",Lerkendal Stadion,Trondheim,Norway,,https://www.oddsportal.com/football/norway/eliteserien-2020/rosenborg-odds-bk-r1qdaIIf/
2025-08-30 17:57:53 UTC,2020-10-04 16:00:00 UTC,Aalesund,Kristiansund,Eliteserien 2020,1,2,"1:0, 0:2",Color Line Stadion,lesund,Norway,"[{'odds_over': '1.45', 'odds_under': '2.82', 'bookmaker_name': '1xBet', 'period': 'FullTime'}, {'odds_over': '1.45', 'odds_under': '2.82', 'bookmaker_name': '22Bet', 'period': 'FullTime'}, {'odds_over': '1.41', 'odds_under': '2.85', 'bookmaker_name': '888sport', 'period': 'FullTime'}, {'odds_over': '1.45', 'odds_under': '2.55', 'bookmaker_name': 'bwin', 'period': 'FullTime'}, {'odds_over': '1.43', 'odds_under': '2.88', 'bookmaker_name': 'Dafabet', 'period': 'FullTime'}, {'odds_over': '1.41', 'odds_under': '2.99', 'bookmaker_name': 'Pinnacle', 'period': 'FullTime'}, {'odds_over': '1.46(66)', 'odds_under': '3.05(336)', 'bookmaker_name': 'Unknown', 'period': 'FullTime'}, {'odds_over': '1.46(66)', 'odds_under': '3.05(336)', 'bookmaker_name': 'Unknown', 'period': 'FullTime'}, {'odds_over': '1.46(66)', 'odds_under': '3.05(336)', 'bookmaker_name': 'Unknown', 'period': 'FullTime'}]",https://www.oddsportal.com/football/norway/eliteserien-2020/aalesund-kristiansund-29UlRCkE/
2025-08-30 17:57:34 UTC,2020-10-04 16:00:00 UTC,Bodo/Glimt,Sandefjord,Eliteserien 2020,2,1,"2:1, 0:0",Aspmyra Stadion,Bod,Norway,"[{'odds_over': '1.40', 'odds_under': '2.91', 'bookmaker_name': '1xBet', 'period': 'FullTime'}, {'odds_over': '1.40', 'odds_under': '2.91', 'bookmaker_name': '22Bet', 'period': 'FullTime'}, {'odds_over': '1.43', 'odds_under': '2.85', 'bookmaker_name': '888sport', 'period': 'FullTime'}, {'odds_over': '1.36', 'odds_under': '2.90', 'bookmaker_name': 'bwin', 'period': 'FullTime'}, {'odds_over': '1.43', 'odds_under': '2.89', 'bookmaker_name': 'Pinnacle', 'period': 'FullTime'}, {'odds_over': '1.50(946)', 'odds_under': '2.96(375)', 'bookmaker_name': 'Unknown', 'period': 'FullTime'}, {'odds_over': '1.50(946)', 'odds_under': '2.96(375)', 'bookmaker_name': 'Unknown', 'period': 'FullTime'}, {'odds_over': '1.50(946)', 'odds_under': '2.96(375)', 'bookmaker_name': 'Unknown', 'period': 'FullTime'}]",https://www.oddsportal.com/football/norway/eliteserien-2020/bodo-glimt-sandefjord-ILfo7ibr/
2025-08-30 17:58:29 UTC,2020-10-04 16:00:00 UTC,Brann,Molde,Eliteserien 2020,1,2,"1:1, 0:1",Brann Stadion,Bergen,Norway,"[{'odds_over': '1.44', 'odds_under': '2.83', 'bookmaker_name': '1xBet', 'period': 'FullTime'}, {'odds_over': '1.44', 'odds_under': '2.83', 'bookmaker_name': '22Bet', 'period': 'FullTime'}, {'odds_over': '1.42', 'odds_under': '2.85', 'bookmaker_name': '888sport', 'period': 'FullTime'}, {'odds_over': '1.45', 'odds_under': '2.55', 'bookmaker_name': 'bwin', 'period': 'FullTime'}, {'odds_over': '1.41', 'odds_under': '2.96', 'bookmaker_name': 'Dafabet', 'period': 'FullTime'}, {'odds_over': '1.42', 'odds_under': '2.96', 'bookmaker_name': 'Pinnacle', 'period': 'FullTime'}, {'odds_over': '1.44(46)', 'odds_under': '3.20(69)', 'bookmaker_name': 'Unknown', 'period': 'FullTime'}, {'odds_over': '1.44(46)', 'odds_under': '3.20(69)', 'bookmaker_name': 'Unknown', 'period': 'FullTime'}, {'odds_over': '1.44(46)', 'odds_under': '3.20(69)', 'bookmaker_name': 'Unknown', 'period': 'FullTime'}]",https://www.oddsportal.com/football/norway/eliteserien-2020/brann-molde-EgTk7xth/
2025-08-30 17:58:59 UTC,2020-10-04 16:00:00 UTC,Start,Haugesund,Eliteserien 2020,5,1,"3:0, 2:1",Sparebanken Sør Arena,Kristiansand,Norway,,https://www.oddsportal.com/football/norway/eliteserien-2020/start-haugesund-6uMZUF7n/
2025-08-30 17:59:32 UTC,2020-10-04 16:00:00 UTC,Viking,Stromsgodset,Eliteserien 2020,2,2,"0:0, 2:2",Lyse Arena,Stavanger,Norway,,https://www.oddsportal.com/football/norway/eliteserien-2020/viking-stromsgodset-ABqy0k95/
2025-08-30 18:00:34 UTC,2020-10-03 18:30:00 UTC,Valerenga,Mjondalen,Eliteserien 2020,4,1,"1:0, 3:1",Ullevaal Stadion,Oslo,Norway,"[{'odds_over': '1.53', 'odds_under': '2.55', 'bookmaker_name': '1xBet', 'period': 'FullTime'}, {'odds_over': '1.53', 'odds_under': '2.55', 'bookmaker_name': '22Bet', 'period': 'FullTime'}, {'odds_over': '1.56', 'odds_under': '2.43', 'bookmaker_name': '888sport', 'period': 'FullTime'}, {'odds_over': '1.60', 'odds_under': '2.20', 'bookmaker_name': 'bwin', 'period': 'FullTime'}, {'odds_over': '1.56', 'odds_under': '2.51', 'bookmaker_name': 'Dafabet', 'period': 'FullTime'}, {'odds_over': '1.54', 'odds_under': '2.56', 'bookmaker_name': 'Pinnacle', 'period': 'FullTime'}, {'odds_over': '1.61(61)', 'odds_under': '2.52(17)', 'bookmaker_name': 'Unknown', 'period': 'FullTime'}, {'odds_over': '1.61(61)', 'odds_under': '2.52(17)', 'bookmaker_name': 'Unknown', 'period': 'FullTime'}, {'odds_over': '1.61(61)', 'odds_under': '2.52(17)', 'bookmaker_name': 'Unknown', 'period': 'FullTime'}]",https://www.oddsportal.com/football/norway/eliteserien-2020/valerenga-mjondalen-fmJTIZv4/
2025-08-30 18:00:40 UTC,2020-10-03 16:00:00 UTC,Sarpsborg 08,Stabaek,Eliteserien 2020,4,0,"4:0, 0:0",Sarpsborg Stadion,Sarpsborg,Norway,"[{'odds_over': '1.85', 'odds_under': '1.98', 'bookmaker_name': '1xBet', 'period': 'FullTime'}, {'odds_over': '1.85', 'odds_under': '1.98', 'bookmaker_name': '22Bet', 'period': 'FullTime'}, {'odds_over': '1.85', 'odds_under': '1.95', 'bookmaker_name': '888sport', 'period': 'FullTime'}, {'odds_over': '1.80', 'odds_under': '1.90', 'bookmaker_name': 'bwin', 'period': 'FullTime'}, {'odds_over': '1.98', 'odds_under': '1.92', 'bookmaker_name': 'Dafabet', 'period': 'FullTime'}, {'odds_over': '1.89', 'odds_under': '1.98', 'bookmaker_name': 'Pinnacle', 'period': 'FullTime'}, {'odds_over': '1.96(34)', 'odds_under': '2.02(25)', 'bookmaker_name': 'Unknown', 'period': 'FullTime'}, {'odds_over': '1.96(34)', 'odds_under': '2.02(25)', 'bookmaker_name': 'Unknown', 'period': 'FullTime'}, {'odds_over': '1.96(34)', 'odds_under': '2.02(25)', 'bookmaker_name': 'Unknown', 'period': 'FullTime'}]",https://www.oddsportal.com/football/norway/eliteserien-2020/sarpsborg-08-stabaek-dAUvz2kq/
2025-08-30 18:01:39 UTC,2020-09-27 18:30:00 UTC,Bodo/Glimt,Valerenga,Eliteserien 2020,2,0,"2:0, 0:0",Aspmyra Stadion,Bod,Norway,,https://www.oddsportal.com/football/norway/eliteserien-2020/bodo-glimt-valerenga-AyBNTQS9/
2025-08-30 18:01:52 UTC,2020-09-27 16:00:00 UTC,Aalesund,Rosenborg,Eliteserien 2020,1,2,"0:1, 1:1",Color Line Stadion,lesund,Norway,"[{'odds_over': '1.54', 'odds_under': '2.61', 'bookmaker_name': '1xBet', 'period': 'FullTime'}, {'odds_over': '1.54', 'odds_under': '2.61', 'bookmaker_name': '22Bet', 'period': 'FullTime'}, {'odds_over': '1.46', 'odds_under': '2.65', 'bookmaker_name': '888sport', 'period': 'FullTime'}, {'odds_over': '1.53', 'odds_under': '2.35', 'bookmaker_name': 'bwin', 'period': 'FullTime'}, {'odds_over': '1.51', 'odds_under': '2.63', 'bookmaker_name': 'Dafabet', 'period': 'FullTime'}, {'odds_over': '1.53', 'odds_under': '2.59', 'bookmaker_name': 'Pinnacle', 'period': 'FullTime'}, {'odds_over': '1.57(23)', 'odds_under': '2.68(29)', 'bookmaker_name': 'Unknown', 'period': 'FullTime'}, {'odds_over': '1.57(23)', 'odds_under': '2.68(29)', 'bookmaker_name': 'Unknown', 'period': 'FullTime'}, {'odds_over': '1.57(23)', 'odds_under': '2.68(29)', 'bookmaker_name': 'Unknown', 'period': 'FullTime'}]",https://www.oddsportal.com/football/norway/eliteserien-2020/aalesund-rosenborg-ju6XNRL7/
2025-08-30 18:03:40 UTC,2020-09-27 16:00:00 UTC,Haugesund,Odd,Eliteserien 2020,4,4,"1:2, 3:2",Haugesund Stadion,Haugesund,Norway,,https://www.oddsportal.com/football/norway/eliteserien-2020/haugesund-odds-bk-IT4mk4K6/
2025-08-30 18:03:23 UTC,2020-09-27 16:00:00 UTC,Kristiansund,Brann,Eliteserien 2020,1,1,"0:0, 1:1",Kristiansund Stadion,Kristiansund,Norway,"[{'odds_over': '1.50', 'odds_under': '2.73', 'bookmaker_name': '1xBet', 'period': 'FullTime'}, {'odds_over': '1.50', 'odds_under': '2.73', 'bookmaker_name': '22Bet', 'period': 'FullTime'}, {'odds_over': '1.49', 'odds_under': '2.63', 'bookmaker_name': '888sport', 'period': 'FullTime'}, {'odds_over': '1.55', 'odds_under': '2.30', 'bookmaker_name': 'bwin', 'period': 'FullTime'}, {'odds_over': '1.50', 'odds_under': '2.66', 'bookmaker_name': 'Dafabet', 'period': 'FullTime'}, {'odds_over': '1.46', 'odds_under': '2.80', 'bookmaker_name': 'Pinnacle', 'period': 'FullTime'}, {'odds_over': '1.53(104)', 'odds_under': '2.80(82)', 'bookmaker_name': 'Unknown', 'period': 'FullTime'}, {'odds_over': '1.53(104)', 'odds_under': '2.80(82)', 'bookmaker_name': 'Unknown', 'period': 'FullTime'}, {'odds_over': '1.53(104)', 'odds_under': '2.80(82)', 'bookmaker_name': 'Unknown', 'period': 'FullTime'}]",https://www.oddsportal.com/football/norway/eliteserien-2020/kristiansund-brann-2Zk2MrLq/
2025-08-30 18:04:41 UTC,2020-09-27 16:00:00 UTC,Mjondalen,Viking,Eliteserien 2020,1,2,"1:1, 0:1",Consto Arena,Mjndalen,Norway,,https://www.oddsportal.com/football/norway/eliteserien-2020/mjondalen-viking-6VSpEjhq/
2025-08-30 18:04:51 UTC,2020-09-27 16:00:00 UTC,Stabaek,Start,Eliteserien 2020,2,0,"0:0, 2:0",Nadderud Stadion,Bekkestua,Norway,"[{'odds_over': '1.78', 'odds_under': '2.05', 'bookmaker_name': '1xBet', 'period': 'FullTime'}, {'odds_over': '1.78', 'odds_under': '2.05', 'bookmaker_name': '22Bet', 'period': 'FullTime'}, {'odds_over': '1.80', 'odds_under': '2.02', 'bookmaker_name': '888sport', 'period': 'FullTime'}, {'odds_over': '1.75', 'odds_under': '1.95', 'bookmaker_name': 'bwin', 'period': 'FullTime'}, {'odds_over': '1.81', 'odds_under': '2.09', 'bookmaker_name': 'Dafabet', 'period': 'FullTime'}, {'odds_over': '1.79', 'odds_under': '2.09', 'bookmaker_name': 'Pinnacle', 'period': 'FullTime'}, {'odds_over': '1.84(55)', 'odds_under': '2.18(193)', 'bookmaker_name': 'Unknown', 'period': 'FullTime'}, {'odds_over': '1.84(55)', 'odds_under': '2.18(193)', 'bookmaker_name': 'Unknown', 'period': 'FullTime'}, {'odds_over': '1.84(55)', 'odds_under': '2.18(193)', 'bookmaker_name': 'Unknown', 'period': 'FullTime'}]",https://www.oddsportal.com/football/norway/eliteserien-2020/stabaek-start-4GX4cdm7/
2025-08-30 18:05:49 UTC,2020-09-26 18:30:00 UTC,Stromsgodset,Sarpsborg 08,Eliteserien 2020,0,0,"0:0, 0:0",Marienlyst Stadion,Drammen,Norway,,https://www.oddsportal.com/football/norway/eliteserien-2020/stromsgodset-sarpsborg-08-dW5FnuZl/
2025-08-30 18:06:52 UTC,2020-09-26 16:00:00 UTC,Molde,Sandefjord,Eliteserien 2020,0,1,"0:1, 0:0",Aker Stadion,Molde,Norway,"[{'odds_over': '1.44', 'odds_under': '2.72', 'bookmaker_name': '1xBet', 'period': 'FullTime'}, {'odds_over': '1.44', 'odds_under': '2.72', 'bookmaker_name': '22Bet', 'period': 'FullTime'}, {'odds_over': '1.42', 'odds_under': '2.85', 'bookmaker_name': '888sport', 'period': 'FullTime'}, {'odds_over': '1.44', 'odds_under': '2.60', 'bookmaker_name': 'bwin', 'period': 'FullTime'}, {'odds_over': '1.46', 'odds_under': '2.78', 'bookmaker_name': 'Dafabet', 'period': 'FullTime'}, {'odds_over': '1.46', 'odds_under': '2.78', 'bookmaker_name': 'Pinnacle', 'period': 'FullTime'}, {'odds_over': '1.52(51)', 'odds_under': '2.86(98)', 'bookmaker_name': 'Unknown', 'period': 'FullTime'}, {'odds_over': '1.52(51)', 'odds_under': '2.86(98)', 'bookmaker_name': 'Unknown', 'period': 'FullTime'}, {'odds_over': '1.52(51)', 'odds_under': '2.86(98)', 'bookmaker_name': 'Unknown', 'period': 'FullTime'}]",https://www.oddsportal.com/football/norway/eliteserien-2020/molde-sandefjord-p0vrHJ8N/
2025-08-30 18:07:04 UTC,2020-09-20 18:30:00 UTC,Odd,Stabaek,Eliteserien 2020,2,0,"1:0, 1:0",Skagerak Arena,Skien,Norway,"[{'odds_over': '1.69', 'odds_under': '2.20', 'bookmaker_name': '1xBet', 'period': 'FullTime'}, {'odds_over': '1.69', 'odds_under': '2.20', 'bookmaker_name': '22Bet', 'period': 'FullTime'}, {'odds_over': '1.67', 'odds_under': '2.20', 'bookmaker_name': '888sport', 'period': 'FullTime'}, {'odds_over': '1.60', 'odds_under': '2.20', 'bookmaker_name': 'bwin', 'period': 'FullTime'}, {'odds_over': '1.69', 'odds_under': '2.26', 'bookmaker_name': 'Dafabet', 'period': 'FullTime'}, {'odds_over': '1.71', 'odds_under': '2.21', 'bookmaker_name': 'Pinnacle', 'period': 'FullTime'}, {'odds_over': '1.73(129)', 'odds_under': '2.30(185)', 'bookmaker_name': 'Unknown', 'period': 'FullTime'}, {'odds_over': '1.73(129)', 'odds_under': '2.30(185)', 'bookmaker_name': 'Unknown', 'period': 'FullTime'}, {'odds_over': '1.73(129)', 'odds_under': '2.30(185)', 'bookmaker_name': 'Unknown', 'period': 'FullTime'}]",https://www.oddsportal.com/football/norway/eliteserien-2020/odds-bk-stabaek-bytX0Vga/
2025-08-30 18:08:17 UTC,2020-09-20 16:00:00 UTC,Brann,Bodo/Glimt,Eliteserien 2020,1,3,"0:0, 1:3",Brann Stadion,Bergen,Norway,,https://www.oddsportal.com/football/norway/eliteserien-2020/brann-bodo-glimt-xzyzJuvB/
2025-08-30 18:08:46 UTC,2020-09-20 16:00:00 UTC,Viking,Aalesund,Eliteserien 2020,5,2,"1:1, 4:1",Lyse Arena,Stavanger,Norway,,https://www.oddsportal.com/football/norway/eliteserien-2020/viking-aalesund-bqxWJLO4/
2025-08-30 18:11:34 UTC,2020-09-19 18:30:00 UTC,Sarpsborg 08,Mjondalen,Eliteserien 2020,2,0,"2:0, 0:0",Sarpsborg Stadion,Sarpsborg,Norway,"[{'odds_over': '1.90', 'odds_under': '1.90', 'bookmaker_name': '1xBet', 'period': 'FullTime'}, {'odds_over': '1.90', 'odds_under': '1.90', 'bookmaker_name': '22Bet', 'period': 'FullTime'}, {'odds_over': '1.88', 'odds_under': '1.93', 'bookmaker_name': '888sport', 'period': 'FullTime'}, {'odds_over': '1.75', 'odds_under': '1.95', 'bookmaker_name': 'bwin', 'period': 'FullTime'}, {'odds_over': '2.16', 'odds_under': '1.76', 'bookmaker_name': 'Dafabet', 'period': 'FullTime'}, {'odds_over': '2.10', 'odds_under': '1.78', 'bookmaker_name': 'Pinnacle', 'period': 'FullTime'}, {'odds_over': '2.04(1222)', 'odds_under': '1.93(65)', 'bookmaker_name': 'Unknown', 'period': 'FullTime'}, {'odds_over': '2.04(1222)', 'odds_under': '1.93(65)', 'bookmaker_name': 'Unknown', 'period': 'FullTime'}, {'odds_over': '2.04(1222)', 'odds_under': '1.93(65)', 'bookmaker_name': 'Unknown', 'period': 'FullTime'}]",https://www.oddsportal.com/football/norway/eliteserien-2020/sarpsborg-08-mjondalen-pWKwUZMh/
2025-08-30 18:11:37 UTC,2020-09-19 16:00:00 UTC,Valerenga,Molde,Eliteserien 2020,2,1,"1:0, 1:1",Intility Arena,Oslo,Norway,,https://www.oddsportal.com/football/norway/eliteserien-2020/valerenga-molde-v5xv17IP/
2025-08-30 18:15:24 UTC,2020-09-12 16:00:00 UTC,Kristiansund,Viking,Eliteserien 2020,3,5,"1:1, 2:4",Kristiansund Stadion,Kristiansund,Norway,,https://www.oddsportal.com/football/norway/eliteserien-2020/kristiansund-viking-h6F430vO/
2025-08-30 18:16:19 UTC,2020-08-30 16:00:00 UTC,Odd,Mjondalen,Eliteserien 2020,6,1,"4:1, 2:0",Skagerak Arena,Skien,Norway,"[{'odds_over': '1.73', 'odds_under': '2.10', 'bookmaker_name': '1xBet', 'period': 'FullTime'}, {'odds_over': '1.75', 'odds_under': '2.08', 'bookmaker_name': '888sport', 'period': 'FullTime'}, {'odds_over': '1.70', 'odds_under': '2.05', 'bookmaker_name': 'bwin', 'period': 'FullTime'}, {'odds_over': '1.81', 'odds_under': '2.09', 'bookmaker_name': 'Dafabet', 'period': 'FullTime'}, {'odds_over': '1.80', 'odds_under': '2.07', 'bookmaker_name': 'Pinnacle', 'period': 'FullTime'}, {'odds_over': '1.83(195)', 'odds_under': '2.16(13)', 'bookmaker_name': 'Unknown', 'period': 'FullTime'}, {'odds_over': '1.83(195)', 'odds_under': '2.16(13)', 'bookmaker_name': 'Unknown', 'period': 'FullTime'}, {'odds_over': '1.83(195)', 'odds_under': '2.16(13)', 'bookmaker_name': 'Unknown', 'period': 'FullTime'}]",https://www.oddsportal.com/football/norway/eliteserien-2020/odds-bk-mjondalen-QZRE5P4m/
2025-08-30 18:17:48 UTC,2020-08-30 16:00:00 UTC,Sandefjord,Kristiansund,Eliteserien 2020,0,2,"0:1, 0:1",Jotun Arena,Sandefjord,Norway,,https://www.oddsportal.com/football/norway/eliteserien-2020/sandefjord-kristiansund-GCptYuKe/
2025-08-30 18:17:36 UTC,2020-08-30 16:00:00 UTC,Sarpsborg 08,Bodo/Glimt,Eliteserien 2020,0,3,"0:1, 0:2",Sarpsborg Stadion,Sarpsborg,Norway,"[{'odds_over': '1.42', 'odds_under': '2.91', 'bookmaker_name': '1xBet', 'period': 'FullTime'}, {'odds_over': '1.37', 'odds_under': '3.10', 'bookmaker_name': '888sport', 'period': 'FullTime'}, {'odds_over': '1.40', 'odds_under': '2.70', 'bookmaker_name': 'bwin', 'period': 'FullTime'}, {'odds_over': '1.41', 'odds_under': '3.03', 'bookmaker_name': 'Pinnacle', 'period': 'FullTime'}, {'odds_over': '1.46(153)', 'odds_under': '3.10(44)', 'bookmaker_name': 'Unknown', 'period': 'FullTime'}, {'odds_over': '1.46(153)', 'odds_under': '3.10(44)', 'bookmaker_name': 'Unknown', 'period': 'FullTime'}, {'odds_over': '1.46(153)', 'odds_under': '3.10(44)', 'bookmaker_name': 'Unknown', 'period': 'FullTime'}]",https://www.oddsportal.com/football/norway/eliteserien-2020/sarpsborg-08-bodo-glimt-YuHGEQnP/
2025-08-30 18:19:30 UTC,2020-08-29 16:00:00 UTC,Haugesund,Valerenga,Eliteserien 2020,2,1,"2:0, 0:1",Haugesund Stadion,Haugesund,Norway,,https://www.oddsportal.com/football/norway/eliteserien-2020/haugesund-valerenga-0p061Y9T/
2025-08-30 18:20:15 UTC,2020-08-24 18:30:00 UTC,Stabaek,Brann,Eliteserien 2020,0,2,"0:0, 0:2",Nadderud Stadion,Bekkestua,Norway,"[{'odds_over': '1.73', 'odds_under': '2.14', 'bookmaker_name': '1xBet', 'period': 'FullTime'}, {'odds_over': '1.78', 'odds_under': '2.04', 'bookmaker_name': '888sport', 'period': 'FullTime'}, {'odds_over': '1.70', 'odds_under': '2.05', 'bookmaker_name': 'bwin', 'period': 'FullTime'}, {'odds_over': '1.73', 'odds_under': '2.20', 'bookmaker_name': 'Dafabet', 'period': 'FullTime'}, {'odds_over': '1.72', 'odds_under': '2.17', 'bookmaker_name': 'Pinnacle', 'period': 'FullTime'}, {'odds_over': '1.78(399)', 'odds_under': '2.26(546)', 'bookmaker_name': 'Unknown', 'period': 'FullTime'}, {'odds_over': '1.78(399)', 'odds_under': '2.26(546)', 'bookmaker_name': 'Unknown', 'period': 'FullTime'}, {'odds_over': '1.78(399)', 'odds_under': '2.26(546)', 'bookmaker_name': 'Unknown', 'period': 'FullTime'}]",https://www.oddsportal.com/football/norway/eliteserien-2020/stabaek-brann-CIMVVeht/
2025-08-30 18:20:28 UTC,2020-08-22 18:30:00 UTC,Mjondalen,Rosenborg,Eliteserien 2020,0,2,"0:2, 0:0",Consto Arena,Mjndalen,Norway,"[{'odds_over': '1.70', 'odds_under': '2.10', 'bookmaker_name': '1xBet', 'period': 'FullTime'}, {'odds_over': '1.71', 'odds_under': '2.15', 'bookmaker_name': '888sport', 'period': 'FullTime'}, {'odds_over': '1.72', 'odds_under': '2.00', 'bookmaker_name': 'bwin', 'period': 'FullTime'}, {'odds_over': '1.81', 'odds_under': '2.09', 'bookmaker_name': 'Dafabet', 'period': 'FullTime'}, {'odds_over': '1.75', 'odds_under': '2.13', 'bookmaker_name': 'Pinnacle', 'period': 'FullTime'}, {'odds_over': '1.79(11)', 'odds_under': '2.16(703)', 'bookmaker_name': 'Unknown', 'period': 'FullTime'}, {'odds_over': '1.79(11)', 'odds_under': '2.16(703)', 'bookmaker_name': 'Unknown', 'period': 'FullTime'}, {'odds_over': '1.79(11)', 'odds_under': '2.16(703)', 'bookmaker_name': 'Unknown', 'period': 'FullTime'}]",https://www.oddsportal.com/football/norway/eliteserien-2020/mjondalen-rosenborg-hKdb3fuH/
2025-08-30 18:21:26 UTC,2020-08-22 16:00:00 UTC,Aalesund,Haugesund,Eliteserien 2020,1,3,"1:2, 0:1",Color Line Stadion,lesund,Norway,,https://www.oddsportal.com/football/norway/eliteserien-2020/aalesund-haugesund-GpWHgPAa/
2025-08-30 18:21:14 UTC,2020-08-22 16:00:00 UTC,Bodo/Glimt,Start,Eliteserien 2020,6,0,"2:0, 4:0",Aspmyra Stadion,Bod,Norway,,https://www.oddsportal.com/football/norway/eliteserien-2020/bodo-glimt-start-4474YKwb/
2025-08-30 18:22:58 UTC,2020-08-22 16:00:00 UTC,Kristiansund,Sarpsborg 08,Eliteserien 2020,4,1,"0:0, 4:1",Kristiansund Stadion,Kristiansund,Norway,"[{'odds_over': '1.61', 'odds_under': '2.35', 'bookmaker_name': '1xBet', 'period': 'FullTime'}, {'odds_over': '1.60', 'odds_under': '2.35', 'bookmaker_name': '888sport', 'period': 'FullTime'}, {'odds_over': '1.60', 'odds_under': '2.20', 'bookmaker_name': 'bwin', 'period': 'FullTime'}, {'odds_over': '1.64', 'odds_under': '2.35', 'bookmaker_name': 'Dafabet', 'period': 'FullTime'}, {'odds_over': '1.65', 'odds_under': '2.30', 'bookmaker_name': 'Pinnacle', 'period': 'FullTime'}, {'odds_over': '1.69(48)', 'odds_under': '2.38(77)', 'bookmaker_name': 'Unknown', 'period': 'FullTime'}, {'odds_over': '1.69(48)', 'odds_under': '2.38(77)', 'bookmaker_name': 'Unknown', 'period': 'FullTime'}, {'odds_over': '1.69(48)', 'odds_under': '2.38(77)', 'bookmaker_name': 'Unknown', 'period': 'FullTime'}]",https://www.oddsportal.com/football/norway/eliteserien-2020/kristiansund-sarpsborg-08-Mir0bxY0/
2025-08-30 18:22:55 UTC,2020-08-22 16:00:00 UTC,Stromsgodset,Viking,Eliteserien 2020,0,2,"0:0, 0:2",Marienlyst Stadion,Drammen,Norway,"[{'odds_over': '1.33', 'odds_under': '3.20', 'bookmaker_name': '1xBet', 'period': 'FullTime'}, {'odds_over': '1.34', 'odds_under': '3.30', 'bookmaker_name': '888sport', 'period': 'FullTime'}, {'odds_over': '1.36', 'odds_under': '2.90', 'bookmaker_name': 'bwin', 'period': 'FullTime'}, {'odds_over': '1.33', 'odds_under': '3.37', 'bookmaker_name': 'Pinnacle', 'period': 'FullTime'}, {'odds_over': '1.37(634)', 'odds_under': '3.55(482)', 'bookmaker_name': 'Unknown', 'period': 'FullTime'}, {'odds_over': '1.37(634)', 'odds_under': '3.55(482)', 'bookmaker_name': 'Unknown', 'period': 'FullTime'}, {'odds_over': '1.37(634)', 'odds_under': '3.55(482)', 'bookmaker_name': 'Unknown', 'period': 'FullTime'}]",https://www.oddsportal.com/football/norway/eliteserien-2020/stromsgodset-viking-0Ewz2m3J/
2025-08-30 18:24:04 UTC,2020-08-22 16:00:00 UTC,Valerenga,Sandefjord,Eliteserien 2020,2,1,"0:1, 2:0",Intility Arena,Oslo,Norway,,https://www.oddsportal.com/football/norway/eliteserien-2020/valerenga-sandefjord-C24WCMU3/
2025-08-30 18:25:03 UTC,2020-08-17 18:30:00 UTC,Start,Valerenga,Eliteserien 2020,2,1,"1:0, 1:1",Sparebanken Sør Arena,Kristiansand,Norway,,https://www.oddsportal.com/football/norway/eliteserien-2020/start-valerenga-bHROkjT7/
2025-08-30 18:25:13 UTC,2020-08-16 18:30:00 UTC,Rosenborg,Aalesund,Eliteserien 2020,3,2,"3:1, 0:1",Lerkendal Stadion,Trondheim,Norway,,https://www.oddsportal.com/football/norway/eliteserien-2020/rosenborg-aalesund-rk9VR4cM/
2025-08-30 18:26:13 UTC,2020-08-16 16:00:00 UTC,Brann,Mjondalen,Eliteserien 2020,0,1,"0:0, 0:1",Brann Stadion,Bergen,Norway,"[{'odds_over': '1.66', 'odds_under': '2.22', 'bookmaker_name': '1xBet', 'period': 'FullTime'}, {'odds_over': '1.67', 'odds_under': '2.20', 'bookmaker_name': '888sport', 'period': 'FullTime'}, {'odds_over': '1.62', 'odds_under': '2.15', 'bookmaker_name': 'bwin', 'period': 'FullTime'}, {'odds_over': '1.70', 'odds_under': '2.25', 'bookmaker_name': 'Dafabet', 'period': 'FullTime'}, {'odds_over': '1.69', 'odds_under': '2.22', 'bookmaker_name': 'Pinnacle', 'period': 'FullTime'}, {'odds_over': '1.71(24)', 'odds_under': '2.36(357)', 'bookmaker_name': 'Unknown', 'period': 'FullTime'}, {'odds_over': '1.71(24)', 'odds_under': '2.36(357)', 'bookmaker_name': 'Unknown', 'period': 'FullTime'}, {'odds_over': '1.71(24)', 'odds_under': '2.36(357)', 'bookmaker_name': 'Unknown', 'period': 'FullTime'}]",https://www.oddsportal.com/football/norway/eliteserien-2020/brann-mjondalen-2kYFiCbe/
2025-08-30 18:27:17 UTC,2020-08-16 16:00:00 UTC,Haugesund,Stromsgodset,Eliteserien 2020,2,3,"0:1, 2:2",Haugesund Stadion,Haugesund,Norway,"[{'odds_over': '1.84', 'odds_under': '1.98', 'bookmaker_name': '1xBet', 'period': 'FullTime'}, {'odds_over': '1.81', 'odds_under': '2.00', 'bookmaker_name': '888sport', 'period': 'FullTime'}, {'odds_over': '1.75', 'odds_under': '1.95', 'bookmaker_name': 'bwin', 'period': 'FullTime'}, {'odds_over': '1.90', 'odds_under': '2.00', 'bookmaker_name': 'Dafabet', 'period': 'FullTime'}, {'odds_over': '1.81', 'odds_under': '2.06', 'bookmaker_name': 'Pinnacle', 'period': 'FullTime'}, {'odds_over': '1.91(160)', 'odds_under': '2.08(29)', 'bookmaker_name': 'Unknown', 'period': 'FullTime'}, {'odds_over': '1.91(160)', 'odds_under': '2.08(29)', 'bookmaker_name': 'Unknown', 'period': 'FullTime'}, {'odds_over': '1.91(160)', 'odds_under': '2.08(29)', 'bookmaker_name': 'Unknown', 'period': 'FullTime'}]",https://www.oddsportal.com/football/norway/eliteserien-2020/haugesund-stromsgodset-lOHfQiMH/
2025-08-30 18:27:39 UTC,2020-08-16 16:00:00 UTC,Odd,Kristiansund,Eliteserien 2020,2,1,"2:1, 0:0",Skagerak Arena,Skien,Norway,"[{'odds_over': '1.64', 'odds_under': '2.29', 'bookmaker_name': '1xBet', 'period': 'FullTime'}, {'odds_over': '1.62', 'odds_under': '2.30', 'bookmaker_name': '888sport', 'period': 'FullTime'}, {'odds_over': '1.60', 'odds_under': '2.20', 'bookmaker_name': 'bwin', 'period': 'FullTime'}, {'odds_over': '1.70', 'odds_under': '2.25', 'bookmaker_name': 'Dafabet', 'period': 'FullTime'}, {'odds_over': '1.68', 'odds_under': '2.25', 'bookmaker_name': 'Pinnacle', 'period': 'FullTime'}, {'odds_over': '1.70(264)', 'odds_under': '2.40(33)', 'bookmaker_name': 'Unknown', 'period': 'FullTime'}, {'odds_over': '1.70(264)', 'odds_under': '2.40(33)', 'bookmaker_name': 'Unknown', 'period': 'FullTime'}, {'odds_over': '1.70(264)', 'odds_under': '2.40(33)', 'bookmaker_name': 'Unknown', 'period': 'FullTime'}]",https://www.oddsportal.com/football/norway/eliteserien-2020/odds-bk-kristiansund-2T8NpJ31/
2025-08-30 18:28:12 UTC,2020-08-16 16:00:00 UTC,Sandefjord,Bodo/Glimt,Eliteserien 2020,1,2,"0:1, 1:1",Jotun Arena,Sandefjord,Norway,,https://www.oddsportal.com/football/norway/eliteserien-2020/sandefjord-bodo-glimt-dIvsIEB7/
2025-08-30 18:29:57 UTC,2020-08-15 14:00:00 UTC,Sarpsborg 08,Molde,Eliteserien 2020,2,1,"1:0, 1:1",Sarpsborg Stadion,Sarpsborg,Norway,,https://www.oddsportal.com/football/norway/eliteserien-2020/sarpsborg-08-molde-CKF6EZ58/
2025-08-30 18:29:24 UTC,2020-08-10 18:30:00 UTC,Molde,Brann,Eliteserien 2020,1,2,"1:1, 0:1",Aker Stadion,Molde,Norway,"[{'odds_over': '1.38', 'odds_under': '2.94', 'bookmaker_name': '1xBet', 'period': 'FullTime'}, {'odds_over': '1.40', 'odds_under': '2.90', 'bookmaker_name': '888sport', 'period': 'FullTime'}, {'odds_over': '1.40', 'odds_under': '2.70', 'bookmaker_name': 'bwin', 'period': 'FullTime'}, {'odds_over': '1.39', 'odds_under': '3.04', 'bookmaker_name': 'Dafabet', 'period': 'FullTime'}, {'odds_over': '1.39', 'odds_under': '3.07', 'bookmaker_name': 'Pinnacle', 'period': 'FullTime'}, {'odds_over': '1.45(15)', 'odds_under': '3.15(151)', 'bookmaker_name': 'Unknown', 'period': 'FullTime'}, {'odds_over': '1.45(15)', 'odds_under': '3.15(151)', 'bookmaker_name': 'Unknown', 'period': 'FullTime'}, {'odds_over': '1.45(15)', 'odds_under': '3.15(151)', 'bookmaker_name': 'Unknown', 'period': 'FullTime'}]",https://www.oddsportal.com/football/norway/eliteserien-2020/molde-brann-nw8JBXkR/
2025-08-30 18:30:28 UTC,2020-08-09 18:30:00 UTC,Rosenborg,Sarpsborg 08,Eliteserien 2020,5,1,"1:1, 4:0",Lerkendal Stadion,Trondheim,Norway,"[{'odds_over': '1.89', 'odds_under': '1.94', 'bookmaker_name': '1xBet', 'period': 'FullTime'}, {'odds_over': '1.91', 'odds_under': '1.90', 'bookmaker_name': '888sport', 'period': 'FullTime'}, {'odds_over': '1.91', 'odds_under': '1.80', 'bookmaker_name': 'bwin', 'period': 'FullTime'}, {'odds_over': '1.88', 'odds_under': '2.02', 'bookmaker_name': 'Dafabet', 'period': 'FullTime'}, {'odds_over': '1.93', 'odds_under': '1.94', 'bookmaker_name': 'Pinnacle', 'period': 'FullTime'}, {'odds_over': '1.98(254)', 'odds_under': '2.00(117)', 'bookmaker_name': 'Unknown', 'period': 'FullTime'}, {'odds_over': '1.98(254)', 'odds_under': '2.00(117)', 'bookmaker_name': 'Unknown', 'period': 'FullTime'}, {'odds_over': '1.98(254)', 'odds_under': '2.00(117)', 'bookmaker_name': 'Unknown', 'period': 'FullTime'}]",https://www.oddsportal.com/football/norway/eliteserien-2020/rosenborg-sarpsborg-08-SO7i7cck/
2025-08-30 18:31:21 UTC,2020-08-09 16:00:00 UTC,Aalesund,Viking,Eliteserien 2020,2,2,"1:2, 1:0",Color Line Stadion,lesund,Norway,,https://www.oddsportal.com/football/norway/eliteserien-2020/aalesund-viking-jg3zCtpA/
2025-08-30 18:32:29 UTC,2020-08-09 16:00:00 UTC,Kristiansund,Start,Eliteserien 2020,3,2,"1:0, 2:2",Kristiansund Stadion,Kristiansund,Norway,,https://www.oddsportal.com/football/norway/eliteserien-2020/kristiansund-start-dpP5dRQt/
2025-08-30 18:32:59 UTC,2020-08-09 16:00:00 UTC,Mjondalen,Haugesund,Eliteserien 2020,1,0,"1:0, 0:0",Consto Arena,Mjndalen,Norway,"[{'odds_over': '2.17', 'odds_under': '1.70', 'bookmaker_name': '1xBet', 'period': 'FullTime'}, {'odds_over': '2.18', 'odds_under': '1.68', 'bookmaker_name': '888sport', 'period': 'FullTime'}, {'odds_over': '2.15', 'odds_under': '1.62', 'bookmaker_name': 'bwin', 'period': 'FullTime'}, {'odds_over': '2.20', 'odds_under': '1.73', 'bookmaker_name': 'Dafabet', 'period': 'FullTime'}, {'odds_over': '2.18', 'odds_under': '1.71', 'bookmaker_name': 'Pinnacle', 'period': 'FullTime'}, {'odds_over': '2.22(1118)', 'odds_under': '1.79(1731)', 'bookmaker_name': 'Unknown', 'period': 'FullTime'}, {'odds_over': '2.22(1118)', 'odds_under': '1.79(1731)', 'bookmaker_name': 'Unknown', 'period': 'FullTime'}, {'odds_over': '2.22(1118)', 'odds_under': '1.79(1731)', 'bookmaker_name': 'Unknown', 'period': 'FullTime'}]",https://www.oddsportal.com/football/norway/eliteserien-2020/mjondalen-haugesund-YeH4bNFA/
2025-08-30 18:34:41 UTC,2020-08-09 16:00:00 UTC,Stromsgodset,Sandefjord,Eliteserien 2020,3,4,"1:2, 2:2",Marienlyst Stadion,Drammen,Norway,,https://www.oddsportal.com/football/norway/eliteserien-2020/stromsgodset-sandefjord-Eipvr2VT/
2025-08-30 18:34:36 UTC,2020-08-08 16:00:00 UTC,Valerenga,Bodo/Glimt,Eliteserien 2020,2,2,"1:2, 1:0",Intility Arena,Oslo,Norway,,https://www.oddsportal.com/football/norway/eliteserien-2020/valerenga-bodo-glimt-hnJV1s4C/
2025-08-30 18:35:53 UTC,2020-08-05 17:00:00 UTC,Molde,Start,Eliteserien 2020,5,0,"1:0, 4:0",Aker Stadion,Molde,Norway,,https://www.oddsportal.com/football/norway/eliteserien-2020/molde-start-pIywdCXj/
2025-08-30 18:36:56 UTC,2020-08-02 18:30:00 UTC,Odd,Rosenborg,Eliteserien 2020,2,1,"1:0, 1:1",Skagerak Arena,Skien,Norway,,https://www.oddsportal.com/football/norway/eliteserien-2020/odds-bk-rosenborg-MuIaZ0Oi/
2025-08-30 18:37:12 UTC,2020-08-02 16:00:00 UTC,Bodo/Glimt,Stromsgodset,Eliteserien 2020,3,2,"2:1, 1:1",Aspmyra Stadion,Bod,Norway,,https://www.oddsportal.com/football/norway/eliteserien-2020/bodo-glimt-stromsgodset-n7Rc5GA4/
2025-08-30 18:38:21 UTC,2020-08-02 16:00:00 UTC,Sarpsborg 08,Aalesund,Eliteserien 2020,4,0,"0:0, 4:0",Sarpsborg Stadion,Sarpsborg,Norway,,https://www.oddsportal.com/football/norway/eliteserien-2020/sarpsborg-08-aalesund-CnG8csVG/
2025-08-30 18:40:45 UTC,2020-08-02 16:00:00 UTC,Haugesund,Stabaek,Eliteserien 2020,3,1,"2:0, 1:1",Haugesund Stadion,Haugesund,Norway,,https://www.oddsportal.com/football/norway/eliteserien-2020/haugesund-stabaek-IeBfYTds/
2025-08-30 18:40:48 UTC,2020-08-01 18:30:00 UTC,Brann,Valerenga,Eliteserien 2020,1,2,"1:1, 0:1",Brann Stadion,Bergen,Norway,,https://www.oddsportal.com/football/norway/eliteserien-2020/brann-valerenga-O4tZJzse/
2025-08-30 18:43:15 UTC,2020-08-01 16:00:00 UTC,Sandefjord,Molde,Eliteserien 2020,2,1,"1:1, 1:0",Jotun Arena,Sandefjord,Norway,,https://www.oddsportal.com/football/norway/eliteserien-2020/sandefjord-molde-8nmK3X9t/
2025-08-30 18:42:39 UTC,2020-07-30 18:30:00 UTC,Rosenborg,Viking,Eliteserien 2020,3,0,"1:0, 2:0",Lerkendal Stadion,Trondheim,Norway,,https://www.oddsportal.com/football/norway/eliteserien-2020/rosenborg-viking-vyLuGXOM/
2025-08-30 18:45:43 UTC,2020-07-29 16:00:00 UTC,Aalesund,Start,Eliteserien 2020,3,2,"1:2, 2:0",Color Line Stadion,lesund,Norway,,https://www.oddsportal.com/football/norway/eliteserien-2020/aalesund-start-WSfZrrGN/
2025-08-30 18:47:31 UTC,2020-07-29 16:00:00 UTC,Sarpsborg 08,Haugesund,Eliteserien 2020,0,0,"0:0, 0:0",Sarpsborg Stadion,Sarpsborg,Norway,,https://www.oddsportal.com/football/norway/eliteserien-2020/sarpsborg-08-haugesund-lAU4G1z3/
2025-08-30 18:47:42 UTC,2020-07-29 16:00:00 UTC,Stromsgodset,Brann,Eliteserien 2020,3,1,"1:0, 2:1",Marienlyst Stadion,Drammen,Norway,,https://www.oddsportal.com/football/norway/eliteserien-2020/stromsgodset-brann-QNsP2iPn/
2025-08-30 18:49:29 UTC,2020-07-26 18:30:00 UTC,Haugesund,Rosenborg,Eliteserien 2020,1,0,"1:0, 0:0",Haugesund Stadion,Haugesund,Norway,,https://www.oddsportal.com/football/norway/eliteserien-2020/haugesund-rosenborg-G0Ku94An/
2025-08-30 18:49:59 UTC,2020-07-26 16:00:00 UTC,Bodo/Glimt,Molde,Eliteserien 2020,3,1,"1:1, 2:0",Aspmyra Stadion,Bod,Norway,"[{'odds_over': '1.33', 'odds_under': '3.20', 'bookmaker_name': '1xBet', 'period': 'FullTime'}, {'odds_over': '1.30', 'odds_under': '3.55', 'bookmaker_name': '888sport', 'period': 'FullTime'}, {'odds_over': '1.34', 'odds_under': '3.00', 'bookmaker_name': 'bwin', 'period': 'FullTime'}, {'odds_over': '1.32', 'odds_under': '3.46', 'bookmaker_name': 'Pinnacle', 'period': 'FullTime'}, {'odds_over': '1.36(273)', 'odds_under': '3.60(124)', 'bookmaker_name': 'Unknown', 'period': 'FullTime'}, {'odds_over': '1.36(273)', 'odds_under': '3.60(124)', 'bookmaker_name': 'Unknown', 'period': 'FullTime'}, {'odds_over': '1.36(273)', 'odds_under': '3.60(124)', 'bookmaker_name': 'Unknown', 'period': 'FullTime'}]",https://www.oddsportal.com/football/norway/eliteserien-2020/bodo-glimt-molde-v1nSq9rR/
2025-08-30 18:51:05 UTC,2020-07-26 16:00:00 UTC,Start,Stabaek,Eliteserien 2020,0,0,"0:0, 0:0",Sparebanken Sør Arena,Kristiansand,Norway,,https://www.oddsportal.com/football/norway/eliteserien-2020/start-stabaek-rkJezs9o/
2025-08-30 18:51:46 UTC,2020-07-26 16:00:00 UTC,Valerenga,Stromsgodset,Eliteserien 2020,2,0,"2:0, 0:0",Intility Arena,Oslo,Norway,"[{'odds_over': '1.74', 'odds_under': '2.34', 'bookmaker_name': '1xBet', 'period': 'FullTime'}, {'odds_over': '1.68', 'odds_under': '2.20', 'bookmaker_name': '888sport', 'period': 'FullTime'}, {'odds_over': '1.65', 'odds_under': '2.10', 'bookmaker_name': 'bwin', 'period': 'FullTime'}, {'odds_over': '1.70', 'odds_under': '2.25', 'bookmaker_name': 'Dafabet', 'period': 'FullTime'}, {'odds_over': '1.66', 'odds_under': '2.27', 'bookmaker_name': 'Pinnacle', 'period': 'FullTime'}, {'odds_over': '1.71(551)', 'odds_under': '2.30(196)', 'bookmaker_name': 'Unknown', 'period': 'FullTime'}, {'odds_over': '1.71(551)', 'odds_under': '2.30(196)', 'bookmaker_name': 'Unknown', 'period': 'FullTime'}, {'odds_over': '1.71(551)', 'odds_under': '2.30(196)', 'bookmaker_name': 'Unknown', 'period': 'FullTime'}]",https://www.oddsportal.com/football/norway/eliteserien-2020/valerenga-stromsgodset-UXFEBcWp/
2025-08-30 18:52:08 UTC,2020-07-26 16:00:00 UTC,Viking,Sarpsborg 08,Eliteserien 2020,3,0,"2:0, 1:0",Lyse Arena,Stavanger,Norway,,https://www.oddsportal.com/football/norway/eliteserien-2020/viking-sarpsborg-08-WWUM33Za/
2025-08-30 18:53:49 UTC,2020-07-25 16:00:00 UTC,Odd,Aalesund,Eliteserien 2020,3,2,"2:2, 1:0",Skagerak Arena,Skien,Norway,"[{'odds_over': '1.76', 'odds_under': '2.30', 'bookmaker_name': '1xBet', 'period': 'FullTime'}, {'odds_over': '1.65', 'odds_under': '2.25', 'bookmaker_name': '888sport', 'period': 'FullTime'}, {'odds_over': '1.65', 'odds_under': '2.10', 'bookmaker_name': 'bwin', 'period': 'FullTime'}, {'odds_over': '1.72', 'odds_under': '2.21', 'bookmaker_name': 'Dafabet', 'period': 'FullTime'}, {'odds_over': '1.70', 'odds_under': '2.21', 'bookmaker_name': 'Pinnacle', 'period': 'FullTime'}, {'odds_over': '1.76(40)', 'odds_under': '2.22(169)', 'bookmaker_name': 'Unknown', 'period': 'FullTime'}, {'odds_over': '1.76(40)', 'odds_under': '2.22(169)', 'bookmaker_name': 'Unknown', 'period': 'FullTime'}, {'odds_over': '1.76(40)', 'odds_under': '2.22(169)', 'bookmaker_name': 'Unknown', 'period': 'FullTime'}]",https://www.oddsportal.com/football/norway/eliteserien-2020/odds-bk-aalesund-QR1FT5BC/
2025-08-30 18:53:34 UTC,2020-07-19 18:30:00 UTC,Brann,Start,Eliteserien 2020,1,1,"1:1, 0:0",Brann Stadion,Bergen,Norway,,https://www.oddsportal.com/football/norway/eliteserien-2020/brann-start-zLDjRX6B/
2025-08-30 18:55:23 UTC,2020-07-19 16:00:00 UTC,Aalesund,Stabaek,Eliteserien 2020,1,3,"1:1, 0:2",Color Line Stadion,lesund,Norway,,https://www.oddsportal.com/football/norway/eliteserien-2020/aalesund-stabaek-SbnvCRRJ/
2025-08-30 18:54:44 UTC,2020-07-19 16:00:00 UTC,Kristiansund,Valerenga,Eliteserien 2020,0,0,"0:0, 0:0",Kristiansund Stadion,Kristiansund,Norway,,https://www.oddsportal.com/football/norway/eliteserien-2020/kristiansund-valerenga-6korBosQ/
2025-08-30 18:56:04 UTC,2020-07-19 16:00:00 UTC,Rosenborg,Sandefjord,Eliteserien 2020,2,1,"1:0, 1:1",Lerkendal Stadion,Trondheim,Norway,,https://www.oddsportal.com/football/norway/eliteserien-2020/rosenborg-sandefjord-KdRI4qKg/
2025-08-30 18:56:50 UTC,2020-07-19 16:00:00 UTC,Sarpsborg 08,Odd,Eliteserien 2020,2,0,"0:0, 2:0",Sarpsborg Stadion,Sarpsborg,Norway,,https://www.oddsportal.com/football/norway/eliteserien-2020/sarpsborg-08-odds-bk-nsd22EfN/
2025-08-30 18:59:16 UTC,2020-07-16 18:30:00 UTC,Start,Rosenborg,Eliteserien 2020,0,0,"0:0, 0:0",Sparebanken Sør Arena,Kristiansand,Norway,,https://www.oddsportal.com/football/norway/eliteserien-2020/start-rosenborg-IRuwJfd1/
2025-08-30 18:58:59 UTC,2020-07-16 16:00:00 UTC,Stabaek,Sarpsborg 08,Eliteserien 2020,1,1,"1:0, 0:1",Nadderud Stadion,Bekkestua,Norway,"[{'odds_over': '2.13', 'odds_under': '1.79', 'bookmaker_name': '1xBet', 'period': 'FullTime'}, {'odds_over': '2.10', 'odds_under': '1.74', 'bookmaker_name': '888sport', 'period': 'FullTime'}, {'odds_over': '2.05', 'odds_under': '1.70', 'bookmaker_name': 'bwin', 'period': 'FullTime'}, {'odds_over': '2.14', 'odds_under': '1.77', 'bookmaker_name': 'Dafabet', 'period': 'FullTime'}, {'odds_over': '2.05', 'odds_under': '1.82', 'bookmaker_name': 'Pinnacle', 'period': 'FullTime'}, {'odds_over': '2.18(19)', 'odds_under': '1.80(86)', 'bookmaker_name': 'Unknown', 'period': 'FullTime'}, {'odds_over': '2.18(19)', 'odds_under': '1.80(86)', 'bookmaker_name': 'Unknown', 'period': 'FullTime'}, {'odds_over': '2.18(19)', 'odds_under': '1.80(86)', 'bookmaker_name': 'Unknown', 'period': 'FullTime'}]",https://www.oddsportal.com/football/norway/eliteserien-2020/stabaek-sarpsborg-08-COTOJFPc/
2025-08-30 19:00:43 UTC,2020-07-15 18:30:00 UTC,Odd,Brann,Eliteserien 2020,1,0,"0:0, 1:0",Skagerak Arena,Skien,Norway,,https://www.oddsportal.com/football/norway/eliteserien-2020/odds-bk-brann-6RxZdhIp/
2025-08-30 19:01:48 UTC,2020-07-15 16:00:00 UTC,Bodo/Glimt,Kristiansund,Eliteserien 2020,2,1,"0:1, 2:0",Aspmyra Stadion,Bod,Norway,,https://www.oddsportal.com/football/norway/eliteserien-2020/bodo-glimt-kristiansund-lQhWwjZJ/
2025-08-30 19:02:13 UTC,2020-07-15 16:00:00 UTC,Molde,Viking,Eliteserien 2020,5,0,"2:0, 3:0",Aker Stadion,Molde,Norway,"[{'odds_over': '1.39', 'odds_under': '3.05', 'bookmaker_name': '1xBet', 'period': 'FullTime'}, {'odds_over': '1.32', 'odds_under': '3.35', 'bookmaker_name': '888sport', 'period': 'FullTime'}, {'odds_over': '1.34', 'odds_under': '3.00', 'bookmaker_name': 'bwin', 'period': 'FullTime'}, {'odds_over': '1.27', 'odds_under': '3.70', 'bookmaker_name': 'Dafabet', 'period': 'FullTime'}, {'odds_over': '1.33', 'odds_under': '3.42', 'bookmaker_name': 'Pinnacle', 'period': 'FullTime'}, {'odds_over': '1.37(41)', 'odds_under': '3.55(117)', 'bookmaker_name': 'Unknown', 'period': 'FullTime'}, {'odds_over': '1.37(41)', 'odds_under': '3.55(117)', 'bookmaker_name': 'Unknown', 'period': 'FullTime'}, {'odds_over': '1.37(41)', 'odds_under': '3.55(117)', 'bookmaker_name': 'Unknown', 'period': 'FullTime'}]",https://www.oddsportal.com/football/norway/eliteserien-2020/molde-viking-zN4lF6dJ/
2025-08-30 19:02:59 UTC,2020-07-15 16:00:00 UTC,Sandefjord,Aalesund,Eliteserien 2020,1,0,"1:0, 0:0",Jotun Arena,Sandefjord,Norway,"[{'odds_over': '1.67', 'odds_under': '2.23', 'bookmaker_name': '1xBet', 'period': 'FullTime'}, {'odds_over': '1.73', 'odds_under': '2.12', 'bookmaker_name': '888sport', 'period': 'FullTime'}, {'odds_over': '1.65', 'odds_under': '2.10', 'bookmaker_name': 'bwin', 'period': 'FullTime'}, {'odds_over': '1.72', 'odds_under': '2.21', 'bookmaker_name': 'Dafabet', 'period': 'FullTime'}, {'odds_over': '1.72', 'odds_under': '2.18', 'bookmaker_name': 'Pinnacle', 'period': 'FullTime'}, {'odds_over': '1.80(261)', 'odds_under': '2.22(24)', 'bookmaker_name': 'Unknown', 'period': 'FullTime'}, {'odds_over': '1.80(261)', 'odds_under': '2.22(24)', 'bookmaker_name': 'Unknown', 'period': 'FullTime'}, {'odds_over': '1.80(261)', 'odds_under': '2.22(24)', 'bookmaker_name': 'Unknown', 'period': 'FullTime'}]",https://www.oddsportal.com/football/norway/eliteserien-2020/sandefjord-aalesund-QNJADgLE/
2025-08-30 19:04:22 UTC,2020-07-15 16:00:00 UTC,Stromsgodset,Mjondalen,Eliteserien 2020,2,1,"0:0, 2:1",Marienlyst Stadion,Drammen,Norway,,https://www.oddsportal.com/football/norway/eliteserien-2020/stromsgodset-mjondalen-WhMLCJZR/
2025-08-30 19:04:20 UTC,2020-07-15 16:00:00 UTC,Valerenga,Haugesund,Eliteserien 2020,1,0,"0:0, 1:0",Intility Arena,Oslo,Norway,,https://www.oddsportal.com/football/norway/eliteserien-2020/valerenga-haugesund-IJy9dG2D/
2025-08-30 19:06:16 UTC,2020-07-12 18:30:00 UTC,Brann,Sandefjord,Eliteserien 2020,3,1,"3:1, 0:0",Brann Stadion,Bergen,Norway,,https://www.oddsportal.com/football/norway/eliteserien-2020/brann-sandefjord-IyiA8Me8/
2025-08-30 19:06:15 UTC,2020-07-12 16:00:00 UTC,Aalesund,Bodo/Glimt,Eliteserien 2020,1,6,"1:3, 0:3",Color Line Stadion,lesund,Norway,,https://www.oddsportal.com/football/norway/eliteserien-2020/aalesund-bodo-glimt-E9HEVnbc/
2025-08-30 19:07:31 UTC,2020-07-12 16:00:00 UTC,Kristiansund,Stabaek,Eliteserien 2020,1,2,"1:1, 0:1",Kristiansund Stadion,Kristiansund,Norway,,https://www.oddsportal.com/football/norway/eliteserien-2020/kristiansund-stabaek-nugNopW4/
2025-08-30 19:07:32 UTC,2020-07-12 16:00:00 UTC,Mjondalen,Valerenga,Eliteserien 2020,0,1,"0:1, 0:0",Consto Arena,Mjndalen,Norway,,https://www.oddsportal.com/football/norway/eliteserien-2020/mjondalen-valerenga-viyhd78U/
2025-08-30 19:09:18 UTC,2020-07-12 16:00:00 UTC,Sarpsborg 08,Start,Eliteserien 2020,1,0,"1:0, 0:0",Sarpsborg Stadion,Sarpsborg,Norway,,https://www.oddsportal.com/football/norway/eliteserien-2020/sarpsborg-08-start-EebdmrkJ/
2025-08-30 19:09:16 UTC,2020-07-12 16:00:00 UTC,Viking,Odd,Eliteserien 2020,1,2,"0:1, 1:1",Lyse Arena,Stavanger,Norway,,https://www.oddsportal.com/football/norway/eliteserien-2020/viking-odds-bk-dfdfRIlL/
2025-08-30 19:11:11 UTC,2020-07-11 18:30:00 UTC,Rosenborg,Stromsgodset,Eliteserien 2020,3,0,"0:0, 3:0",Lerkendal Stadion,Trondheim,Norway,,https://www.oddsportal.com/football/norway/eliteserien-2020/rosenborg-stromsgodset-vyqf5VSf/
2025-08-30 19:11:12 UTC,2020-07-11 16:00:00 UTC,Haugesund,Molde,Eliteserien 2020,0,3,"0:2, 0:1",Haugesund Stadion,Haugesund,Norway,"[{'odds_over': '1.75', 'odds_under': '2.19', 'bookmaker_name': '1xBet', 'period': 'FullTime'}, {'odds_over': '1.68', 'odds_under': '2.18', 'bookmaker_name': '888sport', 'period': 'FullTime'}, {'odds_over': '1.70', 'odds_under': '2.05', 'bookmaker_name': 'bwin', 'period': 'FullTime'}, {'odds_over': '1.73', 'odds_under': '2.20', 'bookmaker_name': 'Dafabet', 'period': 'FullTime'}, {'odds_over': '1.70', 'odds_under': '2.20', 'bookmaker_name': 'Pinnacle', 'period': 'FullTime'}, {'odds_over': '1.75(64)', 'odds_under': '2.26(85)', 'bookmaker_name': 'Unknown', 'period': 'FullTime'}, {'odds_over': '1.75(64)', 'odds_under': '2.26(85)', 'bookmaker_name': 'Unknown', 'period': 'FullTime'}, {'odds_over': '1.75(64)', 'odds_under': '2.26(85)', 'bookmaker_name': 'Unknown', 'period': 'FullTime'}]",https://www.oddsportal.com/football/norway/eliteserien-2020/haugesund-molde-QViRp4oB/
2025-08-30 19:13:03 UTC,2020-07-05 16:00:00 UTC,Molde,Mjondalen,Eliteserien 2020,2,1,"2:0, 0:1",Aker Stadion,Molde,Norway,,https://www.oddsportal.com/football/norway/eliteserien-2020/molde-mjondalen-WlW9eLaT/
2025-08-30 19:14:10 UTC,2020-07-05 16:00:00 UTC,Sandefjord,Sarpsborg 08,Eliteserien 2020,0,3,"0:2, 0:1",Jotun Arena,Sandefjord,Norway,"[{'odds_over': '2.09', 'odds_under': '1.82', 'bookmaker_name': '1xBet', 'period': 'FullTime'}, {'odds_over': '2.05', 'odds_under': '1.78', 'bookmaker_name': '888sport', 'period': 'FullTime'}, {'odds_over': '1.95', 'odds_under': '1.75', 'bookmaker_name': 'bwin', 'period': 'FullTime'}, {'odds_over': '2.12', 'odds_under': '1.79', 'bookmaker_name': 'Dafabet', 'period': 'FullTime'}, {'odds_over': '2.04', 'odds_under': '1.82', 'bookmaker_name': 'Pinnacle', 'period': 'FullTime'}, {'odds_over': '2.10(66)', 'odds_under': '1.86(70)', 'bookmaker_name': 'Unknown', 'period': 'FullTime'}, {'odds_over': '2.10(66)', 'odds_under': '1.86(70)', 'bookmaker_name': 'Unknown', 'period': 'FullTime'}, {'odds_over': '2.10(66)', 'odds_under': '1.86(70)', 'bookmaker_name': 'Unknown', 'period': 'FullTime'}]",https://www.oddsportal.com/football/norway/eliteserien-2020/sandefjord-sarpsborg-08-pKzMhqQ5/
2025-08-30 19:14:12 UTC,2020-07-05 16:00:00 UTC,Stromsgodset,Kristiansund,Eliteserien 2020,2,2,"0:2, 2:0",Marienlyst Stadion,Drammen,Norway,"[{'odds_over': '1.62', 'odds_under': '2.44', 'bookmaker_name': '1xBet', 'period': 'FullTime'}, {'odds_over': '1.60', 'odds_under': '2.35', 'bookmaker_name': '888sport', 'period': 'FullTime'}, {'odds_over': '1.57', 'odds_under': '2.25', 'bookmaker_name': 'bwin', 'period': 'FullTime'}, {'odds_over': '1.57', 'odds_under': '2.49', 'bookmaker_name': 'Dafabet', 'period': 'FullTime'}, {'odds_over': '1.57', 'odds_under': '2.45', 'bookmaker_name': 'Pinnacle', 'period': 'FullTime'}, {'odds_over': '1.63(84)', 'odds_under': '2.48(71)', 'bookmaker_name': 'Unknown', 'period': 'FullTime'}, {'odds_over': '1.63(84)', 'odds_under': '2.48(71)', 'bookmaker_name': 'Unknown', 'period': 'FullTime'}, {'odds_over': '1.63(84)', 'odds_under': '2.48(71)', 'bookmaker_name': 'Unknown', 'period': 'FullTime'}]",https://www.oddsportal.com/football/norway/eliteserien-2020/stromsgodset-kristiansund-YHhuB0aG/
2025-08-30 19:15:26 UTC,2020-07-04 18:30:00 UTC,Valerenga,Aalesund,Eliteserien 2020,2,2,"0:1, 2:1",Intility Arena,Oslo,Norway,"[{'odds_over': '1.60', 'odds_under': '2.25', 'bookmaker_name': '1xBet', 'period': 'FullTime'}, {'odds_over': '1.58', 'odds_under': '2.38', 'bookmaker_name': '888sport', 'period': 'FullTime'}, {'odds_over': '1.57', 'odds_under': '2.25', 'bookmaker_name': 'bwin', 'period': 'FullTime'}, {'odds_over': '1.59', 'odds_under': '2.44', 'bookmaker_name': 'Dafabet', 'period': 'FullTime'}, {'odds_over': '1.54', 'odds_under': '2.53', 'bookmaker_name': 'Pinnacle', 'period': 'FullTime'}, {'odds_over': '1.63(185)', 'odds_under': '2.48(126)', 'bookmaker_name': 'Unknown', 'period': 'FullTime'}, {'odds_over': '1.63(185)', 'odds_under': '2.48(126)', 'bookmaker_name': 'Unknown', 'period': 'FullTime'}, {'odds_over': '1.63(185)', 'odds_under': '2.48(126)', 'bookmaker_name': 'Unknown', 'period': 'FullTime'}]",https://www.oddsportal.com/football/norway/eliteserien-2020/valerenga-aalesund-hO8uzYE2/
2025-08-30 19:15:26 UTC,2020-07-04 16:00:00 UTC,Start,Viking,Eliteserien 2020,1,1,"0:0, 1:1",Sparebanken Sør Arena,Kristiansand,Norway,"[{'odds_over': '1.54', 'odds_under': '2.38', 'bookmaker_name': '1xBet', 'period': 'FullTime'}, {'odds_over': '1.57', 'odds_under': '2.38', 'bookmaker_name': '888sport', 'period': 'FullTime'}, {'odds_over': '1.55', 'odds_under': '2.30', 'bookmaker_name': 'bwin', 'period': 'FullTime'}, {'odds_over': '1.56', 'odds_under': '2.51', 'bookmaker_name': 'Dafabet', 'period': 'FullTime'}, {'odds_over': '1.56', 'odds_under': '2.47', 'bookmaker_name': 'Pinnacle', 'period': 'FullTime'}, {'odds_over': '1.62(76)', 'odds_under': '2.50(130)', 'bookmaker_name': 'Unknown', 'period': 'FullTime'}, {'odds_over': '1.62(76)', 'odds_under': '2.50(130)', 'bookmaker_name': 'Unknown', 'period': 'FullTime'}, {'odds_over': '1.62(76)', 'odds_under': '2.50(130)', 'bookmaker_name': 'Unknown', 'period': 'FullTime'}]",https://www.oddsportal.com/football/norway/eliteserien-2020/start-viking-QRw9uORL/
2025-08-30 19:16:44 UTC,2020-07-02 18:30:00 UTC,Sarpsborg 08,Brann,Eliteserien 2020,0,1,"0:1, 0:0",Sarpsborg Stadion,Sarpsborg,Norway,,https://www.oddsportal.com/football/norway/eliteserien-2020/sarpsborg-08-brann-pMRlDA7k/
2025-08-30 19:16:43 UTC,2020-07-02 16:00:00 UTC,Kristiansund,Molde,Eliteserien 2020,2,2,"0:0, 2:2",Kristiansund Stadion,Kristiansund,Norway,,https://www.oddsportal.com/football/norway/eliteserien-2020/kristiansund-molde-xQV3zxpP/
2025-08-30 19:18:36 UTC,2020-07-01 18:30:00 UTC,Rosenborg,Valerenga,Eliteserien 2020,1,1,"1:0, 0:1",Lerkendal Stadion,Trondheim,Norway,,https://www.oddsportal.com/football/norway/eliteserien-2020/rosenborg-valerenga-I7B8Xvg4/
2025-08-30 19:18:37 UTC,2020-07-01 16:00:00 UTC,Aalesund,Mjondalen,Eliteserien 2020,1,3,"0:2, 1:1",Color Line Stadion,lesund,Norway,,https://www.oddsportal.com/football/norway/eliteserien-2020/aalesund-mjondalen-WMPjLauE/
2025-08-30 19:20:50 UTC,2020-07-01 16:00:00 UTC,Stabaek,Stromsgodset,Eliteserien 2020,2,0,"2:0, 0:0",Nadderud Stadion,Bekkestua,Norway,,https://www.oddsportal.com/football/norway/eliteserien-2020/stabaek-stromsgodset-QVDd0qob/
2025-08-30 19:20:54 UTC,2020-07-01 16:00:00 UTC,Viking,Sandefjord,Eliteserien 2020,2,0,"0:0, 2:0",Lyse Arena,Stavanger,Norway,"[{'odds_over': '1.69', 'odds_under': '2.10', 'bookmaker_name': '1xBet', 'period': 'FullTime'}, {'odds_over': '1.68', 'odds_under': '2.18', 'bookmaker_name': '888sport', 'period': 'FullTime'}, {'odds_over': '1.70', 'odds_under': '2.05', 'bookmaker_name': 'bwin', 'period': 'FullTime'}, {'odds_over': '1.72', 'odds_under': '2.21', 'bookmaker_name': 'Dafabet', 'period': 'FullTime'}, {'odds_over': '1.67', 'odds_under': '2.29', 'bookmaker_name': 'Pinnacle', 'period': 'FullTime'}, {'odds_over': '1.71(15)', 'odds_under': '2.34(79)', 'bookmaker_name': 'Unknown', 'period': 'FullTime'}, {'odds_over': '1.71(15)', 'odds_under': '2.34(79)', 'bookmaker_name': 'Unknown', 'period': 'FullTime'}, {'odds_over': '1.71(15)', 'odds_under': '2.34(79)', 'bookmaker_name': 'Unknown', 'period': 'FullTime'}]",https://www.oddsportal.com/football/norway/eliteserien-2020/viking-sandefjord-Yi5NRqtP/
2025-08-30 19:22:36 UTC,2020-06-28 18:30:00 UTC,Brann,Rosenborg,Eliteserien 2020,1,2,"1:1, 0:1",Brann Stadion,Bergen,Norway,"[{'odds_over': '1.97', 'odds_under': '1.83', 'bookmaker_name': '1xBet', 'period': 'FullTime'}, {'odds_over': '2.02', 'odds_under': '1.79', 'bookmaker_name': '888sport', 'period': 'FullTime'}, {'odds_over': '1.87', 'odds_under': '1.83', 'bookmaker_name': 'bwin', 'period': 'FullTime'}, {'odds_over': '2.02', 'odds_under': '1.88', 'bookmaker_name': 'Dafabet', 'period': 'FullTime'}, {'odds_over': '1.95', 'odds_under': '1.91', 'bookmaker_name': 'Pinnacle', 'period': 'FullTime'}, {'odds_over': '2.06(62)', 'odds_under': '1.91(29)', 'bookmaker_name': 'Unknown', 'period': 'FullTime'}, {'odds_over': '2.06(62)', 'odds_under': '1.91(29)', 'bookmaker_name': 'Unknown', 'period': 'FullTime'}, {'odds_over': '2.06(62)', 'odds_under': '1.91(29)', 'bookmaker_name': 'Unknown', 'period': 'FullTime'}]",https://www.oddsportal.com/football/norway/eliteserien-2020/brann-rosenborg-4Ck0spc9/
2025-08-30 19:22:14 UTC,2020-06-28 16:00:00 UTC,Bodo/Glimt,Sarpsborg 08,Eliteserien 2020,2,1,"1:0, 1:1",Aspmyra Stadion,Bod,Norway,,https://www.oddsportal.com/football/norway/eliteserien-2020/bodo-glimt-sarpsborg-08-lUIyiu8p/
2025-08-30 19:23:37 UTC,2020-06-28 16:00:00 UTC,Mjondalen,Kristiansund,Eliteserien 2020,1,2,"0:0, 1:2",Consto Arena,Mjndalen,Norway,"[{'odds_over': '1.95', 'odds_under': '1.95', 'bookmaker_name': '1xBet', 'period': 'FullTime'}, {'odds_over': '1.89', 'odds_under': '1.92', 'bookmaker_name': '888sport', 'period': 'FullTime'}, {'odds_over': '1.95', 'odds_under': '1.75', 'bookmaker_name': 'bwin', 'period': 'FullTime'}, {'odds_over': '1.87', 'odds_under': '2.03', 'bookmaker_name': 'Dafabet', 'period': 'FullTime'}, {'odds_over': '1.85', 'odds_under': '2.01', 'bookmaker_name': 'Pinnacle', 'period': 'FullTime'}, {'odds_over': '1.92(64)', 'odds_under': '2.04(38)', 'bookmaker_name': 'Unknown', 'period': 'FullTime'}, {'odds_over': '1.92(64)', 'odds_under': '2.04(38)', 'bookmaker_name': 'Unknown', 'period': 'FullTime'}, {'odds_over': '1.92(64)', 'odds_under': '2.04(38)', 'bookmaker_name': 'Unknown', 'period': 'FullTime'}]",https://www.oddsportal.com/football/norway/eliteserien-2020/mjondalen-kristiansund-AJV0HsLd/
2025-08-30 19:23:52 UTC,2020-06-28 16:00:00 UTC,Molde,Stabaek,Eliteserien 2020,4,1,"1:0, 3:1",Aker Stadion,Molde,Norway,"[{'odds_over': '1.62', 'odds_under': '2.38', 'bookmaker_name': '1xBet', 'period': 'FullTime'}, {'odds_over': '1.56', 'odds_under': '2.43', 'bookmaker_name': '888sport', 'period': 'FullTime'}, {'odds_over': '1.50', 'odds_under': '2.40', 'bookmaker_name': 'bwin', 'period': 'FullTime'}, {'odds_over': '1.64', 'odds_under': '2.35', 'bookmaker_name': 'Dafabet', 'period': 'FullTime'}, {'odds_over': '1.63', 'odds_under': '2.37', 'bookmaker_name': 'Pinnacle', 'period': 'FullTime'}, {'odds_over': '1.64(379)', 'odds_under': '2.42(96)', 'bookmaker_name': 'Unknown', 'period': 'FullTime'}, {'odds_over': '1.64(379)', 'odds_under': '2.42(96)', 'bookmaker_name': 'Unknown', 'period': 'FullTime'}, {'odds_over': '1.64(379)', 'odds_under': '2.42(96)', 'bookmaker_name': 'Unknown', 'period': 'FullTime'}]",https://www.oddsportal.com/football/norway/eliteserien-2020/molde-stabaek-869Joale/
2025-08-30 19:24:58 UTC,2020-06-28 16:00:00 UTC,Sandefjord,Haugesund,Eliteserien 2020,0,1,"0:1, 0:0",Jotun Arena,Sandefjord,Norway,"[{'odds_over': '2.00', 'odds_under': '1.90', 'bookmaker_name': '1xBet', 'period': 'FullTime'}, {'odds_over': '1.90', 'odds_under': '1.90', 'bookmaker_name': '888sport', 'period': 'FullTime'}, {'odds_over': '1.85', 'odds_under': '1.85', 'bookmaker_name': 'bwin', 'period': 'FullTime'}, {'odds_over': '2.00', 'odds_under': '1.90', 'bookmaker_name': 'Dafabet', 'period': 'FullTime'}, {'odds_over': '1.98', 'odds_under': '1.88', 'bookmaker_name': 'Pinnacle', 'period': 'FullTime'}, {'odds_over': '2.02(136)', 'odds_under': '1.96(73)', 'bookmaker_name': 'Unknown', 'period': 'FullTime'}, {'odds_over': '2.02(136)', 'odds_under': '1.96(73)', 'bookmaker_name': 'Unknown', 'period': 'FullTime'}, {'odds_over': '2.02(136)', 'odds_under': '1.96(73)', 'bookmaker_name': 'Unknown', 'period': 'FullTime'}]",https://www.oddsportal.com/football/norway/eliteserien-2020/sandefjord-haugesund-jJUdBlx2/
2025-08-30 19:25:26 UTC,2020-06-28 16:00:00 UTC,Stromsgodset,Aalesund,Eliteserien 2020,1,1,"0:1, 1:0",Marienlyst Stadion,Drammen,Norway,,https://www.oddsportal.com/football/norway/eliteserien-2020/stromsgodset-aalesund-MLNZ01JI/
2025-08-30 19:25:52 UTC,2020-06-27 18:30:00 UTC,Valerenga,Viking,Eliteserien 2020,2,1,"1:0, 1:1",Ullevaal Stadion,Oslo,Norway,"[{'odds_over': '1.63', 'odds_under': '2.20', 'bookmaker_name': '1xBet', 'period': 'FullTime'}, {'odds_over': '1.66', 'odds_under': '2.23', 'bookmaker_name': '888sport', 'period': 'FullTime'}, {'odds_over': '1.62', 'odds_under': '2.15', 'bookmaker_name': 'bwin', 'period': 'FullTime'}, {'odds_over': '1.68', 'odds_under': '2.28', 'bookmaker_name': 'Dafabet', 'period': 'FullTime'}, {'odds_over': '1.65', 'odds_under': '2.33', 'bookmaker_name': 'Pinnacle', 'period': 'FullTime'}, {'odds_over': '1.74(250)', 'odds_under': '2.32(127)', 'bookmaker_name': 'Unknown', 'period': 'FullTime'}, {'odds_over': '1.74(250)', 'odds_under': '2.32(127)', 'bookmaker_name': 'Unknown', 'period': 'FullTime'}, {'odds_over': '1.74(250)', 'odds_under': '2.32(127)', 'bookmaker_name': 'Unknown', 'period': 'FullTime'}]",https://www.oddsportal.com/football/norway/eliteserien-2020/valerenga-viking-KhiVqO0H/
2025-08-30 19:26:43 UTC,2020-06-27 16:00:00 UTC,Start,Odd,Eliteserien 2020,0,5,"0:2, 0:3",Sparebanken Sør Arena,Kristiansand,Norway,"[{'odds_over': '1.63', 'odds_under': '2.20', 'bookmaker_name': '1xBet', 'period': 'FullTime'}, {'odds_over': '1.67', 'odds_under': '2.20', 'bookmaker_name': '888sport', 'period': 'FullTime'}, {'odds_over': '1.65', 'odds_under': '2.10', 'bookmaker_name': 'bwin', 'period': 'FullTime'}, {'odds_over': '1.72', 'odds_under': '2.21', 'bookmaker_name': 'Dafabet', 'period': 'FullTime'}, {'odds_over': '1.66', 'odds_under': '2.30', 'bookmaker_name': 'Pinnacle', 'period': 'FullTime'}, {'odds_over': '1.72(228)', 'odds_under': '2.36(35)', 'bookmaker_name': 'Unknown', 'period': 'FullTime'}, {'odds_over': '1.72(228)', 'odds_under': '2.36(35)', 'bookmaker_name': 'Unknown', 'period': 'FullTime'}, {'odds_over': '1.72(228)', 'odds_under': '2.36(35)', 'bookmaker_name': 'Unknown', 'period': 'FullTime'}]",https://www.oddsportal.com/football/norway/eliteserien-2020/start-odds-bk-6o5K8kHd/
2025-08-30 19:27:05 UTC,2020-06-25 18:30:00 UTC,Rosenborg,Bodo/Glimt,Eliteserien 2020,2,3,"0:1, 2:2",Lerkendal Stadion,Trondheim,Norway,"[{'odds_over': '1.56', 'odds_under': '2.34', 'bookmaker_name': '1xBet', 'period': 'FullTime'}, {'odds_over': '1.67', 'odds_under': '2.20', 'bookmaker_name': '888sport', 'period': 'FullTime'}, {'odds_over': '1.62', 'odds_under': '2.15', 'bookmaker_name': 'bwin', 'period': 'FullTime'}, {'odds_over': '1.67', 'odds_under': '2.29', 'bookmaker_name': 'Dafabet', 'period': 'FullTime'}, {'odds_over': '1.64', 'odds_under': '2.35', 'bookmaker_name': 'Pinnacle', 'period': 'FullTime'}, {'odds_over': '1.71(233)', 'odds_under': '2.38(23)', 'bookmaker_name': 'Unknown', 'period': 'FullTime'}, {'odds_over': '1.71(233)', 'odds_under': '2.38(23)', 'bookmaker_name': 'Unknown', 'period': 'FullTime'}, {'odds_over': '1.71(233)', 'odds_under': '2.38(23)', 'bookmaker_name': 'Unknown', 'period': 'FullTime'}]",https://www.oddsportal.com/football/norway/eliteserien-2020/rosenborg-bodo-glimt-f16JSPQI/
2025-08-30 19:27:53 UTC,2020-06-25 16:00:00 UTC,Sarpsborg 08,Stromsgodset,Eliteserien 2020,2,3,"0:2, 2:1",Sarpsborg Stadion,Sarpsborg,Norway,,https://www.oddsportal.com/football/norway/eliteserien-2020/sarpsborg-08-stromsgodset-WhvfuTjr/
2025-08-30 19:28:24 UTC,2020-06-24 18:30:00 UTC,Odd,Valerenga,Eliteserien 2020,4,1,"1:1, 3:0",Skagerak Arena,Skien,Norway,,https://www.oddsportal.com/football/norway/eliteserien-2020/odds-bk-valerenga-t0ThQW4K/
2025-08-30 19:29:49 UTC,2020-06-24 16:00:00 UTC,Aalesund,Brann,Eliteserien 2020,2,2,"1:0, 1:2",Color Line Stadion,lesund,Norway,,https://www.oddsportal.com/football/norway/eliteserien-2020/aalesund-brann-xfkrUK42/
2025-08-30 19:29:33 UTC,2020-06-24 16:00:00 UTC,Haugesund,Kristiansund,Eliteserien 2020,2,2,"0:1, 2:1",Haugesund Stadion,Haugesund,Norway,,https://www.oddsportal.com/football/norway/eliteserien-2020/haugesund-kristiansund-SOTnGwOT/
2025-08-30 19:30:53 UTC,2020-06-24 16:00:00 UTC,Stabaek,Sandefjord,Eliteserien 2020,2,0,"1:0, 1:0",Nadderud Stadion,Bekkestua,Norway,,https://www.oddsportal.com/football/norway/eliteserien-2020/stabaek-sandefjord-ddk6L2zj/
2025-08-30 19:32:14 UTC,2020-06-24 16:00:00 UTC,Viking,Mjondalen,Eliteserien 2020,1,1,"1:1, 0:0",Lyse Arena,Stavanger,Norway,,https://www.oddsportal.com/football/norway/eliteserien-2020/viking-mjondalen-0Q3zROCS/
2025-08-30 19:32:20 UTC,2020-06-21 18:30:00 UTC,Brann,Viking,Eliteserien 2020,3,0,"0:0, 3:0",Brann Stadion,Bergen,Norway,,https://www.oddsportal.com/football/norway/eliteserien-2020/brann-viking-hM7yh6zl/
2025-08-30 19:33:51 UTC,2020-06-21 16:00:00 UTC,Kristiansund,Aalesund,Eliteserien 2020,7,2,"3:2, 4:0",Kristiansund Stadion,Kristiansund,Norway,"[{'odds_over': '2.04', 'odds_under': '1.86', 'bookmaker_name': '1xBet', 'period': 'FullTime'}, {'odds_over': '2.02', 'odds_under': '1.79', 'bookmaker_name': '888sport', 'period': 'FullTime'}, {'odds_over': '1.87', 'odds_under': '1.83', 'bookmaker_name': 'bwin', 'period': 'FullTime'}, {'odds_over': '2.08', 'odds_under': '1.82', 'bookmaker_name': 'Dafabet', 'period': 'FullTime'}, {'odds_over': '2.05', 'odds_under': '1.83', 'bookmaker_name': 'Pinnacle', 'period': 'FullTime'}, {'odds_over': '2.12(191)', 'odds_under': '1.88(33)', 'bookmaker_name': 'Unknown', 'period': 'FullTime'}, {'odds_over': '2.12(191)', 'odds_under': '1.88(33)', 'bookmaker_name': 'Unknown', 'period': 'FullTime'}, {'odds_over': '2.12(191)', 'odds_under': '1.88(33)', 'bookmaker_name': 'Unknown', 'period': 'FullTime'}]",https://www.oddsportal.com/football/norway/eliteserien-2020/kristiansund-aalesund-8GSg6deb/
2025-08-30 19:34:24 UTC,2020-06-21 16:00:00 UTC,Sandefjord,Start,Eliteserien 2020,2,2,"1:2, 1:0",Jotun Arena,Sandefjord,Norway,,https://www.oddsportal.com/football/norway/eliteserien-2020/sandefjord-start-ny3BUod6/
2025-08-30 19:35:27 UTC,2020-06-21 16:00:00 UTC,Stromsgodset,Odd,Eliteserien 2020,1,0,"1:0, 0:0",Marienlyst Stadion,Drammen,Norway,,https://www.oddsportal.com/football/norway/eliteserien-2020/stromsgodset-odds-bk-8n9FCDzL/
2025-08-30 19:36:45 UTC,2020-06-20 18:30:00 UTC,Molde,Rosenborg,Eliteserien 2020,1,0,"0:0, 1:0",Aker Stadion,Molde,Norway,,https://www.oddsportal.com/football/norway/eliteserien-2020/molde-rosenborg-tbEnSDi5/
2025-08-30 19:37:14 UTC,2020-06-20 16:00:00 UTC,Mjondalen,Sarpsborg 08,Eliteserien 2020,1,0,"1:0, 0:0",Consto Arena,Mjndalen,Norway,,https://www.oddsportal.com/football/norway/eliteserien-2020/mjondalen-sarpsborg-08-WdzvIagH/
2025-08-30 19:38:29 UTC,2020-06-17 18:30:00 UTC,Haugesund,Brann,Eliteserien 2020,1,2,"0:0, 1:2",Haugesund Stadion,Haugesund,Norway,,https://www.oddsportal.com/football/norway/eliteserien-2020/haugesund-brann-rTaSD2Fc/
2025-08-30 19:38:50 UTC,2020-06-17 16:00:00 UTC,Start,Stromsgodset,Eliteserien 2020,2,2,"0:1, 2:1",Sparebanken Sør Arena,Kristiansand,Norway,,https://www.oddsportal.com/football/norway/eliteserien-2020/start-stromsgodset-jkkI60QK/
2025-08-30 19:39:46 UTC,2020-06-16 18:30:00 UTC,Sarpsborg 08,Valerenga,Eliteserien 2020,0,1,"0:1, 0:0",Sarpsborg Stadion,Sarpsborg,Norway,,https://www.oddsportal.com/football/norway/eliteserien-2020/sarpsborg-08-valerenga-AZVl1vlr/
2025-08-30 19:40:29 UTC,2020-06-16 16:00:00 UTC,Aalesund,Molde,Eliteserien 2020,1,4,"1:2, 0:2",Color Line Stadion,lesund,Norway,"[{'odds_over': '1.63', 'odds_under': '2.20', 'bookmaker_name': '1xBet', 'period': 'FullTime'}, {'odds_over': '1.68', 'odds_under': '2.18', 'bookmaker_name': '888sport', 'period': 'FullTime'}, {'odds_over': '1.62', 'odds_under': '2.15', 'bookmaker_name': 'bwin', 'period': 'FullTime'}, {'odds_over': '1.68', 'odds_under': '2.28', 'bookmaker_name': 'Dafabet', 'period': 'FullTime'}, {'odds_over': '1.70', 'odds_under': '2.25', 'bookmaker_name': 'Pinnacle', 'period': 'FullTime'}, {'odds_over': '1.74(306)', 'odds_under': '2.30(62)', 'bookmaker_name': 'Unknown', 'period': 'FullTime'}, {'odds_over': '1.74(306)', 'odds_under': '2.30(62)', 'bookmaker_name': 'Unknown', 'period': 'FullTime'}, {'odds_over': '1.74(306)', 'odds_under': '2.30(62)', 'bookmaker_name': 'Unknown', 'period': 'FullTime'}]",https://www.oddsportal.com/football/norway/eliteserien-2020/aalesund-molde-CbUrh1BR/
2025-08-30 19:41:49 UTC,2020-06-16 16:00:00 UTC,Rosenborg,Kristiansund,Eliteserien 2020,0,0,"0:0, 0:0",Lerkendal Stadion,Trondheim,Norway,,https://www.oddsportal.com/football/norway/eliteserien-2020/rosenborg-kristiansund-pGpAyoj7/
2025-08-30 19:41:54 UTC,2020-06-16 16:00:00 UTC,Stabaek,Mjondalen,Eliteserien 2020,0,0,"0:0, 0:0",Nadderud Stadion,Bekkestua,Norway,,https://www.oddsportal.com/football/norway/eliteserien-2020/stabaek-mjondalen-WdE82KgU/
2025-08-30 19:43:42 UTC,2020-06-16 16:00:00 UTC,Viking,Bodo/Glimt,Eliteserien 2020,2,4,"2:1, 0:3",Lyse Arena,Stavanger,Norway,,https://www.oddsportal.com/football/norway/eliteserien-2020/viking-bodo-glimt-AcIWhnLs/
