scraped_date,match_date,home_team,away_team,league_name,home_score,away_score,partial_results,venue,venue_town,venue_country,over_under_3_5_market
2025-08-16 13:09:18 UTC,2025-01-14 17:30:00 UTC,Como,AC Milan,Serie A 2024/2025,1,2,"0:0, 1:2",Stadio Giuseppe Sinigaglia,Como,Italy,"[{'odds_over': '2.80', 'odds_under': '1.36', 'bookmaker_name': 'Betclic.pl', 'period': 'FullTime'}, {'odds_over': '2.85', 'odds_under': '1.39', 'bookmaker_name': 'BETFAN', 'period': 'FullTime'}, {'odds_over': '2.99', 'odds_under': '1.40', 'bookmaker_name': 'eFortuna.pl', 'period': 'FullTime'}, {'odds_over': '2.95', 'odds_under': '1.35', 'bookmaker_name': 'Fuksiarz.pl', 'period': 'FullTime'}, {'odds_over': '3.00', 'odds_under': '1.40', 'bookmaker_name': 'STS.pl', 'period': 'FullTime'}, {'odds_over': '3.00', 'odds_under': '1.40', 'bookmaker_name': 'Superbet.pl', 'period': 'FullTime'}]"
2025-08-16 13:09:18 UTC,2025-01-25 14:00:00 UTC,Como,Atalanta,Serie A 2024/2025,1,2,"1:0, 0:2",Stadio Giuseppe Sinigaglia,Como,Italy,"[{'odds_over': '2.70', 'odds_under': '1.38', 'bookmaker_name': 'Betclic.pl', 'period': 'FullTime'}, {'odds_over': '2.74', 'odds_under': '1.42', 'bookmaker_name': 'BETFAN', 'period': 'FullTime'}, {'odds_over': '2.94', 'odds_under': '1.41', 'bookmaker_name': 'eFortuna.pl', 'period': 'FullTime'}, {'odds_over': '2.75', 'odds_under': '1.40', 'bookmaker_name': 'Fuksiarz.pl', 'period': 'FullTime'}, {'odds_over': '2.75', 'odds_under': '1.45', 'bookmaker_name': 'LV BET', 'period': 'FullTime'}, {'odds_over': '2.90', 'odds_under': '1.42', 'bookmaker_name': 'STS.pl', 'period': 'FullTime'}, {'odds_over': '2.90', 'odds_under': '1.42', 'bookmaker_name': 'Superbet.pl', 'period': 'FullTime'}]"
2025-08-16 13:09:41 UTC,2025-02-06 19:45:00 UTC,Fiorentina,Inter,Serie A 2024/2025,3,0,"0:0, 3:0",Stadio Artemio Franchi,Florence,Italy,"[{'odds_over': '2.60', 'odds_under': '1.42', 'bookmaker_name': 'Betclic.pl', 'period': 'FullTime'}, {'odds_over': '3.75', 'odds_under': '1.23', 'bookmaker_name': 'BETFAN', 'period': 'FullTime'}, {'odds_over': '4.10', 'odds_under': '1.19', 'bookmaker_name': 'eFortuna.pl', 'period': 'FullTime'}, {'odds_over': '3.05', 'odds_under': '1.33', 'bookmaker_name': 'Fuksiarz.pl', 'period': 'FullTime'}, {'odds_over': '4.05', 'odds_under': '1.25', 'bookmaker_name': 'LV BET', 'period': 'FullTime'}, {'odds_over': '3.90', 'odds_under': '1.25', 'bookmaker_name': 'STS.pl', 'period': 'FullTime'}, {'odds_over': '3.90', 'odds_under': '1.26', 'bookmaker_name': 'Superbet.pl', 'period': 'FullTime'}]"
2025-08-16 13:09:42 UTC,2024-08-25 18:45:00 UTC,Napoli,Bologna,Serie A 2024/2025,3,0,"1:0, 2:0",Stadio Diego Armando Maradona,Naples,Italy,"[{'odds_over': '3.65', 'odds_under': '1.22', 'bookmaker_name': 'Betclic.pl', 'period': 'FullTime'}, {'odds_over': '3.70', 'odds_under': '1.25', 'bookmaker_name': 'BETFAN', 'period': 'FullTime'}, {'odds_over': '4.05', 'odds_under': '1.24', 'bookmaker_name': 'eFortuna.pl', 'period': 'FullTime'}, {'odds_over': '3.85', 'odds_under': '1.22', 'bookmaker_name': 'Fuksiarz.pl', 'period': 'FullTime'}, {'odds_over': '3.75', 'odds_under': '1.28', 'bookmaker_name': 'LV BET', 'period': 'FullTime'}, {'odds_over': '3.80', 'odds_under': '1.27', 'bookmaker_name': 'STS.pl', 'period': 'FullTime'}, {'odds_over': '3.40', 'odds_under': '1.33', 'bookmaker_name': 'Superbet.pl', 'period': 'FullTime'}]"
2025-08-16 13:10:03 UTC,2025-04-20 18:45:00 UTC,AC Milan,Atalanta,Serie A 2024/2025,0,1,"0:0, 0:1",Stadio Giuseppe Meazza (San Siro),Milan,Italy,"[{'odds_over': '2.26', 'odds_under': '1.55', 'bookmaker_name': 'Betclic.pl', 'period': 'FullTime'}, {'odds_over': '2.27', 'odds_under': '1.59', 'bookmaker_name': 'BETFAN', 'period': 'FullTime'}, {'odds_over': '2.32', 'odds_under': '1.58', 'bookmaker_name': 'eFortuna.pl', 'period': 'FullTime'}, {'odds_over': '2.35', 'odds_under': '1.52', 'bookmaker_name': 'Fuksiarz.pl', 'period': 'FullTime'}, {'odds_over': '2.55', 'odds_under': '1.52', 'bookmaker_name': 'LV BET', 'period': 'FullTime'}, {'odds_over': '2.35', 'odds_under': '1.60', 'bookmaker_name': 'STS.pl', 'period': 'FullTime'}, {'odds_over': '2.37', 'odds_under': '1.59', 'bookmaker_name': 'Superbet.pl', 'period': 'FullTime'}]"
2025-08-16 13:10:04 UTC,2025-01-18 17:00:00 UTC,Juventus,AC Milan,Serie A 2024/2025,2,0,"0:0, 2:0",Allianz Stadium,Turin,Italy,"[{'odds_over': '3.65', 'odds_under': '1.23', 'bookmaker_name': 'Betclic.pl', 'period': 'FullTime'}, {'odds_over': '3.80', 'odds_under': '1.24', 'bookmaker_name': 'BETFAN', 'period': 'FullTime'}, {'odds_over': '4.25', 'odds_under': '1.23', 'bookmaker_name': 'eFortuna.pl', 'period': 'FullTime'}, {'odds_over': '3.85', 'odds_under': '1.22', 'bookmaker_name': 'Fuksiarz.pl', 'period': 'FullTime'}, {'odds_over': '4.05', 'odds_under': '1.25', 'bookmaker_name': 'LV BET', 'period': 'FullTime'}, {'odds_over': '3.90', 'odds_under': '1.26', 'bookmaker_name': 'STS.pl', 'period': 'FullTime'}, {'odds_over': '4.00', 'odds_under': '1.25', 'bookmaker_name': 'Superbet.pl', 'period': 'FullTime'}]"
2025-08-16 13:10:25 UTC,2025-01-18 14:00:00 UTC,Bologna,Monza,Serie A 2024/2025,3,1,"2:1, 1:0",Stadio Renato Dall'Ara,Bologna,Italy,"[{'odds_over': '3.50', 'odds_under': '1.25', 'bookmaker_name': 'Betclic.pl', 'period': 'FullTime'}, {'odds_over': '3.50', 'odds_under': '1.27', 'bookmaker_name': 'BETFAN', 'period': 'FullTime'}, {'odds_over': '3.65', 'odds_under': '1.29', 'bookmaker_name': 'eFortuna.pl', 'period': 'FullTime'}, {'odds_over': '3.50', 'odds_under': '1.26', 'bookmaker_name': 'Fuksiarz.pl', 'period': 'FullTime'}, {'odds_over': '3.55', 'odds_under': '1.30', 'bookmaker_name': 'LV BET', 'period': 'FullTime'}, {'odds_over': '3.75', 'odds_under': '1.27', 'bookmaker_name': 'STS.pl', 'period': 'FullTime'}, {'odds_over': '3.75', 'odds_under': '1.27', 'bookmaker_name': 'Superbet.pl', 'period': 'FullTime'}]"
2025-08-16 13:10:28 UTC,2024-11-24 19:45:00 UTC,Lazio,Bologna,Serie A 2024/2025,3,0,"0:0, 3:0",Stadio Olimpico,Rome,Italy,"[{'odds_over': '3.45', 'odds_under': '1.25', 'bookmaker_name': 'Betclic.pl', 'period': 'FullTime'}, {'odds_over': '3.30', 'odds_under': '1.30', 'bookmaker_name': 'BETFAN', 'period': 'FullTime'}, {'odds_over': '3.45', 'odds_under': '1.31', 'bookmaker_name': 'eFortuna.pl', 'period': 'FullTime'}, {'odds_over': '3.35', 'odds_under': '1.28', 'bookmaker_name': 'Fuksiarz.pl', 'period': 'FullTime'}, {'odds_over': '3.65', 'odds_under': '1.28', 'bookmaker_name': 'LV BET', 'period': 'FullTime'}, {'odds_over': '3.40', 'odds_under': '1.32', 'bookmaker_name': 'STS.pl', 'period': 'FullTime'}, {'odds_over': '3.50', 'odds_under': '1.31', 'bookmaker_name': 'Superbet.pl', 'period': 'FullTime'}]"
2025-08-16 13:10:47 UTC,2024-11-25 19:45:00 UTC,Venezia,Lecce,Serie A 2024/2025,0,1,"0:0, 0:1",Stadio Pierluigi Penzo,Venice,Italy,"[{'odds_over': '3.40', 'odds_under': '1.26', 'bookmaker_name': 'Betclic.pl', 'period': 'FullTime'}, {'odds_over': '3.70', 'odds_under': '1.25', 'bookmaker_name': 'BETFAN', 'period': 'FullTime'}, {'odds_over': '3.90', 'odds_under': '1.25', 'bookmaker_name': 'eFortuna.pl', 'period': 'FullTime'}, {'odds_over': '3.65', 'odds_under': '1.24', 'bookmaker_name': 'Fuksiarz.pl', 'period': 'FullTime'}, {'odds_over': '3.95', 'odds_under': '1.25', 'bookmaker_name': 'LV BET', 'period': 'FullTime'}, {'odds_over': '4.00', 'odds_under': '1.25', 'bookmaker_name': 'STS.pl', 'period': 'FullTime'}, {'odds_over': '3.90', 'odds_under': '1.26', 'bookmaker_name': 'Superbet.pl', 'period': 'FullTime'}]"
2025-08-16 13:10:50 UTC,2024-08-31 18:45:00 UTC,Lazio,AC Milan,Serie A 2024/2025,2,2,"0:1, 2:1",Stadio Olimpico,Rome,Italy,"[{'odds_over': '2.95', 'odds_under': '1.33', 'bookmaker_name': 'Betclic.pl', 'period': 'FullTime'}, {'odds_over': '2.97', 'odds_under': '1.36', 'bookmaker_name': 'BETFAN', 'period': 'FullTime'}, {'odds_over': '3.10', 'odds_under': '1.37', 'bookmaker_name': 'eFortuna.pl', 'period': 'FullTime'}, {'odds_over': '3.05', 'odds_under': '1.33', 'bookmaker_name': 'Fuksiarz.pl', 'period': 'FullTime'}, {'odds_over': '3.10', 'odds_under': '1.38', 'bookmaker_name': 'LV BET', 'period': 'FullTime'}, {'odds_over': '3.10', 'odds_under': '1.37', 'bookmaker_name': 'STS.pl', 'period': 'FullTime'}, {'odds_over': '3.25', 'odds_under': '1.35', 'bookmaker_name': 'Superbet.pl', 'period': 'FullTime'}]"
2025-08-16 13:11:51 UTC,2025-01-25 17:00:00 UTC,Napoli,Juventus,Serie A 2024/2025,2,1,"0:1, 2:0",Stadio Diego Armando Maradona,Naples,Italy,"[{'odds_over': '4.20', 'odds_under': '1.18', 'bookmaker_name': 'Betclic.pl', 'period': 'FullTime'}, {'odds_over': '4.40', 'odds_under': '1.19', 'bookmaker_name': 'BETFAN', 'period': 'FullTime'}, {'odds_over': '4.55', 'odds_under': '1.20', 'bookmaker_name': 'eFortuna.pl', 'period': 'FullTime'}, {'odds_over': '4.45', 'odds_under': '1.17', 'bookmaker_name': 'Fuksiarz.pl', 'period': 'FullTime'}, {'odds_over': '4.65', 'odds_under': '1.18', 'bookmaker_name': 'LV BET', 'period': 'FullTime'}, {'odds_over': '4.60', 'odds_under': '1.20', 'bookmaker_name': 'STS.pl', 'period': 'FullTime'}, {'odds_over': '4.65', 'odds_under': '1.20', 'bookmaker_name': 'Superbet.pl', 'period': 'FullTime'}]"
2025-08-16 13:13:03 UTC,2024-12-30 17:30:00 UTC,Como,Lecce,Serie A 2024/2025,2,0,"0:0, 2:0",Stadio Giuseppe Sinigaglia,Como,Italy,"[{'odds_over': '3.20', 'odds_under': '1.28', 'bookmaker_name': 'Betclic.pl', 'period': 'FullTime'}, {'odds_over': '3.25', 'odds_under': '1.31', 'bookmaker_name': 'BETFAN', 'period': 'FullTime'}, {'odds_over': '3.50', 'odds_under': '1.30', 'bookmaker_name': 'eFortuna.pl', 'period': 'FullTime'}, {'odds_over': '3.35', 'odds_under': '1.28', 'bookmaker_name': 'Fuksiarz.pl', 'period': 'FullTime'}, {'odds_over': '3.40', 'odds_under': '1.32', 'bookmaker_name': 'STS.pl', 'period': 'FullTime'}, {'odds_over': '3.50', 'odds_under': '1.31', 'bookmaker_name': 'Superbet.pl', 'period': 'FullTime'}]"
2025-08-16 13:12:15 UTC,2025-01-04 14:00:00 UTC,Venezia,Empoli,Serie A 2024/2025,1,1,"1:1, 0:0",Stadio Pierluigi Penzo,Venice,Italy,"[{'odds_over': '3.80', 'odds_under': '1.21', 'bookmaker_name': 'Betclic.pl', 'period': 'FullTime'}, {'odds_over': '3.85', 'odds_under': '1.23', 'bookmaker_name': 'BETFAN', 'period': 'FullTime'}, {'odds_over': '4.10', 'odds_under': '1.23', 'bookmaker_name': 'eFortuna.pl', 'period': 'FullTime'}, {'odds_over': '4.05', 'odds_under': '1.20', 'bookmaker_name': 'Fuksiarz.pl', 'period': 'FullTime'}, {'odds_over': '4.10', 'odds_under': '1.24', 'bookmaker_name': 'STS.pl', 'period': 'FullTime'}, {'odds_over': '4.15', 'odds_under': '1.23', 'bookmaker_name': 'Superbet.pl', 'period': 'FullTime'}]"
2025-08-16 13:12:37 UTC,2025-01-26 17:00:00 UTC,Lecce,Inter,Serie A 2024/2025,0,4,"0:2, 0:2",Stadio Via del Mare,Lecce,Italy,"[{'odds_over': '2.65', 'odds_under': '1.40', 'bookmaker_name': 'Betclic.pl', 'period': 'FullTime'}, {'odds_over': '2.66', 'odds_under': '1.44', 'bookmaker_name': 'BETFAN', 'period': 'FullTime'}, {'odds_over': '2.75', 'odds_under': '1.45', 'bookmaker_name': 'eFortuna.pl', 'period': 'FullTime'}, {'odds_over': '2.65', 'odds_under': '1.42', 'bookmaker_name': 'Fuksiarz.pl', 'period': 'FullTime'}, {'odds_over': '2.65', 'odds_under': '1.47', 'bookmaker_name': 'LV BET', 'period': 'FullTime'}, {'odds_over': '2.80', 'odds_under': '1.45', 'bookmaker_name': 'STS.pl', 'period': 'FullTime'}, {'odds_over': '2.80', 'odds_under': '1.44', 'bookmaker_name': 'Superbet.pl', 'period': 'FullTime'}]"
2025-08-16 13:12:59 UTC,2024-08-18 16:30:00 UTC,Bologna,Udinese,Serie A 2024/2025,1,1,"0:0, 1:1",Stadio Renato Dall'Ara,Bologna,Italy,"[{'odds_over': '3.75', 'odds_under': '1.17', 'bookmaker_name': 'Betclic.pl', 'period': 'FullTime'}, {'odds_over': '4.05', 'odds_under': '1.21', 'bookmaker_name': 'BETFAN', 'period': 'FullTime'}, {'odds_over': '4.40', 'odds_under': '1.21', 'bookmaker_name': 'eFortuna.pl', 'period': 'FullTime'}, {'odds_over': '4.05', 'odds_under': '1.20', 'bookmaker_name': 'Fuksiarz.pl', 'period': 'FullTime'}, {'odds_over': '4.40', 'odds_under': '1.20', 'bookmaker_name': 'LV BET', 'period': 'FullTime'}, {'odds_over': '4.30', 'odds_under': '1.22', 'bookmaker_name': 'STS.pl', 'period': 'FullTime'}, {'odds_over': '4.40', 'odds_under': '1.22', 'bookmaker_name': 'Superbet.pl', 'period': 'FullTime'}]"
2025-08-16 13:13:22 UTC,2025-04-23 16:30:00 UTC,Parma,Juventus,Serie A 2024/2025,1,0,"1:0, 0:0",Stadio Ennio Tardini,Parma,Italy,"[{'odds_over': '3.00', 'odds_under': '1.32', 'bookmaker_name': 'Betclic.pl', 'period': 'FullTime'}, {'odds_over': '3.05', 'odds_under': '1.35', 'bookmaker_name': 'BETFAN', 'period': 'FullTime'}, {'odds_over': '3.20', 'odds_under': '1.33', 'bookmaker_name': 'eFortuna.pl', 'period': 'FullTime'}, {'odds_over': '3.20', 'odds_under': '1.30', 'bookmaker_name': 'Fuksiarz.pl', 'period': 'FullTime'}, {'odds_over': '3.30', 'odds_under': '1.33', 'bookmaker_name': 'LV BET', 'period': 'FullTime'}, {'odds_over': '3.40', 'odds_under': '1.32', 'bookmaker_name': 'STS.pl', 'period': 'FullTime'}, {'odds_over': '3.25', 'odds_under': '1.35', 'bookmaker_name': 'Superbet.pl', 'period': 'FullTime'}]"
2025-08-16 13:13:25 UTC,2024-10-20 13:00:00 UTC,Venezia,Atalanta,Serie A 2024/2025,0,2,"0:1, 0:1",Stadio Pierluigi Penzo,Venice,Italy,"[{'odds_over': '2.30', 'odds_under': '1.53', 'bookmaker_name': 'Betclic.pl', 'period': 'FullTime'}, {'odds_over': '2.32', 'odds_under': '1.57', 'bookmaker_name': 'BETFAN', 'period': 'FullTime'}, {'odds_over': '2.41', 'odds_under': '1.56', 'bookmaker_name': 'eFortuna.pl', 'period': 'FullTime'}, {'odds_over': '2.35', 'odds_under': '1.52', 'bookmaker_name': 'Fuksiarz.pl', 'period': 'FullTime'}, {'odds_over': '2.42', 'odds_under': '1.55', 'bookmaker_name': 'LV BET', 'period': 'FullTime'}, {'odds_over': '2.80', 'odds_under': '1.43', 'bookmaker_name': 'STS.pl', 'period': 'FullTime'}, {'odds_over': '2.40', 'odds_under': '1.57', 'bookmaker_name': 'Superbet.pl', 'period': 'FullTime'}]"
2025-08-16 13:13:45 UTC,2025-01-05 19:45:00 UTC,AS Roma,Lazio,Serie A 2024/2025,2,0,"2:0, 0:0",Stadio Olimpico,Rome,Italy,"[{'odds_over': '3.35', 'odds_under': '1.26', 'bookmaker_name': 'Betclic.pl', 'period': 'FullTime'}, {'odds_over': '3.40', 'odds_under': '1.29', 'bookmaker_name': 'BETFAN', 'period': 'FullTime'}, {'odds_over': '3.75', 'odds_under': '1.27', 'bookmaker_name': 'eFortuna.pl', 'period': 'FullTime'}, {'odds_over': '3.40', 'odds_under': '1.27', 'bookmaker_name': 'Fuksiarz.pl', 'period': 'FullTime'}, {'odds_over': '3.40', 'odds_under': '1.32', 'bookmaker_name': 'STS.pl', 'period': 'FullTime'}, {'odds_over': '3.70', 'odds_under': '1.28', 'bookmaker_name': 'Superbet.pl', 'period': 'FullTime'}]"
2025-08-16 13:13:47 UTC,2024-08-31 16:30:00 UTC,Lecce,Cagliari,Serie A 2024/2025,1,0,"1:0, 0:0",Stadio Via del Mare,Lecce,Italy,"[{'odds_over': '3.90', 'odds_under': '1.20', 'bookmaker_name': 'Betclic.pl', 'period': 'FullTime'}, {'odds_over': '3.95', 'odds_under': '1.22', 'bookmaker_name': 'BETFAN', 'period': 'FullTime'}, {'odds_over': '4.35', 'odds_under': '1.22', 'bookmaker_name': 'eFortuna.pl', 'period': 'FullTime'}, {'odds_over': '4.05', 'odds_under': '1.20', 'bookmaker_name': 'Fuksiarz.pl', 'period': 'FullTime'}, {'odds_over': '4.30', 'odds_under': '1.22', 'bookmaker_name': 'LV BET', 'period': 'FullTime'}, {'odds_over': '4.25', 'odds_under': '1.23', 'bookmaker_name': 'STS.pl', 'period': 'FullTime'}, {'odds_over': '4.00', 'odds_under': '1.25', 'bookmaker_name': 'Superbet.pl', 'period': 'FullTime'}]"
2025-08-16 13:14:11 UTC,2025-01-25 19:45:00 UTC,Empoli,Bologna,Serie A 2024/2025,1,1,"1:1, 0:0",Stadio Carlo Castellani,Empoli,Italy,"[{'odds_over': '4.10', 'odds_under': '1.18', 'bookmaker_name': 'Betclic.pl', 'period': 'FullTime'}, {'odds_over': '4.15', 'odds_under': '1.21', 'bookmaker_name': 'BETFAN', 'period': 'FullTime'}, {'odds_over': '4.45', 'odds_under': '1.21', 'bookmaker_name': 'eFortuna.pl', 'period': 'FullTime'}, {'odds_over': '4.30', 'odds_under': '1.18', 'bookmaker_name': 'Fuksiarz.pl', 'period': 'FullTime'}, {'odds_over': '4.55', 'odds_under': '1.20', 'bookmaker_name': 'LV BET', 'period': 'FullTime'}, {'odds_over': '4.50', 'odds_under': '1.20', 'bookmaker_name': 'STS.pl', 'period': 'FullTime'}, {'odds_over': '4.60', 'odds_under': '1.20', 'bookmaker_name': 'Superbet.pl', 'period': 'FullTime'}]"
2025-08-16 13:14:11 UTC,2025-01-19 19:45:00 UTC,Inter,Empoli,Serie A 2024/2025,3,1,"0:0, 3:1",Stadio Giuseppe Meazza (San Siro),Milan,Italy,"[{'odds_over': '2.50', 'odds_under': '1.44', 'bookmaker_name': 'Betclic.pl', 'period': 'FullTime'}, {'odds_over': '2.53', 'odds_under': '1.48', 'bookmaker_name': 'BETFAN', 'period': 'FullTime'}, {'odds_over': '2.66', 'odds_under': '1.48', 'bookmaker_name': 'eFortuna.pl', 'period': 'FullTime'}, {'odds_over': '2.55', 'odds_under': '1.45', 'bookmaker_name': 'Fuksiarz.pl', 'period': 'FullTime'}, {'odds_over': '2.55', 'odds_under': '1.52', 'bookmaker_name': 'LV BET', 'period': 'FullTime'}, {'odds_over': '2.65', 'odds_under': '1.48', 'bookmaker_name': 'STS.pl', 'period': 'FullTime'}, {'odds_over': '2.65', 'odds_under': '1.48', 'bookmaker_name': 'Superbet.pl', 'period': 'FullTime'}]"
2025-08-16 13:14:32 UTC,2024-10-21 18:45:00 UTC,Verona,Monza,Serie A 2024/2025,0,3,"0:1, 0:2",Stadio Marc'Antonio Bentegodi,Verona,Italy,"[{'odds_over': '3.80', 'odds_under': '1.21', 'bookmaker_name': 'Betclic.pl', 'period': 'FullTime'}, {'odds_over': '3.90', 'odds_under': '1.23', 'bookmaker_name': 'BETFAN', 'period': 'FullTime'}, {'odds_over': '4.25', 'odds_under': '1.22', 'bookmaker_name': 'eFortuna.pl', 'period': 'FullTime'}, {'odds_over': '4.05', 'odds_under': '1.20', 'bookmaker_name': 'Fuksiarz.pl', 'period': 'FullTime'}, {'odds_over': '4.30', 'odds_under': '1.22', 'bookmaker_name': 'LV BET', 'period': 'FullTime'}, {'odds_over': '4.10', 'odds_under': '1.22', 'bookmaker_name': 'STS.pl', 'period': 'FullTime'}, {'odds_over': '4.30', 'odds_under': '1.23', 'bookmaker_name': 'Superbet.pl', 'period': 'FullTime'}]"
2025-08-16 13:14:34 UTC,2025-03-09 19:45:00 UTC,Juventus,Atalanta,Serie A 2024/2025,0,4,"0:1, 0:3",Allianz Stadium,Turin,Italy,"[{'odds_over': '3.35', 'odds_under': '1.26', 'bookmaker_name': 'Betclic.pl', 'period': 'FullTime'}, {'odds_over': '3.40', 'odds_under': '1.29', 'bookmaker_name': 'BETFAN', 'period': 'FullTime'}, {'odds_over': '3.75', 'odds_under': '1.26', 'bookmaker_name': 'eFortuna.pl', 'period': 'FullTime'}, {'odds_over': '3.65', 'odds_under': '1.24', 'bookmaker_name': 'Fuksiarz.pl', 'period': 'FullTime'}, {'odds_over': '4.05', 'odds_under': '1.25', 'bookmaker_name': 'LV BET', 'period': 'FullTime'}, {'odds_over': '3.70', 'odds_under': '1.28', 'bookmaker_name': 'STS.pl', 'period': 'FullTime'}, {'odds_over': '3.65', 'odds_under': '1.29', 'bookmaker_name': 'Superbet.pl', 'period': 'FullTime'}]"
2025-08-16 13:14:56 UTC,2025-02-07 19:45:00 UTC,Como,Juventus,Serie A 2024/2025,1,2,"1:1, 0:1",Stadio Giuseppe Sinigaglia,Como,Italy,"[{'odds_over': '3.25', 'odds_under': '1.28', 'bookmaker_name': 'Betclic.pl', 'period': 'FullTime'}, {'odds_over': '3.30', 'odds_under': '1.30', 'bookmaker_name': 'BETFAN', 'period': 'FullTime'}, {'odds_over': '3.50', 'odds_under': '1.28', 'bookmaker_name': 'eFortuna.pl', 'period': 'FullTime'}, {'odds_over': '3.35', 'odds_under': '1.28', 'bookmaker_name': 'Fuksiarz.pl', 'period': 'FullTime'}, {'odds_over': '3.65', 'odds_under': '1.28', 'bookmaker_name': 'LV BET', 'period': 'FullTime'}, {'odds_over': '3.50', 'odds_under': '1.30', 'bookmaker_name': 'STS.pl', 'period': 'FullTime'}, {'odds_over': '3.55', 'odds_under': '1.30', 'bookmaker_name': 'Superbet.pl', 'period': 'FullTime'}]"
2025-08-16 13:14:56 UTC,2024-08-31 16:30:00 UTC,Bologna,Empoli,Serie A 2024/2025,1,1,"1:1, 0:0",Stadio Renato Dall'Ara,Bologna,Italy,"[{'odds_over': '3.70', 'odds_under': '1.22', 'bookmaker_name': 'Betclic.pl', 'period': 'FullTime'}, {'odds_over': '3.75', 'odds_under': '1.24', 'bookmaker_name': 'BETFAN', 'period': 'FullTime'}, {'odds_over': '4.00', 'odds_under': '1.24', 'bookmaker_name': 'eFortuna.pl', 'period': 'FullTime'}, {'odds_over': '3.85', 'odds_under': '1.22', 'bookmaker_name': 'Fuksiarz.pl', 'period': 'FullTime'}, {'odds_over': '3.95', 'odds_under': '1.25', 'bookmaker_name': 'LV BET', 'period': 'FullTime'}, {'odds_over': '4.10', 'odds_under': '1.24', 'bookmaker_name': 'STS.pl', 'period': 'FullTime'}, {'odds_over': '3.70', 'odds_under': '1.28', 'bookmaker_name': 'Superbet.pl', 'period': 'FullTime'}]"
2025-08-16 13:15:20 UTC,2025-01-15 19:45:00 UTC,Inter,Bologna,Serie A 2024/2025,2,2,"2:1, 0:1",Stadio Giuseppe Meazza (San Siro),Milan,Italy,"[{'odds_over': '2.95', 'odds_under': '1.33', 'bookmaker_name': 'Betclic.pl', 'period': 'FullTime'}, {'odds_over': '3.00', 'odds_under': '1.36', 'bookmaker_name': 'BETFAN', 'period': 'FullTime'}, {'odds_over': '3.10', 'odds_under': '1.38', 'bookmaker_name': 'eFortuna.pl', 'period': 'FullTime'}, {'odds_over': '2.95', 'odds_under': '1.35', 'bookmaker_name': 'Fuksiarz.pl', 'period': 'FullTime'}, {'odds_over': '3.00', 'odds_under': '1.40', 'bookmaker_name': 'LV BET', 'period': 'FullTime'}, {'odds_over': '2.95', 'odds_under': '1.40', 'bookmaker_name': 'STS.pl', 'period': 'FullTime'}, {'odds_over': '3.15', 'odds_under': '1.36', 'bookmaker_name': 'Superbet.pl', 'period': 'FullTime'}]"
2025-08-16 13:15:19 UTC,2025-01-19 17:00:00 UTC,Verona,Lazio,Serie A 2024/2025,0,3,"0:2, 0:1",Stadio Marc'Antonio Bentegodi,Verona,Italy,"[{'odds_over': '3.15', 'odds_under': '1.29', 'bookmaker_name': 'Betclic.pl', 'period': 'FullTime'}, {'odds_over': '3.20', 'odds_under': '1.32', 'bookmaker_name': 'BETFAN', 'period': 'FullTime'}, {'odds_over': '3.30', 'odds_under': '1.34', 'bookmaker_name': 'eFortuna.pl', 'period': 'FullTime'}, {'odds_over': '3.20', 'odds_under': '1.30', 'bookmaker_name': 'Fuksiarz.pl', 'period': 'FullTime'}, {'odds_over': '3.10', 'odds_under': '1.38', 'bookmaker_name': 'LV BET', 'period': 'FullTime'}, {'odds_over': '3.20', 'odds_under': '1.35', 'bookmaker_name': 'STS.pl', 'period': 'FullTime'}, {'odds_over': '3.40', 'odds_under': '1.32', 'bookmaker_name': 'Superbet.pl', 'period': 'FullTime'}]"
2025-08-16 13:15:43 UTC,2024-08-18 18:45:00 UTC,Lazio,Venezia,Serie A 2024/2025,3,1,"2:1, 1:0",Stadio Olimpico,Rome,Italy,"[{'odds_over': '2.85', 'odds_under': '1.31', 'bookmaker_name': 'Betclic.pl', 'period': 'FullTime'}, {'odds_over': '3.10', 'odds_under': '1.34', 'bookmaker_name': 'BETFAN', 'period': 'FullTime'}, {'odds_over': '3.25', 'odds_under': '1.35', 'bookmaker_name': 'eFortuna.pl', 'period': 'FullTime'}, {'odds_over': '3.10', 'odds_under': '1.32', 'bookmaker_name': 'Fuksiarz.pl', 'period': 'FullTime'}, {'odds_over': '3.10', 'odds_under': '1.38', 'bookmaker_name': 'LV BET', 'period': 'FullTime'}, {'odds_over': '3.10', 'odds_under': '1.37', 'bookmaker_name': 'STS.pl', 'period': 'FullTime'}, {'odds_over': '3.20', 'odds_under': '1.36', 'bookmaker_name': 'Superbet.pl', 'period': 'FullTime'}]"
2025-08-16 13:15:42 UTC,2025-01-26 14:00:00 UTC,Udinese,AS Roma,Serie A 2024/2025,1,2,"1:0, 0:2",Bluenergy Stadium - Stadio Friuli,Udine,Italy,"[{'odds_over': '3.40', 'odds_under': '1.26', 'bookmaker_name': 'Betclic.pl', 'period': 'FullTime'}, {'odds_over': '3.45', 'odds_under': '1.28', 'bookmaker_name': 'BETFAN', 'period': 'FullTime'}, {'odds_over': '3.65', 'odds_under': '1.28', 'bookmaker_name': 'eFortuna.pl', 'period': 'FullTime'}, {'odds_over': '3.50', 'odds_under': '1.26', 'bookmaker_name': 'Fuksiarz.pl', 'period': 'FullTime'}, {'odds_over': '3.55', 'odds_under': '1.30', 'bookmaker_name': 'LV BET', 'period': 'FullTime'}, {'odds_over': '3.60', 'odds_under': '1.28', 'bookmaker_name': 'STS.pl', 'period': 'FullTime'}, {'odds_over': '3.60', 'odds_under': '1.30', 'bookmaker_name': 'Superbet.pl', 'period': 'FullTime'}]"
2025-08-16 13:16:04 UTC,2024-08-26 18:45:00 UTC,Verona,Juventus,Serie A 2024/2025,0,3,"0:2, 0:1",Stadio Marc'Antonio Bentegodi,Verona,Italy,"[{'odds_over': '3.90', 'odds_under': '1.20', 'bookmaker_name': 'Betclic.pl', 'period': 'FullTime'}, {'odds_over': '3.95', 'odds_under': '1.22', 'bookmaker_name': 'BETFAN', 'period': 'FullTime'}, {'odds_over': '4.30', 'odds_under': '1.22', 'bookmaker_name': 'eFortuna.pl', 'period': 'FullTime'}, {'odds_over': '4.05', 'odds_under': '1.20', 'bookmaker_name': 'Fuksiarz.pl', 'period': 'FullTime'}, {'odds_over': '4.05', 'odds_under': '1.25', 'bookmaker_name': 'LV BET', 'period': 'FullTime'}, {'odds_over': '4.30', 'odds_under': '1.22', 'bookmaker_name': 'STS.pl', 'period': 'FullTime'}, {'odds_over': '3.70', 'odds_under': '1.28', 'bookmaker_name': 'Superbet.pl', 'period': 'FullTime'}]"
2025-08-16 13:16:05 UTC,2024-08-25 18:45:00 UTC,AS Roma,Empoli,Serie A 2024/2025,1,2,"0:1, 1:1",Stadio Olimpico,Rome,Italy,"[{'odds_over': '3.00', 'odds_under': '1.32', 'bookmaker_name': 'Betclic.pl', 'period': 'FullTime'}, {'odds_over': '3.00', 'odds_under': '1.35', 'bookmaker_name': 'BETFAN', 'period': 'FullTime'}, {'odds_over': '3.10', 'odds_under': '1.37', 'bookmaker_name': 'eFortuna.pl', 'period': 'FullTime'}, {'odds_over': '3.10', 'odds_under': '1.32', 'bookmaker_name': 'Fuksiarz.pl', 'period': 'FullTime'}, {'odds_over': '3.10', 'odds_under': '1.38', 'bookmaker_name': 'LV BET', 'period': 'FullTime'}, {'odds_over': '3.20', 'odds_under': '1.36', 'bookmaker_name': 'STS.pl', 'period': 'FullTime'}, {'odds_over': '3.20', 'odds_under': '1.36', 'bookmaker_name': 'Superbet.pl', 'period': 'FullTime'}]"
2025-08-16 13:16:27 UTC,2025-02-01 14:00:00 UTC,Monza,Verona,Serie A 2024/2025,0,1,"0:1, 0:0",Brianteo,Monza,Italy,"[{'odds_over': '3.60', 'odds_under': '1.23', 'bookmaker_name': 'Betclic.pl', 'period': 'FullTime'}, {'odds_over': '3.65', 'odds_under': '1.25', 'bookmaker_name': 'BETFAN', 'period': 'FullTime'}, {'odds_over': '4.15', 'odds_under': '1.23', 'bookmaker_name': 'eFortuna.pl', 'period': 'FullTime'}, {'odds_over': '3.85', 'odds_under': '1.22', 'bookmaker_name': 'Fuksiarz.pl', 'period': 'FullTime'}, {'odds_over': '4.05', 'odds_under': '1.25', 'bookmaker_name': 'LV BET', 'period': 'FullTime'}, {'odds_over': '3.90', 'odds_under': '1.26', 'bookmaker_name': 'STS.pl', 'period': 'FullTime'}, {'odds_over': '3.90', 'odds_under': '1.26', 'bookmaker_name': 'Superbet.pl', 'period': 'FullTime'}]"
2025-08-16 13:16:27 UTC,2025-01-10 19:45:00 UTC,Lazio,Como,Serie A 2024/2025,1,1,"1:0, 0:1",Stadio Olimpico,Rome,Italy,"[{'odds_over': '3.15', 'odds_under': '1.29', 'bookmaker_name': 'Betclic.pl', 'period': 'FullTime'}, {'odds_over': '3.10', 'odds_under': '1.34', 'bookmaker_name': 'BETFAN', 'period': 'FullTime'}, {'odds_over': '3.40', 'odds_under': '1.32', 'bookmaker_name': 'eFortuna.pl', 'period': 'FullTime'}, {'odds_over': '3.35', 'odds_under': '1.28', 'bookmaker_name': 'Fuksiarz.pl', 'period': 'FullTime'}, {'odds_over': '3.40', 'odds_under': '1.32', 'bookmaker_name': 'STS.pl', 'period': 'FullTime'}, {'odds_over': '3.40', 'odds_under': '1.32', 'bookmaker_name': 'Superbet.pl', 'period': 'FullTime'}]"
2025-08-16 13:16:50 UTC,2024-08-30 18:45:00 UTC,Inter,Atalanta,Serie A 2024/2025,4,0,"2:0, 2:0",Stadio Giuseppe Meazza (San Siro),Milan,Italy,"[{'odds_over': '2.47', 'odds_under': '1.46', 'bookmaker_name': 'Betclic.pl', 'period': 'FullTime'}, {'odds_over': '2.50', 'odds_under': '1.49', 'bookmaker_name': 'BETFAN', 'period': 'FullTime'}, {'odds_over': '2.61', 'odds_under': '1.50', 'bookmaker_name': 'eFortuna.pl', 'period': 'FullTime'}, {'odds_over': '2.55', 'odds_under': '1.45', 'bookmaker_name': 'Fuksiarz.pl', 'period': 'FullTime'}, {'odds_over': '2.60', 'odds_under': '1.50', 'bookmaker_name': 'LV BET', 'period': 'FullTime'}, {'odds_over': '2.55', 'odds_under': '1.52', 'bookmaker_name': 'STS.pl', 'period': 'FullTime'}, {'odds_over': '2.60', 'odds_under': '1.50', 'bookmaker_name': 'Superbet.pl', 'period': 'FullTime'}]"
2025-08-16 13:16:49 UTC,2025-01-19 14:00:00 UTC,Cagliari,Lecce,Serie A 2024/2025,4,1,"0:1, 4:0",Unipol Domus,Cagliari,Italy,"[{'odds_over': '3.20', 'odds_under': '1.29', 'bookmaker_name': 'Betclic.pl', 'period': 'FullTime'}, {'odds_over': '3.25', 'odds_under': '1.31', 'bookmaker_name': 'BETFAN', 'period': 'FullTime'}, {'odds_over': '3.50', 'odds_under': '1.30', 'bookmaker_name': 'eFortuna.pl', 'period': 'FullTime'}, {'odds_over': '3.35', 'odds_under': '1.28', 'bookmaker_name': 'Fuksiarz.pl', 'period': 'FullTime'}, {'odds_over': '3.50', 'odds_under': '1.30', 'bookmaker_name': 'LV BET', 'period': 'FullTime'}, {'odds_over': '3.40', 'odds_under': '1.32', 'bookmaker_name': 'STS.pl', 'period': 'FullTime'}, {'odds_over': '3.40', 'odds_under': '1.32', 'bookmaker_name': 'Superbet.pl', 'period': 'FullTime'}]"
2025-08-16 13:17:11 UTC,2025-01-19 11:30:00 UTC,Fiorentina,Torino,Serie A 2024/2025,1,1,"1:0, 0:1",Stadio Artemio Franchi,Florence,Italy,"[{'odds_over': '3.45', 'odds_under': '1.25', 'bookmaker_name': 'Betclic.pl', 'period': 'FullTime'}, {'odds_over': '3.50', 'odds_under': '1.27', 'bookmaker_name': 'BETFAN', 'period': 'FullTime'}, {'odds_over': '3.80', 'odds_under': '1.27', 'bookmaker_name': 'eFortuna.pl', 'period': 'FullTime'}, {'odds_over': '3.50', 'odds_under': '1.26', 'bookmaker_name': 'Fuksiarz.pl', 'period': 'FullTime'}, {'odds_over': '3.75', 'odds_under': '1.28', 'bookmaker_name': 'LV BET', 'period': 'FullTime'}, {'odds_over': '3.75', 'odds_under': '1.28', 'bookmaker_name': 'STS.pl', 'period': 'FullTime'}, {'odds_over': '3.70', 'odds_under': '1.28', 'bookmaker_name': 'Superbet.pl', 'period': 'FullTime'}]"
2025-08-16 13:17:12 UTC,2025-01-31 19:45:00 UTC,Parma,Lecce,Serie A 2024/2025,1,3,"1:1, 0:2",Stadio Ennio Tardini,Parma,Italy,"[{'odds_over': '3.15', 'odds_under': '1.30', 'bookmaker_name': 'Betclic.pl', 'period': 'FullTime'}, {'odds_over': '3.20', 'odds_under': '1.32', 'bookmaker_name': 'BETFAN', 'period': 'FullTime'}, {'odds_over': '3.20', 'odds_under': '1.36', 'bookmaker_name': 'eFortuna.pl', 'period': 'FullTime'}, {'odds_over': '3.35', 'odds_under': '1.28', 'bookmaker_name': 'Fuksiarz.pl', 'period': 'FullTime'}, {'odds_over': '3.35', 'odds_under': '1.33', 'bookmaker_name': 'LV BET', 'period': 'FullTime'}, {'odds_over': '3.40', 'odds_under': '1.33', 'bookmaker_name': 'STS.pl', 'period': 'FullTime'}, {'odds_over': '3.40', 'odds_under': '1.32', 'bookmaker_name': 'Superbet.pl', 'period': 'FullTime'}]"
2025-08-16 13:17:51 UTC,2025-01-12 11:30:00 UTC,Genoa,Parma,Serie A 2024/2025,1,0,"0:0, 1:0",Stadio Luigi Ferraris,Genoa,Italy,"[{'odds_over': '3.05', 'odds_under': '1.31', 'bookmaker_name': 'Betclic.pl', 'period': 'FullTime'}, {'odds_over': '3.05', 'odds_under': '1.34', 'bookmaker_name': 'BETFAN', 'period': 'FullTime'}, {'odds_over': '3.35', 'odds_under': '1.33', 'bookmaker_name': 'eFortuna.pl', 'period': 'FullTime'}, {'odds_over': '3.20', 'odds_under': '1.30', 'bookmaker_name': 'Fuksiarz.pl', 'period': 'FullTime'}, {'odds_over': '3.25', 'odds_under': '1.35', 'bookmaker_name': 'STS.pl', 'period': 'FullTime'}, {'odds_over': '3.25', 'odds_under': '1.34', 'bookmaker_name': 'Superbet.pl', 'period': 'FullTime'}]"
2025-08-16 13:17:52 UTC,2025-02-02 17:00:00 UTC,AC Milan,Inter,Serie A 2024/2025,1,1,"1:0, 0:1",Stadio Giuseppe Meazza (San Siro),Milan,Italy,"[{'odds_over': '2.80', 'odds_under': '1.37', 'bookmaker_name': 'Betclic.pl', 'period': 'FullTime'}, {'odds_over': '2.82', 'odds_under': '1.40', 'bookmaker_name': 'BETFAN', 'period': 'FullTime'}, {'odds_over': '2.94', 'odds_under': '1.40', 'bookmaker_name': 'eFortuna.pl', 'period': 'FullTime'}, {'odds_over': '2.95', 'odds_under': '1.35', 'bookmaker_name': 'Fuksiarz.pl', 'period': 'FullTime'}, {'odds_over': '3.10', 'odds_under': '1.38', 'bookmaker_name': 'LV BET', 'period': 'FullTime'}, {'odds_over': '2.95', 'odds_under': '1.40', 'bookmaker_name': 'STS.pl', 'period': 'FullTime'}, {'odds_over': '3.00', 'odds_under': '1.40', 'bookmaker_name': 'Superbet.pl', 'period': 'FullTime'}]"
2025-08-16 13:18:13 UTC,2025-01-04 19:45:00 UTC,Verona,Udinese,Serie A 2024/2025,0,0,"0:0, 0:0",Stadio Marc'Antonio Bentegodi,Verona,Italy,"[{'odds_over': '3.60', 'odds_under': '1.23', 'bookmaker_name': 'Betclic.pl', 'period': 'FullTime'}, {'odds_over': '3.65', 'odds_under': '1.26', 'bookmaker_name': 'BETFAN', 'period': 'FullTime'}, {'odds_over': '4.05', 'odds_under': '1.24', 'bookmaker_name': 'eFortuna.pl', 'period': 'FullTime'}, {'odds_over': '3.55', 'odds_under': '1.25', 'bookmaker_name': 'Fuksiarz.pl', 'period': 'FullTime'}, {'odds_over': '3.60', 'odds_under': '1.28', 'bookmaker_name': 'STS.pl', 'period': 'FullTime'}, {'odds_over': '3.85', 'odds_under': '1.26', 'bookmaker_name': 'Superbet.pl', 'period': 'FullTime'}]"
2025-08-16 13:18:14 UTC,2025-04-23 16:30:00 UTC,Cagliari,Fiorentina,Serie A 2024/2025,1,2,"1:1, 0:1",Unipol Domus,Cagliari,Italy,"[{'odds_over': '3.75', 'odds_under': '1.22', 'bookmaker_name': 'Betclic.pl', 'period': 'FullTime'}, {'odds_over': '3.80', 'odds_under': '1.24', 'bookmaker_name': 'BETFAN', 'period': 'FullTime'}, {'odds_over': '4.00', 'odds_under': '1.23', 'bookmaker_name': 'eFortuna.pl', 'period': 'FullTime'}, {'odds_over': '4.05', 'odds_under': '1.20', 'bookmaker_name': 'Fuksiarz.pl', 'period': 'FullTime'}, {'odds_over': '4.30', 'odds_under': '1.22', 'bookmaker_name': 'LV BET', 'period': 'FullTime'}, {'odds_over': '4.10', 'odds_under': '1.24', 'bookmaker_name': 'STS.pl', 'period': 'FullTime'}, {'odds_over': '4.10', 'odds_under': '1.24', 'bookmaker_name': 'Superbet.pl', 'period': 'FullTime'}]"
2025-08-16 13:18:35 UTC,2024-08-24 18:45:00 UTC,Monza,Genoa,Serie A 2024/2025,0,1,"0:1, 0:0",Brianteo,Monza,Italy,"[{'odds_over': '3.85', 'odds_under': '1.20', 'bookmaker_name': 'Betclic.pl', 'period': 'FullTime'}, {'odds_over': '3.90', 'odds_under': '1.23', 'bookmaker_name': 'BETFAN', 'period': 'FullTime'}, {'odds_over': '4.35', 'odds_under': '1.22', 'bookmaker_name': 'eFortuna.pl', 'period': 'FullTime'}, {'odds_over': '4.05', 'odds_under': '1.20', 'bookmaker_name': 'Fuksiarz.pl', 'period': 'FullTime'}, {'odds_over': '4.60', 'odds_under': '1.20', 'bookmaker_name': 'LV BET', 'period': 'FullTime'}, {'odds_over': '4.25', 'odds_under': '1.23', 'bookmaker_name': 'STS.pl', 'period': 'FullTime'}, {'odds_over': '4.00', 'odds_under': '1.25', 'bookmaker_name': 'Superbet.pl', 'period': 'FullTime'}]"
2025-08-16 13:18:37 UTC,2025-01-05 17:00:00 UTC,Torino,Parma,Serie A 2024/2025,0,0,"0:0, 0:0",Stadio Olimpico di Torino,Turin,Italy,"[{'odds_over': '3.00', 'odds_under': '1.32', 'bookmaker_name': 'Betclic.pl', 'period': 'FullTime'}, {'odds_over': '3.05', 'odds_under': '1.35', 'bookmaker_name': 'BETFAN', 'period': 'FullTime'}, {'odds_over': '3.30', 'odds_under': '1.33', 'bookmaker_name': 'eFortuna.pl', 'period': 'FullTime'}, {'odds_over': '3.20', 'odds_under': '1.30', 'bookmaker_name': 'Fuksiarz.pl', 'period': 'FullTime'}, {'odds_over': '3.30', 'odds_under': '1.34', 'bookmaker_name': 'STS.pl', 'period': 'FullTime'}, {'odds_over': '3.25', 'odds_under': '1.35', 'bookmaker_name': 'Superbet.pl', 'period': 'FullTime'}]"
2025-08-16 13:18:57 UTC,2025-03-09 17:00:00 UTC,Empoli,AS Roma,Serie A 2024/2025,0,1,"0:1, 0:0",Stadio Carlo Castellani,Empoli,Italy,"[{'odds_over': '3.40', 'odds_under': '1.25', 'bookmaker_name': 'Betclic.pl', 'period': 'FullTime'}, {'odds_over': '3.45', 'odds_under': '1.28', 'bookmaker_name': 'BETFAN', 'period': 'FullTime'}, {'odds_over': '3.85', 'odds_under': '1.26', 'bookmaker_name': 'eFortuna.pl', 'period': 'FullTime'}, {'odds_over': '3.50', 'odds_under': '1.26', 'bookmaker_name': 'Fuksiarz.pl', 'period': 'FullTime'}, {'odds_over': '3.95', 'odds_under': '1.25', 'bookmaker_name': 'LV BET', 'period': 'FullTime'}, {'odds_over': '3.70', 'odds_under': '1.28', 'bookmaker_name': 'STS.pl', 'period': 'FullTime'}, {'odds_over': '3.65', 'odds_under': '1.29', 'bookmaker_name': 'Superbet.pl', 'period': 'FullTime'}]"
2025-08-16 13:19:00 UTC,2025-01-12 17:00:00 UTC,Bologna,AS Roma,Serie A 2024/2025,2,2,"0:0, 2:2",Stadio Renato Dall'Ara,Bologna,Italy,"[{'odds_over': '3.35', 'odds_under': '1.26', 'bookmaker_name': 'Betclic.pl', 'period': 'FullTime'}, {'odds_over': '3.50', 'odds_under': '1.27', 'bookmaker_name': 'BETFAN', 'period': 'FullTime'}, {'odds_over': '3.80', 'odds_under': '1.27', 'bookmaker_name': 'eFortuna.pl', 'period': 'FullTime'}, {'odds_over': '3.50', 'odds_under': '1.26', 'bookmaker_name': 'Fuksiarz.pl', 'period': 'FullTime'}, {'odds_over': '3.70', 'odds_under': '1.28', 'bookmaker_name': 'STS.pl', 'period': 'FullTime'}, {'odds_over': '3.70', 'odds_under': '1.28', 'bookmaker_name': 'Superbet.pl', 'period': 'FullTime'}]"
2025-08-16 13:19:21 UTC,2024-08-19 16:30:00 UTC,Lecce,Atalanta,Serie A 2024/2025,0,4,"0:2, 0:2",Stadio Via del Mare,Lecce,Italy,"[{'odds_over': '3.20', 'odds_under': '1.29', 'bookmaker_name': 'Betclic.pl', 'period': 'FullTime'}, {'odds_over': '3.25', 'odds_under': '1.31', 'bookmaker_name': 'BETFAN', 'period': 'FullTime'}, {'odds_over': '3.55', 'odds_under': '1.30', 'bookmaker_name': 'eFortuna.pl', 'period': 'FullTime'}, {'odds_over': '3.35', 'odds_under': '1.28', 'bookmaker_name': 'Fuksiarz.pl', 'period': 'FullTime'}, {'odds_over': '3.45', 'odds_under': '1.30', 'bookmaker_name': 'LV BET', 'period': 'FullTime'}, {'odds_over': '3.40', 'odds_under': '1.32', 'bookmaker_name': 'STS.pl', 'period': 'FullTime'}, {'odds_over': '3.40', 'odds_under': '1.33', 'bookmaker_name': 'Superbet.pl', 'period': 'FullTime'}]"
2025-08-16 13:19:21 UTC,2024-08-18 16:30:00 UTC,Verona,Napoli,Serie A 2024/2025,3,0,"0:0, 3:0",Stadio Marc'Antonio Bentegodi,Verona,Italy,"[{'odds_over': '2.85', 'odds_under': '1.30', 'bookmaker_name': 'Betclic.pl', 'period': 'FullTime'}, {'odds_over': '3.10', 'odds_under': '1.34', 'bookmaker_name': 'BETFAN', 'period': 'FullTime'}, {'odds_over': '3.45', 'odds_under': '1.32', 'bookmaker_name': 'eFortuna.pl', 'period': 'FullTime'}, {'odds_over': '3.10', 'odds_under': '1.32', 'bookmaker_name': 'Fuksiarz.pl', 'period': 'FullTime'}, {'odds_over': '3.25', 'odds_under': '1.35', 'bookmaker_name': 'LV BET', 'period': 'FullTime'}, {'odds_over': '3.20', 'odds_under': '1.36', 'bookmaker_name': 'STS.pl', 'period': 'FullTime'}, {'odds_over': '3.20', 'odds_under': '1.36', 'bookmaker_name': 'Superbet.pl', 'period': 'FullTime'}]"
2025-08-16 13:19:42 UTC,2025-01-11 17:00:00 UTC,Torino,Juventus,Serie A 2024/2025,1,1,"1:1, 0:0",Stadio Olimpico di Torino,Turin,Italy,"[{'odds_over': '5.20', 'odds_under': '1.11', 'bookmaker_name': 'Betclic.pl', 'period': 'FullTime'}, {'odds_over': '5.40', 'odds_under': '1.13', 'bookmaker_name': 'BETFAN', 'period': 'FullTime'}, {'odds_over': '6.30', 'odds_under': '1.12', 'bookmaker_name': 'eFortuna.pl', 'period': 'FullTime'}, {'odds_over': '5.35', 'odds_under': '1.12', 'bookmaker_name': 'Fuksiarz.pl', 'period': 'FullTime'}, {'odds_over': '6.00', 'odds_under': '1.13', 'bookmaker_name': 'STS.pl', 'period': 'FullTime'}, {'odds_over': '5.90', 'odds_under': '1.14', 'bookmaker_name': 'Superbet.pl', 'period': 'FullTime'}]"
2025-08-16 13:19:44 UTC,2025-01-18 19:45:00 UTC,Atalanta,Napoli,Serie A 2024/2025,2,3,"1:2, 1:1",Gewiss Stadium,Bergamo,Italy,"[{'odds_over': '3.60', 'odds_under': '1.23', 'bookmaker_name': 'Betclic.pl', 'period': 'FullTime'}, {'odds_over': '3.75', 'odds_under': '1.24', 'bookmaker_name': 'BETFAN', 'period': 'FullTime'}, {'odds_over': '3.80', 'odds_under': '1.27', 'bookmaker_name': 'eFortuna.pl', 'period': 'FullTime'}, {'odds_over': '3.85', 'odds_under': '1.22', 'bookmaker_name': 'Fuksiarz.pl', 'period': 'FullTime'}, {'odds_over': '4.05', 'odds_under': '1.25', 'bookmaker_name': 'LV BET', 'period': 'FullTime'}, {'odds_over': '3.90', 'odds_under': '1.26', 'bookmaker_name': 'STS.pl', 'period': 'FullTime'}, {'odds_over': '4.00', 'odds_under': '1.25', 'bookmaker_name': 'Superbet.pl', 'period': 'FullTime'}]"
2025-08-16 13:20:10 UTC,2025-03-10 19:45:00 UTC,Lazio,Udinese,Serie A 2024/2025,1,1,"1:1, 0:0",Stadio Olimpico,Rome,Italy,"[{'odds_over': '3.15', 'odds_under': '1.29', 'bookmaker_name': 'Betclic.pl', 'period': 'FullTime'}, {'odds_over': '3.20', 'odds_under': '1.32', 'bookmaker_name': 'BETFAN', 'period': 'FullTime'}, {'odds_over': '3.35', 'odds_under': '1.31', 'bookmaker_name': 'eFortuna.pl', 'period': 'FullTime'}, {'odds_over': '3.35', 'odds_under': '1.28', 'bookmaker_name': 'Fuksiarz.pl', 'period': 'FullTime'}, {'odds_over': '3.45', 'odds_under': '1.30', 'bookmaker_name': 'LV BET', 'period': 'FullTime'}, {'odds_over': '3.40', 'odds_under': '1.33', 'bookmaker_name': 'STS.pl', 'period': 'FullTime'}, {'odds_over': '3.40', 'odds_under': '1.33', 'bookmaker_name': 'Superbet.pl', 'period': 'FullTime'}]"
2025-08-16 13:20:06 UTC,2024-08-31 18:45:00 UTC,Napoli,Parma,Serie A 2024/2025,2,1,"0:1, 2:0",Stadio Diego Armando Maradona,Naples,Italy,"[{'odds_over': '2.35', 'odds_under': '1.51', 'bookmaker_name': 'Betclic.pl', 'period': 'FullTime'}, {'odds_over': '2.36', 'odds_under': '1.55', 'bookmaker_name': 'BETFAN', 'period': 'FullTime'}, {'odds_over': '2.46', 'odds_under': '1.54', 'bookmaker_name': 'eFortuna.pl', 'period': 'FullTime'}, {'odds_over': '2.35', 'odds_under': '1.52', 'bookmaker_name': 'Fuksiarz.pl', 'period': 'FullTime'}, {'odds_over': '2.70', 'odds_under': '1.47', 'bookmaker_name': 'LV BET', 'period': 'FullTime'}, {'odds_over': '2.45', 'odds_under': '1.56', 'bookmaker_name': 'STS.pl', 'period': 'FullTime'}, {'odds_over': '2.90', 'odds_under': '1.42', 'bookmaker_name': 'Superbet.pl', 'period': 'FullTime'}]"
2025-08-16 13:20:29 UTC,2025-02-01 19:45:00 UTC,Bologna,Como,Serie A 2024/2025,2,0,"1:0, 1:0",Stadio Renato Dall'Ara,Bologna,Italy,"[{'odds_over': '3.25', 'odds_under': '1.28', 'bookmaker_name': 'Betclic.pl', 'period': 'FullTime'}, {'odds_over': '3.30', 'odds_under': '1.30', 'bookmaker_name': 'BETFAN', 'period': 'FullTime'}, {'odds_over': '3.65', 'odds_under': '1.28', 'bookmaker_name': 'eFortuna.pl', 'period': 'FullTime'}, {'odds_over': '3.35', 'odds_under': '1.28', 'bookmaker_name': 'Fuksiarz.pl', 'period': 'FullTime'}, {'odds_over': '3.75', 'odds_under': '1.28', 'bookmaker_name': 'LV BET', 'period': 'FullTime'}, {'odds_over': '3.50', 'odds_under': '1.30', 'bookmaker_name': 'STS.pl', 'period': 'FullTime'}, {'odds_over': '3.60', 'odds_under': '1.30', 'bookmaker_name': 'Superbet.pl', 'period': 'FullTime'}]"
2025-08-16 13:20:32 UTC,2025-01-05 11:30:00 UTC,Monza,Cagliari,Serie A 2024/2025,1,2,"1:1, 0:1",Brianteo,Monza,Italy,"[{'odds_over': '3.20', 'odds_under': '1.28', 'bookmaker_name': 'Betclic.pl', 'period': 'FullTime'}, {'odds_over': '3.30', 'odds_under': '1.31', 'bookmaker_name': 'BETFAN', 'period': 'FullTime'}, {'odds_over': '3.60', 'odds_under': '1.29', 'bookmaker_name': 'eFortuna.pl', 'period': 'FullTime'}, {'odds_over': '3.50', 'odds_under': '1.26', 'bookmaker_name': 'Fuksiarz.pl', 'period': 'FullTime'}, {'odds_over': '3.40', 'odds_under': '1.32', 'bookmaker_name': 'STS.pl', 'period': 'FullTime'}, {'odds_over': '3.50', 'odds_under': '1.31', 'bookmaker_name': 'Superbet.pl', 'period': 'FullTime'}]"
2025-08-16 13:20:52 UTC,2025-04-23 16:30:00 UTC,Torino,Udinese,Serie A 2024/2025,2,0,"1:0, 1:0",Stadio Olimpico di Torino,Turin,Italy,"[{'odds_over': '4.20', 'odds_under': '1.17', 'bookmaker_name': 'Betclic.pl', 'period': 'FullTime'}, {'odds_over': '4.30', 'odds_under': '1.20', 'bookmaker_name': 'BETFAN', 'period': 'FullTime'}, {'odds_over': '4.55', 'odds_under': '1.19', 'bookmaker_name': 'eFortuna.pl', 'period': 'FullTime'}, {'odds_over': '4.30', 'odds_under': '1.18', 'bookmaker_name': 'Fuksiarz.pl', 'period': 'FullTime'}, {'odds_over': '4.65', 'odds_under': '1.18', 'bookmaker_name': 'LV BET', 'period': 'FullTime'}, {'odds_over': '4.70', 'odds_under': '1.19', 'bookmaker_name': 'STS.pl', 'period': 'FullTime'}, {'odds_over': '4.75', 'odds_under': '1.19', 'bookmaker_name': 'Superbet.pl', 'period': 'FullTime'}]"
2025-08-16 13:20:54 UTC,2025-01-24 19:45:00 UTC,Torino,Cagliari,Serie A 2024/2025,2,0,"1:0, 1:0",Stadio Olimpico di Torino,Turin,Italy,"[{'odds_over': '3.80', 'odds_under': '1.21', 'bookmaker_name': 'Betclic.pl', 'period': 'FullTime'}, {'odds_over': '4.00', 'odds_under': '1.22', 'bookmaker_name': 'BETFAN', 'period': 'FullTime'}, {'odds_over': '4.25', 'odds_under': '1.22', 'bookmaker_name': 'eFortuna.pl', 'period': 'FullTime'}, {'odds_over': '4.05', 'odds_under': '1.20', 'bookmaker_name': 'Fuksiarz.pl', 'period': 'FullTime'}, {'odds_over': '4.25', 'odds_under': '1.22', 'bookmaker_name': 'LV BET', 'period': 'FullTime'}, {'odds_over': '4.10', 'odds_under': '1.24', 'bookmaker_name': 'STS.pl', 'period': 'FullTime'}, {'odds_over': '4.20', 'odds_under': '1.23', 'bookmaker_name': 'Superbet.pl', 'period': 'FullTime'}]"
2025-08-16 13:21:15 UTC,2024-09-01 16:30:00 UTC,Fiorentina,Monza,Serie A 2024/2025,2,2,"1:2, 1:0",Stadio Artemio Franchi,Florence,Italy,"[{'odds_over': '3.30', 'odds_under': '1.27', 'bookmaker_name': 'Betclic.pl', 'period': 'FullTime'}, {'odds_over': '3.30', 'odds_under': '1.30', 'bookmaker_name': 'BETFAN', 'period': 'FullTime'}, {'odds_over': '3.65', 'odds_under': '1.28', 'bookmaker_name': 'eFortuna.pl', 'period': 'FullTime'}, {'odds_over': '3.50', 'odds_under': '1.26', 'bookmaker_name': 'Fuksiarz.pl', 'period': 'FullTime'}, {'odds_over': '3.45', 'odds_under': '1.30', 'bookmaker_name': 'LV BET', 'period': 'FullTime'}, {'odds_over': '3.60', 'odds_under': '1.30', 'bookmaker_name': 'STS.pl', 'period': 'FullTime'}, {'odds_over': '3.00', 'odds_under': '1.40', 'bookmaker_name': 'Superbet.pl', 'period': 'FullTime'}]"
2025-08-16 13:21:15 UTC,2024-08-24 16:30:00 UTC,Udinese,Lazio,Serie A 2024/2025,2,1,"1:0, 1:1",Bluenergy Stadium - Stadio Friuli,Udine,Italy,"[{'odds_over': '3.65', 'odds_under': '1.23', 'bookmaker_name': 'Betclic.pl', 'period': 'FullTime'}, {'odds_over': '3.70', 'odds_under': '1.25', 'bookmaker_name': 'BETFAN', 'period': 'FullTime'}, {'odds_over': '4.15', 'odds_under': '1.23', 'bookmaker_name': 'eFortuna.pl', 'period': 'FullTime'}, {'odds_over': '3.65', 'odds_under': '1.24', 'bookmaker_name': 'Fuksiarz.pl', 'period': 'FullTime'}, {'odds_over': '4.15', 'odds_under': '1.22', 'bookmaker_name': 'LV BET', 'period': 'FullTime'}, {'odds_over': '4.00', 'odds_under': '1.25', 'bookmaker_name': 'STS.pl', 'period': 'FullTime'}, {'odds_over': '4.40', 'odds_under': '1.22', 'bookmaker_name': 'Superbet.pl', 'period': 'FullTime'}]"
2025-08-16 13:21:37 UTC,2024-08-24 16:30:00 UTC,Parma,AC Milan,Serie A 2024/2025,2,1,"1:0, 1:1",Stadio Ennio Tardini,Parma,Italy,"[{'odds_over': '2.33', 'odds_under': '1.52', 'bookmaker_name': 'Betclic.pl', 'period': 'FullTime'}, {'odds_over': '2.34', 'odds_under': '1.56', 'bookmaker_name': 'BETFAN', 'period': 'FullTime'}, {'odds_over': '2.43', 'odds_under': '1.55', 'bookmaker_name': 'eFortuna.pl', 'period': 'FullTime'}, {'odds_over': '2.35', 'odds_under': '1.52', 'bookmaker_name': 'Fuksiarz.pl', 'period': 'FullTime'}, {'odds_over': '2.47', 'odds_under': '1.55', 'bookmaker_name': 'LV BET', 'period': 'FullTime'}, {'odds_over': '2.45', 'odds_under': '1.56', 'bookmaker_name': 'STS.pl', 'period': 'FullTime'}, {'odds_over': '2.90', 'odds_under': '1.42', 'bookmaker_name': 'Superbet.pl', 'period': 'FullTime'}]"
2025-08-16 13:21:37 UTC,2025-01-04 17:00:00 UTC,Fiorentina,Napoli,Serie A 2024/2025,0,3,"0:1, 0:2",Stadio Artemio Franchi,Florence,Italy,"[{'odds_over': '3.95', 'odds_under': '1.19', 'bookmaker_name': 'Betclic.pl', 'period': 'FullTime'}, {'odds_over': '4.05', 'odds_under': '1.22', 'bookmaker_name': 'BETFAN', 'period': 'FullTime'}, {'odds_over': '4.30', 'odds_under': '1.22', 'bookmaker_name': 'eFortuna.pl', 'period': 'FullTime'}, {'odds_over': '4.05', 'odds_under': '1.20', 'bookmaker_name': 'Fuksiarz.pl', 'period': 'FullTime'}, {'odds_over': '3.90', 'odds_under': '1.26', 'bookmaker_name': 'STS.pl', 'period': 'FullTime'}, {'odds_over': '4.35', 'odds_under': '1.22', 'bookmaker_name': 'Superbet.pl', 'period': 'FullTime'}]"
2025-08-16 13:21:59 UTC,2025-01-05 14:00:00 UTC,Lecce,Genoa,Serie A 2024/2025,0,0,"0:0, 0:0",Stadio Via del Mare,Lecce,Italy,"[{'odds_over': '4.30', 'odds_under': '1.17', 'bookmaker_name': 'Betclic.pl', 'period': 'FullTime'}, {'odds_over': '4.35', 'odds_under': '1.19', 'bookmaker_name': 'BETFAN', 'period': 'FullTime'}, {'odds_over': '5.00', 'odds_under': '1.17', 'bookmaker_name': 'eFortuna.pl', 'period': 'FullTime'}, {'odds_over': '4.45', 'odds_under': '1.17', 'bookmaker_name': 'Fuksiarz.pl', 'period': 'FullTime'}, {'odds_over': '4.50', 'odds_under': '1.20', 'bookmaker_name': 'STS.pl', 'period': 'FullTime'}, {'odds_over': '4.70', 'odds_under': '1.20', 'bookmaker_name': 'Superbet.pl', 'period': 'FullTime'}]"
2025-08-16 13:21:58 UTC,2025-02-02 11:30:00 UTC,Juventus,Empoli,Serie A 2024/2025,4,1,"0:1, 4:0",Allianz Stadium,Turin,Italy,"[{'odds_over': '2.70', 'odds_under': '1.39', 'bookmaker_name': 'Betclic.pl', 'period': 'FullTime'}, {'odds_over': '2.73', 'odds_under': '1.42', 'bookmaker_name': 'BETFAN', 'period': 'FullTime'}, {'odds_over': '2.90', 'odds_under': '1.41', 'bookmaker_name': 'eFortuna.pl', 'period': 'FullTime'}, {'odds_over': '2.85', 'odds_under': '1.37', 'bookmaker_name': 'Fuksiarz.pl', 'period': 'FullTime'}, {'odds_over': '3.00', 'odds_under': '1.40', 'bookmaker_name': 'LV BET', 'period': 'FullTime'}, {'odds_over': '2.85', 'odds_under': '1.43', 'bookmaker_name': 'STS.pl', 'period': 'FullTime'}, {'odds_over': '2.90', 'odds_under': '1.42', 'bookmaker_name': 'Superbet.pl', 'period': 'FullTime'}]"
2025-08-16 13:22:21 UTC,2024-08-26 16:30:00 UTC,Cagliari,Como,Serie A 2024/2025,1,1,"1:0, 0:1",Unipol Domus,Cagliari,Italy,"[{'odds_over': '3.40', 'odds_under': '1.26', 'bookmaker_name': 'Betclic.pl', 'period': 'FullTime'}, {'odds_over': '3.45', 'odds_under': '1.28', 'bookmaker_name': 'BETFAN', 'period': 'FullTime'}, {'odds_over': '3.70', 'odds_under': '1.27', 'bookmaker_name': 'eFortuna.pl', 'period': 'FullTime'}, {'odds_over': '3.50', 'odds_under': '1.26', 'bookmaker_name': 'Fuksiarz.pl', 'period': 'FullTime'}, {'odds_over': '3.60', 'odds_under': '1.28', 'bookmaker_name': 'LV BET', 'period': 'FullTime'}, {'odds_over': '3.70', 'odds_under': '1.28', 'bookmaker_name': 'STS.pl', 'period': 'FullTime'}, {'odds_over': '3.25', 'odds_under': '1.35', 'bookmaker_name': 'Superbet.pl', 'period': 'FullTime'}]"
2025-08-16 13:22:21 UTC,2025-01-27 17:30:00 UTC,Venezia,Verona,Serie A 2024/2025,1,1,"1:0, 0:1",Stadio Pierluigi Penzo,Venice,Italy,"[{'odds_over': '2.75', 'odds_under': '1.37', 'bookmaker_name': 'Betclic.pl', 'period': 'FullTime'}, {'odds_over': '2.88', 'odds_under': '1.38', 'bookmaker_name': 'BETFAN', 'period': 'FullTime'}, {'odds_over': '2.99', 'odds_under': '1.39', 'bookmaker_name': 'eFortuna.pl', 'period': 'FullTime'}, {'odds_over': '3.05', 'odds_under': '1.33', 'bookmaker_name': 'Fuksiarz.pl', 'period': 'FullTime'}, {'odds_over': '3.10', 'odds_under': '1.38', 'bookmaker_name': 'LV BET', 'period': 'FullTime'}, {'odds_over': '3.00', 'odds_under': '1.40', 'bookmaker_name': 'STS.pl', 'period': 'FullTime'}, {'odds_over': '3.00', 'odds_under': '1.40', 'bookmaker_name': 'Superbet.pl', 'period': 'FullTime'}]"
2025-08-16 13:22:42 UTC,2025-01-11 14:00:00 UTC,Empoli,Lecce,Serie A 2024/2025,1,3,"0:2, 1:1",Stadio Carlo Castellani,Empoli,Italy,"[{'odds_over': '4.10', 'odds_under': '1.18', 'bookmaker_name': 'Betclic.pl', 'period': 'FullTime'}, {'odds_over': '4.20', 'odds_under': '1.20', 'bookmaker_name': 'BETFAN', 'period': 'FullTime'}, {'odds_over': '4.45', 'odds_under': '1.21', 'bookmaker_name': 'eFortuna.pl', 'period': 'FullTime'}, {'odds_over': '4.30', 'odds_under': '1.18', 'bookmaker_name': 'Fuksiarz.pl', 'period': 'FullTime'}, {'odds_over': '4.70', 'odds_under': '1.19', 'bookmaker_name': 'STS.pl', 'period': 'FullTime'}, {'odds_over': '4.55', 'odds_under': '1.20', 'bookmaker_name': 'Superbet.pl', 'period': 'FullTime'}]"
2025-08-16 13:22:44 UTC,2025-02-01 14:00:00 UTC,Udinese,Venezia,Serie A 2024/2025,3,2,"0:0, 3:2",Bluenergy Stadium - Stadio Friuli,Udine,Italy,"[{'odds_over': '3.00', 'odds_under': '1.32', 'bookmaker_name': 'Betclic.pl', 'period': 'FullTime'}, {'odds_over': '3.05', 'odds_under': '1.35', 'bookmaker_name': 'BETFAN', 'period': 'FullTime'}, {'odds_over': '3.20', 'odds_under': '1.35', 'bookmaker_name': 'eFortuna.pl', 'period': 'FullTime'}, {'odds_over': '3.20', 'odds_under': '1.30', 'bookmaker_name': 'Fuksiarz.pl', 'period': 'FullTime'}, {'odds_over': '3.75', 'odds_under': '1.28', 'bookmaker_name': 'LV BET', 'period': 'FullTime'}, {'odds_over': '3.20', 'odds_under': '1.36', 'bookmaker_name': 'STS.pl', 'period': 'FullTime'}, {'odds_over': '3.25', 'odds_under': '1.35', 'bookmaker_name': 'Superbet.pl', 'period': 'FullTime'}]"
2025-08-16 13:23:05 UTC,2024-11-24 17:00:00 UTC,Napoli,AS Roma,Serie A 2024/2025,1,0,"0:0, 1:0",Stadio Diego Armando Maradona,Naples,Italy,"[{'odds_over': '3.25', 'odds_under': '1.28', 'bookmaker_name': 'Betclic.pl', 'period': 'FullTime'}, {'odds_over': '3.55', 'odds_under': '1.27', 'bookmaker_name': 'BETFAN', 'period': 'FullTime'}, {'odds_over': '3.90', 'odds_under': '1.26', 'bookmaker_name': 'eFortuna.pl', 'period': 'FullTime'}, {'odds_over': '3.50', 'odds_under': '1.26', 'bookmaker_name': 'Fuksiarz.pl', 'period': 'FullTime'}, {'odds_over': '3.65', 'odds_under': '1.28', 'bookmaker_name': 'LV BET', 'period': 'FullTime'}, {'odds_over': '3.75', 'odds_under': '1.28', 'bookmaker_name': 'STS.pl', 'period': 'FullTime'}, {'odds_over': '3.85', 'odds_under': '1.27', 'bookmaker_name': 'Superbet.pl', 'period': 'FullTime'}]"
2025-08-16 13:23:05 UTC,2025-01-13 19:45:00 UTC,Monza,Fiorentina,Serie A 2024/2025,2,1,"1:0, 1:1",Brianteo,Monza,Italy,"[{'odds_over': '3.25', 'odds_under': '1.28', 'bookmaker_name': 'Betclic.pl', 'period': 'FullTime'}, {'odds_over': '3.30', 'odds_under': '1.31', 'bookmaker_name': 'BETFAN', 'period': 'FullTime'}, {'odds_over': '3.45', 'odds_under': '1.32', 'bookmaker_name': 'eFortuna.pl', 'period': 'FullTime'}, {'odds_over': '3.35', 'odds_under': '1.28', 'bookmaker_name': 'Fuksiarz.pl', 'period': 'FullTime'}, {'odds_over': '3.50', 'odds_under': '1.32', 'bookmaker_name': 'STS.pl', 'period': 'FullTime'}, {'odds_over': '3.50', 'odds_under': '1.31', 'bookmaker_name': 'Superbet.pl', 'period': 'FullTime'}]"
2025-08-16 13:23:28 UTC,2025-03-09 14:00:00 UTC,Napoli,Fiorentina,Serie A 2024/2025,2,1,"1:0, 1:1",Stadio Diego Armando Maradona,Naples,Italy,"[{'odds_over': '3.65', 'odds_under': '1.23', 'bookmaker_name': 'Betclic.pl', 'period': 'FullTime'}, {'odds_over': '3.70', 'odds_under': '1.25', 'bookmaker_name': 'BETFAN', 'period': 'FullTime'}, {'odds_over': '3.95', 'odds_under': '1.23', 'bookmaker_name': 'eFortuna.pl', 'period': 'FullTime'}, {'odds_over': '3.95', 'odds_under': '1.21', 'bookmaker_name': 'Fuksiarz.pl', 'period': 'FullTime'}, {'odds_over': '3.95', 'odds_under': '1.25', 'bookmaker_name': 'LV BET', 'period': 'FullTime'}, {'odds_over': '3.90', 'odds_under': '1.26', 'bookmaker_name': 'STS.pl', 'period': 'FullTime'}, {'odds_over': '4.00', 'odds_under': '1.25', 'bookmaker_name': 'Superbet.pl', 'period': 'FullTime'}]"
2025-08-16 13:23:27 UTC,2024-12-30 19:45:00 UTC,Bologna,Verona,Serie A 2024/2025,2,3,"1:2, 1:1",Stadio Renato Dall'Ara,Bologna,Italy,"[{'odds_over': '3.10', 'odds_under': '1.31', 'bookmaker_name': 'Betclic.pl', 'period': 'FullTime'}, {'odds_over': '3.15', 'odds_under': '1.33', 'bookmaker_name': 'BETFAN', 'period': 'FullTime'}, {'odds_over': '3.40', 'odds_under': '1.33', 'bookmaker_name': 'eFortuna.pl', 'period': 'FullTime'}, {'odds_over': '3.35', 'odds_under': '1.28', 'bookmaker_name': 'Fuksiarz.pl', 'period': 'FullTime'}, {'odds_over': '3.25', 'odds_under': '1.34', 'bookmaker_name': 'STS.pl', 'period': 'FullTime'}, {'odds_over': '3.40', 'odds_under': '1.32', 'bookmaker_name': 'Superbet.pl', 'period': 'FullTime'}]"
2025-08-16 13:23:50 UTC,2025-01-26 11:30:00 UTC,AC Milan,Parma,Serie A 2024/2025,3,2,"1:1, 2:1",Stadio Giuseppe Meazza (San Siro),Milan,Italy,"[{'odds_over': '1.85', 'odds_under': '1.82', 'bookmaker_name': 'Betclic.pl', 'period': 'FullTime'}, {'odds_over': '1.85', 'odds_under': '1.88', 'bookmaker_name': 'BETFAN', 'period': 'FullTime'}, {'odds_over': '1.92', 'odds_under': '1.89', 'bookmaker_name': 'eFortuna.pl', 'period': 'FullTime'}, {'odds_over': '1.87', 'odds_under': '1.83', 'bookmaker_name': 'Fuksiarz.pl', 'period': 'FullTime'}, {'odds_over': '1.92', 'odds_under': '1.88', 'bookmaker_name': 'LV BET', 'period': 'FullTime'}, {'odds_over': '1.95', 'odds_under': '1.88', 'bookmaker_name': 'STS.pl', 'period': 'FullTime'}, {'odds_over': '1.92', 'odds_under': '1.88', 'bookmaker_name': 'Superbet.pl', 'period': 'FullTime'}]"
2025-08-16 13:23:52 UTC,2025-01-27 19:45:00 UTC,Genoa,Monza,Serie A 2024/2025,2,0,"0:0, 2:0",Stadio Luigi Ferraris,Genoa,Italy,"[{'odds_over': '4.20', 'odds_under': '1.17', 'bookmaker_name': 'Betclic.pl', 'period': 'FullTime'}, {'odds_over': '4.45', 'odds_under': '1.18', 'bookmaker_name': 'BETFAN', 'period': 'FullTime'}, {'odds_over': '4.65', 'odds_under': '1.19', 'bookmaker_name': 'eFortuna.pl', 'period': 'FullTime'}, {'odds_over': '4.45', 'odds_under': '1.17', 'bookmaker_name': 'Fuksiarz.pl', 'period': 'FullTime'}, {'odds_over': '4.90', 'odds_under': '1.18', 'bookmaker_name': 'LV BET', 'period': 'FullTime'}, {'odds_over': '4.70', 'odds_under': '1.19', 'bookmaker_name': 'STS.pl', 'period': 'FullTime'}, {'odds_over': '4.70', 'odds_under': '1.20', 'bookmaker_name': 'Superbet.pl', 'period': 'FullTime'}]"
2025-08-16 13:24:13 UTC,2025-01-11 14:00:00 UTC,Udinese,Atalanta,Serie A 2024/2025,0,0,"0:0, 0:0",Bluenergy Stadium - Stadio Friuli,Udine,Italy,"[{'odds_over': '3.05', 'odds_under': '1.31', 'bookmaker_name': 'Betclic.pl', 'period': 'FullTime'}, {'odds_over': '3.10', 'odds_under': '1.34', 'bookmaker_name': 'BETFAN', 'period': 'FullTime'}, {'odds_over': '3.35', 'odds_under': '1.33', 'bookmaker_name': 'eFortuna.pl', 'period': 'FullTime'}, {'odds_over': '3.20', 'odds_under': '1.30', 'bookmaker_name': 'Fuksiarz.pl', 'period': 'FullTime'}, {'odds_over': '3.50', 'odds_under': '1.32', 'bookmaker_name': 'STS.pl', 'period': 'FullTime'}, {'odds_over': '3.25', 'odds_under': '1.34', 'bookmaker_name': 'Superbet.pl', 'period': 'FullTime'}]"
2025-08-16 13:24:12 UTC,2024-08-19 18:45:00 UTC,Juventus,Como,Serie A 2024/2025,3,0,"2:0, 1:0",Allianz Stadium,Turin,Italy,"[{'odds_over': '3.25', 'odds_under': '1.28', 'bookmaker_name': 'Betclic.pl', 'period': 'FullTime'}, {'odds_over': '3.25', 'odds_under': '1.31', 'bookmaker_name': 'BETFAN', 'period': 'FullTime'}, {'odds_over': '3.50', 'odds_under': '1.30', 'bookmaker_name': 'eFortuna.pl', 'period': 'FullTime'}, {'odds_over': '3.20', 'odds_under': '1.30', 'bookmaker_name': 'Fuksiarz.pl', 'period': 'FullTime'}, {'odds_over': '3.35', 'odds_under': '1.33', 'bookmaker_name': 'LV BET', 'period': 'FullTime'}, {'odds_over': '3.50', 'odds_under': '1.30', 'bookmaker_name': 'STS.pl', 'period': 'FullTime'}, {'odds_over': '3.25', 'odds_under': '1.35', 'bookmaker_name': 'Superbet.pl', 'period': 'FullTime'}]"
2025-08-16 13:24:35 UTC,2025-02-03 19:45:00 UTC,Cagliari,Lazio,Serie A 2024/2025,1,2,"0:1, 1:1",Unipol Domus,Cagliari,Italy,"[{'odds_over': '2.80', 'odds_under': '1.36', 'bookmaker_name': 'Betclic.pl', 'period': 'FullTime'}, {'odds_over': '2.83', 'odds_under': '1.39', 'bookmaker_name': 'BETFAN', 'period': 'FullTime'}, {'odds_over': '3.05', 'odds_under': '1.38', 'bookmaker_name': 'eFortuna.pl', 'period': 'FullTime'}, {'odds_over': '2.95', 'odds_under': '1.35', 'bookmaker_name': 'Fuksiarz.pl', 'period': 'FullTime'}, {'odds_over': '3.10', 'odds_under': '1.38', 'bookmaker_name': 'LV BET', 'period': 'FullTime'}, {'odds_over': '3.10', 'odds_under': '1.37', 'bookmaker_name': 'STS.pl', 'period': 'FullTime'}, {'odds_over': '3.00', 'odds_under': '1.40', 'bookmaker_name': 'Superbet.pl', 'period': 'FullTime'}]"
2025-08-16 13:24:36 UTC,2025-01-12 19:45:00 UTC,Napoli,Verona,Serie A 2024/2025,2,0,"1:0, 1:0",Stadio Diego Armando Maradona,Naples,Italy,"[{'odds_over': '2.80', 'odds_under': '1.37', 'bookmaker_name': 'Betclic.pl', 'period': 'FullTime'}, {'odds_over': '2.82', 'odds_under': '1.40', 'bookmaker_name': 'BETFAN', 'period': 'FullTime'}, {'odds_over': '2.94', 'odds_under': '1.40', 'bookmaker_name': 'eFortuna.pl', 'period': 'FullTime'}, {'odds_over': '2.85', 'odds_under': '1.37', 'bookmaker_name': 'Fuksiarz.pl', 'period': 'FullTime'}, {'odds_over': '2.95', 'odds_under': '1.40', 'bookmaker_name': 'STS.pl', 'period': 'FullTime'}, {'odds_over': '3.00', 'odds_under': '1.40', 'bookmaker_name': 'Superbet.pl', 'period': 'FullTime'}]"
2025-08-16 13:24:58 UTC,2024-10-20 16:00:00 UTC,Cagliari,Torino,Serie A 2024/2025,3,2,"1:1, 2:1",Unipol Domus,Cagliari,Italy,"[{'odds_over': '3.60', 'odds_under': '1.23', 'bookmaker_name': 'Betclic.pl', 'period': 'FullTime'}, {'odds_over': '3.70', 'odds_under': '1.25', 'bookmaker_name': 'BETFAN', 'period': 'FullTime'}, {'odds_over': '3.90', 'odds_under': '1.25', 'bookmaker_name': 'eFortuna.pl', 'period': 'FullTime'}, {'odds_over': '3.75', 'odds_under': '1.23', 'bookmaker_name': 'Fuksiarz.pl', 'period': 'FullTime'}, {'odds_over': '4.05', 'odds_under': '1.25', 'bookmaker_name': 'LV BET', 'period': 'FullTime'}, {'odds_over': '3.60', 'odds_under': '1.27', 'bookmaker_name': 'STS.pl', 'period': 'FullTime'}, {'odds_over': '4.00', 'odds_under': '1.25', 'bookmaker_name': 'Superbet.pl', 'period': 'FullTime'}]"
2025-08-16 13:24:57 UTC,2024-08-17 18:45:00 UTC,AC Milan,Torino,Serie A 2024/2025,2,2,"0:1, 2:1",Stadio Giuseppe Meazza (San Siro),Milan,Italy,"[{'odds_over': '2.65', 'odds_under': '1.40', 'bookmaker_name': 'Betclic.pl', 'period': 'FullTime'}, {'odds_over': '2.70', 'odds_under': '1.43', 'bookmaker_name': 'BETFAN', 'period': 'FullTime'}, {'odds_over': '2.82', 'odds_under': '1.43', 'bookmaker_name': 'eFortuna.pl', 'period': 'FullTime'}, {'odds_over': '2.85', 'odds_under': '1.37', 'bookmaker_name': 'Fuksiarz.pl', 'period': 'FullTime'}, {'odds_over': '3.10', 'odds_under': '1.38', 'bookmaker_name': 'LV BET', 'period': 'FullTime'}, {'odds_over': '2.80', 'odds_under': '1.44', 'bookmaker_name': 'STS.pl', 'period': 'FullTime'}, {'odds_over': '2.90', 'odds_under': '1.42', 'bookmaker_name': 'Superbet.pl', 'period': 'FullTime'}]"
2025-08-16 13:25:18 UTC,2024-08-17 18:45:00 UTC,Empoli,Monza,Serie A 2024/2025,0,0,"0:0, 0:0",Stadio Carlo Castellani,Empoli,Italy,"[{'odds_over': '3.65', 'odds_under': '1.23', 'bookmaker_name': 'Betclic.pl', 'period': 'FullTime'}, {'odds_over': '3.70', 'odds_under': '1.25', 'bookmaker_name': 'BETFAN', 'period': 'FullTime'}, {'odds_over': '4.10', 'odds_under': '1.24', 'bookmaker_name': 'eFortuna.pl', 'period': 'FullTime'}, {'odds_over': '3.85', 'odds_under': '1.22', 'bookmaker_name': 'Fuksiarz.pl', 'period': 'FullTime'}, {'odds_over': '4.05', 'odds_under': '1.25', 'bookmaker_name': 'LV BET', 'period': 'FullTime'}, {'odds_over': '4.00', 'odds_under': '1.25', 'bookmaker_name': 'STS.pl', 'period': 'FullTime'}, {'odds_over': '4.00', 'odds_under': '1.25', 'bookmaker_name': 'Superbet.pl', 'period': 'FullTime'}]"
2025-08-16 13:25:19 UTC,2024-08-25 16:30:00 UTC,Torino,Atalanta,Serie A 2024/2025,2,1,"1:1, 1:0",Stadio Olimpico di Torino,Turin,Italy,"[{'odds_over': '3.35', 'odds_under': '1.26', 'bookmaker_name': 'Betclic.pl', 'period': 'FullTime'}, {'odds_over': '3.40', 'odds_under': '1.29', 'bookmaker_name': 'BETFAN', 'period': 'FullTime'}, {'odds_over': '3.60', 'odds_under': '1.29', 'bookmaker_name': 'eFortuna.pl', 'period': 'FullTime'}, {'odds_over': '3.50', 'odds_under': '1.26', 'bookmaker_name': 'Fuksiarz.pl', 'period': 'FullTime'}, {'odds_over': '3.55', 'odds_under': '1.30', 'bookmaker_name': 'LV BET', 'period': 'FullTime'}, {'odds_over': '3.50', 'odds_under': '1.32', 'bookmaker_name': 'STS.pl', 'period': 'FullTime'}, {'odds_over': '3.70', 'odds_under': '1.28', 'bookmaker_name': 'Superbet.pl', 'period': 'FullTime'}]"
2025-08-16 13:25:40 UTC,2025-01-12 14:00:00 UTC,Venezia,Inter,Serie A 2024/2025,0,1,"0:1, 0:0",Stadio Pierluigi Penzo,Venice,Italy,"[{'odds_over': '2.35', 'odds_under': '1.50', 'bookmaker_name': 'Betclic.pl', 'period': 'FullTime'}, {'odds_over': '2.37', 'odds_under': '1.54', 'bookmaker_name': 'BETFAN', 'period': 'FullTime'}, {'odds_over': '2.46', 'odds_under': '1.54', 'bookmaker_name': 'eFortuna.pl', 'period': 'FullTime'}, {'odds_over': '2.45', 'odds_under': '1.48', 'bookmaker_name': 'Fuksiarz.pl', 'period': 'FullTime'}, {'odds_over': '2.55', 'odds_under': '1.53', 'bookmaker_name': 'STS.pl', 'period': 'FullTime'}, {'odds_over': '2.50', 'odds_under': '1.55', 'bookmaker_name': 'Superbet.pl', 'period': 'FullTime'}]"
2025-08-16 13:25:41 UTC,2025-01-20 19:45:00 UTC,Como,Udinese,Serie A 2024/2025,4,1,"2:0, 2:1",Stadio Giuseppe Sinigaglia,Como,Italy,"[{'odds_over': '3.30', 'odds_under': '1.27', 'bookmaker_name': 'Betclic.pl', 'period': 'FullTime'}, {'odds_over': '3.35', 'odds_under': '1.30', 'bookmaker_name': 'BETFAN', 'period': 'FullTime'}, {'odds_over': '3.55', 'odds_under': '1.29', 'bookmaker_name': 'eFortuna.pl', 'period': 'FullTime'}, {'odds_over': '3.50', 'odds_under': '1.26', 'bookmaker_name': 'Fuksiarz.pl', 'period': 'FullTime'}, {'odds_over': '3.75', 'odds_under': '1.28', 'bookmaker_name': 'LV BET', 'period': 'FullTime'}, {'odds_over': '3.50', 'odds_under': '1.30', 'bookmaker_name': 'STS.pl', 'period': 'FullTime'}, {'odds_over': '3.55', 'odds_under': '1.30', 'bookmaker_name': 'Superbet.pl', 'period': 'FullTime'}]"
2025-08-16 13:26:02 UTC,2024-08-18 18:45:00 UTC,Cagliari,AS Roma,Serie A 2024/2025,0,0,"0:0, 0:0",Unipol Domus,Cagliari,Italy,"[{'odds_over': '2.80', 'odds_under': '1.31', 'bookmaker_name': 'Betclic.pl', 'period': 'FullTime'}, {'odds_over': '2.98', 'odds_under': '1.36', 'bookmaker_name': 'BETFAN', 'period': 'FullTime'}, {'odds_over': '3.20', 'odds_under': '1.35', 'bookmaker_name': 'eFortuna.pl', 'period': 'FullTime'}, {'odds_over': '3.05', 'odds_under': '1.33', 'bookmaker_name': 'Fuksiarz.pl', 'period': 'FullTime'}, {'odds_over': '3.10', 'odds_under': '1.38', 'bookmaker_name': 'LV BET', 'period': 'FullTime'}, {'odds_over': '3.20', 'odds_under': '1.36', 'bookmaker_name': 'STS.pl', 'period': 'FullTime'}, {'odds_over': '3.20', 'odds_under': '1.36', 'bookmaker_name': 'Superbet.pl', 'period': 'FullTime'}]"
2025-08-16 13:26:05 UTC,2024-09-01 18:45:00 UTC,Juventus,AS Roma,Serie A 2024/2025,0,0,"0:0, 0:0",Allianz Stadium,Turin,Italy,"[{'odds_over': '3.25', 'odds_under': '1.28', 'bookmaker_name': 'Betclic.pl', 'period': 'FullTime'}, {'odds_over': '3.30', 'odds_under': '1.31', 'bookmaker_name': 'BETFAN', 'period': 'FullTime'}, {'odds_over': '3.50', 'odds_under': '1.31', 'bookmaker_name': 'eFortuna.pl', 'period': 'FullTime'}, {'odds_over': '3.35', 'odds_under': '1.28', 'bookmaker_name': 'Fuksiarz.pl', 'period': 'FullTime'}, {'odds_over': '3.65', 'odds_under': '1.28', 'bookmaker_name': 'LV BET', 'period': 'FullTime'}, {'odds_over': '3.50', 'odds_under': '1.30', 'bookmaker_name': 'STS.pl', 'period': 'FullTime'}, {'odds_over': '3.70', 'odds_under': '1.28', 'bookmaker_name': 'Superbet.pl', 'period': 'FullTime'}]"
2025-08-16 13:26:24 UTC,2024-09-01 18:45:00 UTC,Udinese,Como,Serie A 2024/2025,1,0,"1:0, 0:0",Bluenergy Stadium - Stadio Friuli,Udine,Italy,"[{'odds_over': '3.55', 'odds_under': '1.24', 'bookmaker_name': 'Betclic.pl', 'period': 'FullTime'}, {'odds_over': '3.60', 'odds_under': '1.26', 'bookmaker_name': 'BETFAN', 'period': 'FullTime'}, {'odds_over': '3.80', 'odds_under': '1.27', 'bookmaker_name': 'eFortuna.pl', 'period': 'FullTime'}, {'odds_over': '3.65', 'odds_under': '1.24', 'bookmaker_name': 'Fuksiarz.pl', 'period': 'FullTime'}, {'odds_over': '3.95', 'odds_under': '1.25', 'bookmaker_name': 'LV BET', 'period': 'FullTime'}, {'odds_over': '4.00', 'odds_under': '1.25', 'bookmaker_name': 'STS.pl', 'period': 'FullTime'}]"
2025-08-16 13:26:27 UTC,2025-02-02 14:00:00 UTC,Fiorentina,Genoa,Serie A 2024/2025,2,1,"2:0, 0:1",Stadio Artemio Franchi,Florence,Italy,"[{'odds_over': '3.05', 'odds_under': '1.31', 'bookmaker_name': 'Betclic.pl', 'period': 'FullTime'}, {'odds_over': '3.10', 'odds_under': '1.34', 'bookmaker_name': 'BETFAN', 'period': 'FullTime'}, {'odds_over': '3.30', 'odds_under': '1.34', 'bookmaker_name': 'eFortuna.pl', 'period': 'FullTime'}, {'odds_over': '3.20', 'odds_under': '1.30', 'bookmaker_name': 'Fuksiarz.pl', 'period': 'FullTime'}, {'odds_over': '3.55', 'odds_under': '1.30', 'bookmaker_name': 'LV BET', 'period': 'FullTime'}, {'odds_over': '3.30', 'odds_under': '1.34', 'bookmaker_name': 'STS.pl', 'period': 'FullTime'}, {'odds_over': '3.30', 'odds_under': '1.34', 'bookmaker_name': 'Superbet.pl', 'period': 'FullTime'}]"
2025-08-16 13:26:46 UTC,2024-09-01 16:30:00 UTC,Genoa,Verona,Serie A 2024/2025,0,2,"0:0, 0:2",Stadio Luigi Ferraris,Genoa,Italy,"[{'odds_over': '3.90', 'odds_under': '1.20', 'bookmaker_name': 'Betclic.pl', 'period': 'FullTime'}, {'odds_over': '4.00', 'odds_under': '1.22', 'bookmaker_name': 'BETFAN', 'period': 'FullTime'}, {'odds_over': '4.20', 'odds_under': '1.23', 'bookmaker_name': 'eFortuna.pl', 'period': 'FullTime'}, {'odds_over': '4.05', 'odds_under': '1.20', 'bookmaker_name': 'Fuksiarz.pl', 'period': 'FullTime'}, {'odds_over': '4.60', 'odds_under': '1.20', 'bookmaker_name': 'LV BET', 'period': 'FullTime'}, {'odds_over': '4.30', 'odds_under': '1.22', 'bookmaker_name': 'STS.pl', 'period': 'FullTime'}, {'odds_over': '4.40', 'odds_under': '1.22', 'bookmaker_name': 'Superbet.pl', 'period': 'FullTime'}]"
2025-08-16 13:26:50 UTC,2024-10-20 18:45:00 UTC,AS Roma,Inter,Serie A 2024/2025,0,1,"0:0, 0:1",Stadio Olimpico,Rome,Italy,"[{'odds_over': '2.80', 'odds_under': '1.36', 'bookmaker_name': 'Betclic.pl', 'period': 'FullTime'}, {'odds_over': '2.83', 'odds_under': '1.40', 'bookmaker_name': 'BETFAN', 'period': 'FullTime'}, {'odds_over': '3.05', 'odds_under': '1.38', 'bookmaker_name': 'eFortuna.pl', 'period': 'FullTime'}, {'odds_over': '2.95', 'odds_under': '1.35', 'bookmaker_name': 'Fuksiarz.pl', 'period': 'FullTime'}, {'odds_over': '3.10', 'odds_under': '1.38', 'bookmaker_name': 'LV BET', 'period': 'FullTime'}, {'odds_over': '2.75', 'odds_under': '1.44', 'bookmaker_name': 'STS.pl', 'period': 'FullTime'}, {'odds_over': '3.00', 'odds_under': '1.40', 'bookmaker_name': 'Superbet.pl', 'period': 'FullTime'}]"
2025-08-16 13:27:08 UTC,2024-08-17 16:30:00 UTC,Parma,Fiorentina,Serie A 2024/2025,1,1,"1:0, 0:1",Stadio Ennio Tardini,Parma,Italy,"[{'odds_over': '2.90', 'odds_under': '1.34', 'bookmaker_name': 'Betclic.pl', 'period': 'FullTime'}, {'odds_over': '2.96', 'odds_under': '1.37', 'bookmaker_name': 'BETFAN', 'period': 'FullTime'}, {'odds_over': '3.20', 'odds_under': '1.35', 'bookmaker_name': 'eFortuna.pl', 'period': 'FullTime'}, {'odds_over': '3.05', 'odds_under': '1.33', 'bookmaker_name': 'Fuksiarz.pl', 'period': 'FullTime'}, {'odds_over': '3.10', 'odds_under': '1.38', 'bookmaker_name': 'LV BET', 'period': 'FullTime'}, {'odds_over': '3.10', 'odds_under': '1.37', 'bookmaker_name': 'STS.pl', 'period': 'FullTime'}, {'odds_over': '3.00', 'odds_under': '1.40', 'bookmaker_name': 'Superbet.pl', 'period': 'FullTime'}]"
2025-08-16 13:27:12 UTC,2024-10-20 13:00:00 UTC,Lecce,Fiorentina,Serie A 2024/2025,0,6,"0:3, 0:3",Stadio Via del Mare,Lecce,Italy,"[{'odds_over': '3.60', 'odds_under': '1.23', 'bookmaker_name': 'Betclic.pl', 'period': 'FullTime'}, {'odds_over': '3.65', 'odds_under': '1.25', 'bookmaker_name': 'BETFAN', 'period': 'FullTime'}, {'odds_over': '3.90', 'odds_under': '1.25', 'bookmaker_name': 'eFortuna.pl', 'period': 'FullTime'}, {'odds_over': '3.65', 'odds_under': '1.24', 'bookmaker_name': 'Fuksiarz.pl', 'period': 'FullTime'}, {'odds_over': '3.85', 'odds_under': '1.25', 'bookmaker_name': 'LV BET', 'period': 'FullTime'}, {'odds_over': '3.40', 'odds_under': '1.30', 'bookmaker_name': 'STS.pl', 'period': 'FullTime'}, {'odds_over': '3.90', 'odds_under': '1.26', 'bookmaker_name': 'Superbet.pl', 'period': 'FullTime'}]"
2025-08-16 13:27:29 UTC,2024-08-30 16:30:00 UTC,Venezia,Torino,Serie A 2024/2025,0,1,"0:0, 0:1",Stadio Pierluigi Penzo,Venice,Italy,"[{'odds_over': '3.55', 'odds_under': '1.24', 'bookmaker_name': 'Betclic.pl', 'period': 'FullTime'}, {'odds_over': '3.60', 'odds_under': '1.26', 'bookmaker_name': 'BETFAN', 'period': 'FullTime'}, {'odds_over': '3.85', 'odds_under': '1.26', 'bookmaker_name': 'eFortuna.pl', 'period': 'FullTime'}, {'odds_over': '3.65', 'odds_under': '1.24', 'bookmaker_name': 'Fuksiarz.pl', 'period': 'FullTime'}, {'odds_over': '3.65', 'odds_under': '1.28', 'bookmaker_name': 'LV BET', 'period': 'FullTime'}, {'odds_over': '3.90', 'odds_under': '1.26', 'bookmaker_name': 'STS.pl', 'period': 'FullTime'}]"
2025-08-16 13:27:33 UTC,2024-08-24 18:45:00 UTC,Inter,Lecce,Serie A 2024/2025,2,0,"1:0, 1:0",Stadio Giuseppe Meazza (San Siro),Milan,Italy,"[{'odds_over': '2.37', 'odds_under': '1.50', 'bookmaker_name': 'Betclic.pl', 'period': 'FullTime'}, {'odds_over': '2.38', 'odds_under': '1.54', 'bookmaker_name': 'BETFAN', 'period': 'FullTime'}, {'odds_over': '2.51', 'odds_under': '1.54', 'bookmaker_name': 'eFortuna.pl', 'period': 'FullTime'}, {'odds_over': '2.45', 'odds_under': '1.48', 'bookmaker_name': 'Fuksiarz.pl', 'period': 'FullTime'}, {'odds_over': '2.47', 'odds_under': '1.55', 'bookmaker_name': 'LV BET', 'period': 'FullTime'}, {'odds_over': '2.50', 'odds_under': '1.55', 'bookmaker_name': 'STS.pl', 'period': 'FullTime'}, {'odds_over': '2.60', 'odds_under': '1.50', 'bookmaker_name': 'Superbet.pl', 'period': 'FullTime'}]"
2025-08-16 13:27:51 UTC,2025-03-09 11:30:00 UTC,Verona,Bologna,Serie A 2024/2025,1,2,"0:1, 1:1",Stadio Marc'Antonio Bentegodi,Verona,Italy,"[{'odds_over': '3.75', 'odds_under': '1.22', 'bookmaker_name': 'Betclic.pl', 'period': 'FullTime'}, {'odds_over': '3.85', 'odds_under': '1.24', 'bookmaker_name': 'BETFAN', 'period': 'FullTime'}, {'odds_over': '4.10', 'odds_under': '1.24', 'bookmaker_name': 'eFortuna.pl', 'period': 'FullTime'}, {'odds_over': '3.85', 'odds_under': '1.22', 'bookmaker_name': 'Fuksiarz.pl', 'period': 'FullTime'}, {'odds_over': '4.40', 'odds_under': '1.20', 'bookmaker_name': 'LV BET', 'period': 'FullTime'}, {'odds_over': '4.10', 'odds_under': '1.24', 'bookmaker_name': 'STS.pl', 'period': 'FullTime'}, {'odds_over': '4.10', 'odds_under': '1.24', 'bookmaker_name': 'Superbet.pl', 'period': 'FullTime'}]"
2025-08-16 13:27:56 UTC,2025-01-26 19:45:00 UTC,Lazio,Fiorentina,Serie A 2024/2025,1,2,"0:2, 1:0",Stadio Olimpico,Rome,Italy,"[{'odds_over': '3.00', 'odds_under': '1.32', 'bookmaker_name': 'Betclic.pl', 'period': 'FullTime'}, {'odds_over': '3.10', 'odds_under': '1.34', 'bookmaker_name': 'BETFAN', 'period': 'FullTime'}, {'odds_over': '3.25', 'odds_under': '1.34', 'bookmaker_name': 'eFortuna.pl', 'period': 'FullTime'}, {'odds_over': '3.20', 'odds_under': '1.30', 'bookmaker_name': 'Fuksiarz.pl', 'period': 'FullTime'}, {'odds_over': '3.15', 'odds_under': '1.38', 'bookmaker_name': 'LV BET', 'period': 'FullTime'}, {'odds_over': '3.10', 'odds_under': '1.37', 'bookmaker_name': 'STS.pl', 'period': 'FullTime'}, {'odds_over': '3.20', 'odds_under': '1.36', 'bookmaker_name': 'Superbet.pl', 'period': 'FullTime'}]"
2025-08-16 13:28:13 UTC,2025-01-19 14:00:00 UTC,Parma,Venezia,Serie A 2024/2025,1,1,"0:1, 1:0",Stadio Ennio Tardini,Parma,Italy,"[{'odds_over': '2.75', 'odds_under': '1.37', 'bookmaker_name': 'Betclic.pl', 'period': 'FullTime'}, {'odds_over': '2.79', 'odds_under': '1.40', 'bookmaker_name': 'BETFAN', 'period': 'FullTime'}, {'odds_over': '2.99', 'odds_under': '1.40', 'bookmaker_name': 'eFortuna.pl', 'period': 'FullTime'}, {'odds_over': '2.95', 'odds_under': '1.35', 'bookmaker_name': 'Fuksiarz.pl', 'period': 'FullTime'}, {'odds_over': '2.75', 'odds_under': '1.45', 'bookmaker_name': 'LV BET', 'period': 'FullTime'}, {'odds_over': '2.95', 'odds_under': '1.40', 'bookmaker_name': 'STS.pl', 'period': 'FullTime'}, {'odds_over': '3.00', 'odds_under': '1.40', 'bookmaker_name': 'Superbet.pl', 'period': 'FullTime'}]"
2025-08-16 13:28:17 UTC,2025-01-14 19:45:00 UTC,Atalanta,Juventus,Serie A 2024/2025,1,1,"0:0, 1:1",Gewiss Stadium,Bergamo,Italy,"[{'odds_over': '3.90', 'odds_under': '1.20', 'bookmaker_name': 'Betclic.pl', 'period': 'FullTime'}, {'odds_over': '4.10', 'odds_under': '1.21', 'bookmaker_name': 'BETFAN', 'period': 'FullTime'}, {'odds_over': '4.35', 'odds_under': '1.22', 'bookmaker_name': 'eFortuna.pl', 'period': 'FullTime'}, {'odds_over': '4.05', 'odds_under': '1.20', 'bookmaker_name': 'Fuksiarz.pl', 'period': 'FullTime'}, {'odds_over': '4.30', 'odds_under': '1.22', 'bookmaker_name': 'STS.pl', 'period': 'FullTime'}, {'odds_over': '4.25', 'odds_under': '1.23', 'bookmaker_name': 'Superbet.pl', 'period': 'FullTime'}]"
2025-08-16 13:28:35 UTC,2024-11-29 19:45:00 UTC,Cagliari,Verona,Serie A 2024/2025,1,0,"0:0, 1:0",Unipol Domus,Cagliari,Italy,"[{'odds_over': '3.00', 'odds_under': '1.32', 'bookmaker_name': 'Betclic.pl', 'period': 'FullTime'}, {'odds_over': '2.83', 'odds_under': '1.40', 'bookmaker_name': 'BETFAN', 'period': 'FullTime'}, {'odds_over': '2.94', 'odds_under': '1.40', 'bookmaker_name': 'eFortuna.pl', 'period': 'FullTime'}, {'odds_over': '2.95', 'odds_under': '1.35', 'bookmaker_name': 'Fuksiarz.pl', 'period': 'FullTime'}, {'odds_over': '3.25', 'odds_under': '1.35', 'bookmaker_name': 'LV BET', 'period': 'FullTime'}, {'odds_over': '3.10', 'odds_under': '1.38', 'bookmaker_name': 'STS.pl', 'period': 'FullTime'}, {'odds_over': '3.00', 'odds_under': '1.40', 'bookmaker_name': 'Superbet.pl', 'period': 'FullTime'}]"
2025-08-16 13:28:38 UTC,2024-12-29 19:45:00 UTC,AC Milan,AS Roma,Serie A 2024/2025,1,1,"1:1, 0:0",Stadio Giuseppe Meazza (San Siro),Milan,Italy,"[{'odds_over': '3.40', 'odds_under': '1.25', 'bookmaker_name': 'Betclic.pl', 'period': 'FullTime'}, {'odds_over': '3.45', 'odds_under': '1.28', 'bookmaker_name': 'BETFAN', 'period': 'FullTime'}, {'odds_over': '3.85', 'odds_under': '1.26', 'bookmaker_name': 'eFortuna.pl', 'period': 'FullTime'}, {'odds_over': '3.65', 'odds_under': '1.24', 'bookmaker_name': 'Fuksiarz.pl', 'period': 'FullTime'}, {'odds_over': '3.70', 'odds_under': '1.28', 'bookmaker_name': 'STS.pl', 'period': 'FullTime'}, {'odds_over': '3.75', 'odds_under': '1.28', 'bookmaker_name': 'Superbet.pl', 'period': 'FullTime'}]"
2025-08-16 13:28:55 UTC,2024-11-25 17:30:00 UTC,Empoli,Udinese,Serie A 2024/2025,1,1,"1:0, 0:1",Stadio Carlo Castellani,Empoli,Italy,"[{'odds_over': '4.70', 'odds_under': '1.14', 'bookmaker_name': 'Betclic.pl', 'period': 'FullTime'}, {'odds_over': '4.85', 'odds_under': '1.16', 'bookmaker_name': 'BETFAN', 'period': 'FullTime'}, {'odds_over': '5.20', 'odds_under': '1.16', 'bookmaker_name': 'eFortuna.pl', 'period': 'FullTime'}, {'odds_over': '4.90', 'odds_under': '1.14', 'bookmaker_name': 'Fuksiarz.pl', 'period': 'FullTime'}, {'odds_over': '5.65', 'odds_under': '1.14', 'bookmaker_name': 'LV BET', 'period': 'FullTime'}, {'odds_over': '5.60', 'odds_under': '1.15', 'bookmaker_name': 'STS.pl', 'period': 'FullTime'}, {'odds_over': '5.35', 'odds_under': '1.16', 'bookmaker_name': 'Superbet.pl', 'period': 'FullTime'}]"
2025-08-16 13:29:00 UTC,2025-01-17 19:45:00 UTC,AS Roma,Genoa,Serie A 2024/2025,3,1,"1:1, 2:0",Stadio Olimpico,Rome,Italy,"[{'odds_over': '3.10', 'odds_under': '1.30', 'bookmaker_name': 'Betclic.pl', 'period': 'FullTime'}, {'odds_over': '3.20', 'odds_under': '1.32', 'bookmaker_name': 'BETFAN', 'period': 'FullTime'}, {'odds_over': '3.40', 'odds_under': '1.33', 'bookmaker_name': 'eFortuna.pl', 'period': 'FullTime'}, {'odds_over': '3.20', 'odds_under': '1.30', 'bookmaker_name': 'Fuksiarz.pl', 'period': 'FullTime'}, {'odds_over': '3.45', 'odds_under': '1.30', 'bookmaker_name': 'LV BET', 'period': 'FullTime'}, {'odds_over': '3.30', 'odds_under': '1.34', 'bookmaker_name': 'STS.pl', 'period': 'FullTime'}, {'odds_over': '3.35', 'odds_under': '1.33', 'bookmaker_name': 'Superbet.pl', 'period': 'FullTime'}]"
2025-08-16 13:29:18 UTC,2024-08-25 16:30:00 UTC,Fiorentina,Venezia,Serie A 2024/2025,0,0,"0:0, 0:0",Stadio Artemio Franchi,Florence,Italy,"[{'odds_over': '2.65', 'odds_under': '1.41', 'bookmaker_name': 'Betclic.pl', 'period': 'FullTime'}, {'odds_over': '2.65', 'odds_under': '1.44', 'bookmaker_name': 'BETFAN', 'period': 'FullTime'}, {'odds_over': '2.80', 'odds_under': '1.45', 'bookmaker_name': 'eFortuna.pl', 'period': 'FullTime'}, {'odds_over': '2.75', 'odds_under': '1.40', 'bookmaker_name': 'Fuksiarz.pl', 'period': 'FullTime'}, {'odds_over': '2.65', 'odds_under': '1.45', 'bookmaker_name': 'LV BET', 'period': 'FullTime'}, {'odds_over': '2.80', 'odds_under': '1.45', 'bookmaker_name': 'STS.pl', 'period': 'FullTime'}, {'odds_over': '3.00', 'odds_under': '1.40', 'bookmaker_name': 'Superbet.pl', 'period': 'FullTime'}]"
2025-08-16 13:29:22 UTC,2025-01-11 19:45:00 UTC,AC Milan,Cagliari,Serie A 2024/2025,1,1,"0:0, 1:1",Stadio Giuseppe Meazza (San Siro),Milan,Italy,"[{'odds_over': '2.23', 'odds_under': '1.56', 'bookmaker_name': 'Betclic.pl', 'period': 'FullTime'}, {'odds_over': '2.24', 'odds_under': '1.60', 'bookmaker_name': 'BETFAN', 'period': 'FullTime'}, {'odds_over': '2.33', 'odds_under': '1.60', 'bookmaker_name': 'eFortuna.pl', 'period': 'FullTime'}, {'odds_over': '2.30', 'odds_under': '1.55', 'bookmaker_name': 'Fuksiarz.pl', 'period': 'FullTime'}, {'odds_over': '2.35', 'odds_under': '1.60', 'bookmaker_name': 'STS.pl', 'period': 'FullTime'}, {'odds_over': '2.32', 'odds_under': '1.61', 'bookmaker_name': 'Superbet.pl', 'period': 'FullTime'}]"
2025-08-16 13:29:40 UTC,2025-02-02 19:45:00 UTC,AS Roma,Napoli,Serie A 2024/2025,1,1,"0:1, 1:0",Stadio Olimpico,Rome,Italy,"[{'odds_over': '3.45', 'odds_under': '1.25', 'bookmaker_name': 'Betclic.pl', 'period': 'FullTime'}, {'odds_over': '3.50', 'odds_under': '1.27', 'bookmaker_name': 'BETFAN', 'period': 'FullTime'}, {'odds_over': '3.70', 'odds_under': '1.28', 'bookmaker_name': 'eFortuna.pl', 'period': 'FullTime'}, {'odds_over': '3.65', 'odds_under': '1.24', 'bookmaker_name': 'Fuksiarz.pl', 'period': 'FullTime'}, {'odds_over': '3.85', 'odds_under': '1.25', 'bookmaker_name': 'LV BET', 'period': 'FullTime'}, {'odds_over': '3.75', 'odds_under': '1.28', 'bookmaker_name': 'STS.pl', 'period': 'FullTime'}, {'odds_over': '3.85', 'odds_under': '1.27', 'bookmaker_name': 'Superbet.pl', 'period': 'FullTime'}]"
2025-08-16 13:29:43 UTC,2025-02-01 17:00:00 UTC,Atalanta,Torino,Serie A 2024/2025,1,1,"1:1, 0:0",Gewiss Stadium,Bergamo,Italy,"[{'odds_over': '3.10', 'odds_under': '1.32', 'bookmaker_name': 'Betclic.pl', 'period': 'FullTime'}, {'odds_over': '3.00', 'odds_under': '1.35', 'bookmaker_name': 'BETFAN', 'period': 'FullTime'}, {'odds_over': '3.45', 'odds_under': '1.31', 'bookmaker_name': 'eFortuna.pl', 'period': 'FullTime'}, {'odds_over': '3.05', 'odds_under': '1.33', 'bookmaker_name': 'Fuksiarz.pl', 'period': 'FullTime'}, {'odds_over': '3.45', 'odds_under': '1.30', 'bookmaker_name': 'LV BET', 'period': 'FullTime'}, {'odds_over': '3.25', 'odds_under': '1.34', 'bookmaker_name': 'STS.pl', 'period': 'FullTime'}, {'odds_over': '3.25', 'odds_under': '1.35', 'bookmaker_name': 'Superbet.pl', 'period': 'FullTime'}]"
