scraped_date,match_date,home_team,away_team,league_name,home_score,away_score,partial_results,venue,venue_town,venue_country,over_under_3_0_market
2025-08-22 17:54:54 UTC,2020-10-17 14:30:00 UTC,Gil Vicente,Tondela,Primeira Liga 2020/2021,1,1,"1:0, 0:1",Estádio Cidade de Barcelos,Barcelos,Portugal,"[{""odds_over"": ""4.1"", ""odds_under"": ""1.21"", ""bookmaker_name"": ""LV BET"", ""period"": ""FullTime""}]"
2025-08-22 17:54:54 UTC,2021-04-11 19:00:00 UTC,Sporting CP,Famalicao,Primeira Liga 2020/2021,1,1,"1:1, 0:0",Estádio José Alvalade,Lisbon,Portugal,"[{""odds_over"": ""3.0"", ""odds_under"": ""1.36"", ""bookmaker_name"": ""LV BET"", ""period"": ""FullTime""}]"
2025-08-22 17:55:15 UTC,2020-12-06 20:00:00 UTC,BSAD,Braga,Primeira Liga 2020/2021,2,1,"2:0, 0:1",Estádio Nacional do Jamor,Lisbon - Oeiras,Portugal,"[{""odds_over"": ""2.5"", ""odds_under"": ""1.49"", ""bookmaker_name"": ""LV BET"", ""period"": ""FullTime""}]"
2025-08-22 17:55:15 UTC,2021-03-07 20:00:00 UTC,Rio Ave,SC Farense,Primeira Liga 2020/2021,2,0,"1:0, 1:0",Estádio do Rio Ave,Vila do Conde,Portugal,"[{""odds_over"": ""3.3"", ""odds_under"": ""1.31"", ""bookmaker_name"": ""LV BET"", ""period"": ""FullTime""}]"
2025-08-22 17:55:36 UTC,2021-04-10 17:00:00 UTC,Tondela,FC Porto,Primeira Liga 2020/2021,0,2,"0:1, 0:1",Estádio João Cardoso,Tondela,Portugal,"[{""odds_over"": ""2.07"", ""odds_under"": ""1.72"", ""bookmaker_name"": ""LV BET"", ""period"": ""FullTime""}]"
2025-08-22 17:55:38 UTC,2021-04-26 16:00:00 UTC,BSAD,Gil Vicente,Primeira Liga 2020/2021,2,1,"0:1, 2:0",Estádio Nacional do Jamor,Lisbon - Oeiras,Portugal,"[{""odds_over"": ""3.85"", ""odds_under"": ""1.24"", ""bookmaker_name"": ""LV BET"", ""period"": ""FullTime""}]"
2025-08-22 17:55:59 UTC,2021-04-04 19:00:00 UTC,Famalicao,Pacos Ferreira,Primeira Liga 2020/2021,2,0,"1:0, 1:0",Estadio Municipal de Famalicao,Vila Nova de Famalicao,Portugal,"[{""odds_over"": ""3.6"", ""odds_under"": ""1.26"", ""bookmaker_name"": ""LV BET"", ""period"": ""FullTime""}]"
2025-08-22 17:55:59 UTC,2021-05-14 18:00:00 UTC,Pacos Ferreira,Gil Vicente,Primeira Liga 2020/2021,0,2,"0:1, 0:1",Estádio da Capital do Móvel,Paços de Ferreira,Portugal,"[{""odds_over"": ""3.7"", ""odds_under"": ""1.25"", ""bookmaker_name"": ""LV BET"", ""period"": ""FullTime""}]"
2025-08-22 17:56:20 UTC,2020-10-04 14:30:00 UTC,Nacional,BSAD,Primeira Liga 2020/2021,0,0,"0:0, 0:0",Estádio da Madeira,Funchal,Portugal,"[{""odds_over"": ""2.95"", ""odds_under"": ""1.37"", ""bookmaker_name"": ""LV BET"", ""period"": ""FullTime""}]"
2025-08-22 17:56:21 UTC,2020-11-30 19:00:00 UTC,Maritimo,Benfica,Primeira Liga 2020/2021,1,2,"1:1, 0:1",Estádio do Marítimo,Funchal,Portugal,"[{""odds_over"": ""1.72"", ""odds_under"": ""2.06"", ""bookmaker_name"": ""LV BET"", ""period"": ""FullTime""}]"
2025-08-22 17:56:40 UTC,2021-05-11 15:00:00 UTC,Tondela,BSAD,Primeira Liga 2020/2021,1,3,"1:2, 0:1",Estádio João Cardoso,Tondela,Portugal,"[{""odds_over"": ""3.3"", ""odds_under"": ""1.31"", ""bookmaker_name"": ""LV BET"", ""period"": ""FullTime""}]"
2025-08-22 17:56:43 UTC,2021-02-09 15:00:00 UTC,Pacos Ferreira,Portimonense,Primeira Liga 2020/2021,0,0,"0:0, 0:0",Estádio da Capital do Móvel,Paços de Ferreira,Portugal,"[{""odds_over"": ""3.75"", ""odds_under"": ""1.25"", ""bookmaker_name"": ""LV BET"", ""period"": ""FullTime""}]"
2025-08-22 17:57:01 UTC,2021-03-01 20:15:00 UTC,Moreirense,BSAD,Primeira Liga 2020/2021,2,2,"2:1, 0:1",Parque Joaquim de Almeida Freitas,Moreira de Conegos,Portugal,"[{""odds_over"": ""3.75"", ""odds_under"": ""1.25"", ""bookmaker_name"": ""LV BET"", ""period"": ""FullTime""}]"
2025-08-22 17:57:04 UTC,2021-04-21 16:00:00 UTC,Maritimo,Rio Ave,Primeira Liga 2020/2021,1,0,"1:0, 0:0",Estádio do Marítimo,Funchal,Portugal,"[{""odds_over"": ""3.7"", ""odds_under"": ""1.25"", ""bookmaker_name"": ""LV BET"", ""period"": ""FullTime""}]"
2025-08-22 17:57:22 UTC,2021-01-04 19:00:00 UTC,Gil Vicente,BSAD,Primeira Liga 2020/2021,0,0,"0:0, 0:0",Estádio Cidade de Barcelos,Barcelos,Portugal,"[{""odds_over"": ""4.15"", ""odds_under"": ""1.21"", ""bookmaker_name"": ""LV BET"", ""period"": ""FullTime""}]"
2025-08-22 17:57:27 UTC,2020-10-03 17:30:00 UTC,FC Porto,Maritimo,Primeira Liga 2020/2021,2,3,"1:1, 1:2",Estádio do Dragão,Porto,Portugal,"[{""odds_over"": ""2.0"", ""odds_under"": ""1.77"", ""bookmaker_name"": ""LV BET"", ""period"": ""FullTime""}]"
2025-08-22 17:57:45 UTC,2021-02-12 20:30:00 UTC,Famalicao,BSAD,Primeira Liga 2020/2021,0,0,"0:0, 0:0",Estadio Municipal de Famalicao,Vila Nova de Famalicao,Portugal,"[{""odds_over"": ""4.25"", ""odds_under"": ""1.2"", ""bookmaker_name"": ""LV BET"", ""period"": ""FullTime""}]"
2025-08-22 17:57:49 UTC,2020-11-02 21:00:00 UTC,Boavista,Benfica,Primeira Liga 2020/2021,3,0,"2:0, 1:0",Estádio do Bessa Século XXI,Porto,Portugal,"[{""odds_over"": ""1.71"", ""odds_under"": ""2.08"", ""bookmaker_name"": ""LV BET"", ""period"": ""FullTime""}]"
2025-08-22 17:58:08 UTC,2021-02-04 15:00:00 UTC,SC Farense,Santa Clara,Primeira Liga 2020/2021,1,1,"1:0, 0:1",Estádio de São Luís,Faro,Portugal,"[{""odds_over"": ""3.75"", ""odds_under"": ""1.25"", ""bookmaker_name"": ""LV BET"", ""period"": ""FullTime""}]"
2025-08-22 17:58:09 UTC,2021-05-18 19:15:00 UTC,Tondela,Pacos Ferreira,Primeira Liga 2020/2021,2,3,"2:2, 0:1",Estádio João Cardoso,Tondela,Portugal,"[{""odds_over"": ""2.55"", ""odds_under"": ""1.47"", ""bookmaker_name"": ""LV BET"", ""period"": ""FullTime""}]"
2025-08-22 17:58:29 UTC,2021-01-04 17:00:00 UTC,Santa Clara,Benfica,Primeira Liga 2020/2021,1,1,"0:1, 1:0",Estádio de São Miguel,Ponta Delgada,Portugal,"[{""odds_over"": ""2.08"", ""odds_under"": ""1.71"", ""bookmaker_name"": ""LV BET"", ""period"": ""FullTime""}]"
2025-08-22 17:58:30 UTC,2021-04-03 17:00:00 UTC,Rio Ave,Gil Vicente,Primeira Liga 2020/2021,0,2,"0:0, 0:2",Estádio do Rio Ave,Vila do Conde,Portugal,"[{""odds_over"": ""3.6"", ""odds_under"": ""1.26"", ""bookmaker_name"": ""LV BET"", ""period"": ""FullTime""}]"
2025-08-22 17:58:51 UTC,2020-09-20 20:00:00 UTC,Tondela,Rio Ave,Primeira Liga 2020/2021,1,1,"1:0, 0:1",Estádio João Cardoso,Tondela,Portugal,"[{""odds_over"": ""3.55"", ""odds_under"": ""1.27"", ""bookmaker_name"": ""LV BET"", ""period"": ""FullTime""}]"
2025-08-22 17:58:52 UTC,2021-05-15 14:30:00 UTC,SC Farense,Tondela,Primeira Liga 2020/2021,1,0,"0:0, 1:0",Estádio de São Luís,Faro,Portugal,"[{""odds_over"": ""2.2"", ""odds_under"": ""1.62"", ""bookmaker_name"": ""LV BET"", ""period"": ""FullTime""}]"
2025-08-22 17:59:13 UTC,2021-02-08 17:00:00 UTC,SC Farense,Moreirense,Primeira Liga 2020/2021,1,2,"0:1, 1:1",Estádio de São Luís,Faro,Portugal,"[{""odds_over"": ""3.35"", ""odds_under"": ""1.3"", ""bookmaker_name"": ""LV BET"", ""period"": ""FullTime""}]"
2025-08-22 17:59:14 UTC,2021-03-15 20:15:00 UTC,Famalicao,Braga,Primeira Liga 2020/2021,2,2,"1:2, 1:0",Estadio Municipal de Famalicao,Vila Nova de Famalicao,Portugal,"[{""odds_over"": ""2.35"", ""odds_under"": ""1.54"", ""bookmaker_name"": ""LV BET"", ""period"": ""FullTime""}]"
2025-08-22 17:59:33 UTC,2021-02-09 21:00:00 UTC,Gil Vicente,Sporting CP,Primeira Liga 2020/2021,1,2,"1:0, 0:2",Estádio Cidade de Barcelos,Barcelos,Portugal,"[{""odds_over"": ""3.15"", ""odds_under"": ""1.33"", ""bookmaker_name"": ""LV BET"", ""period"": ""FullTime""}]"
2025-08-22 17:59:34 UTC,2021-02-13 18:00:00 UTC,Vitoria Guimaraes,Rio Ave,Primeira Liga 2020/2021,1,3,"0:2, 1:1",Estádio D. Afonso Henriques,Guimarães,Portugal,"[{""odds_over"": ""3.4"", ""odds_under"": ""1.29"", ""bookmaker_name"": ""LV BET"", ""period"": ""FullTime""}]"
2025-08-22 17:59:56 UTC,2020-09-28 18:45:00 UTC,BSAD,Famalicao,Primeira Liga 2020/2021,1,2,"1:0, 0:2",Estádio Nacional do Jamor,Lisbon - Oeiras,Portugal,"[{""odds_over"": ""3.15"", ""odds_under"": ""1.33"", ""bookmaker_name"": ""LV BET"", ""period"": ""FullTime""}]"
2025-08-22 17:59:57 UTC,2020-09-20 15:00:00 UTC,Santa Clara,Maritimo,Primeira Liga 2020/2021,2,0,"0:0, 2:0",Estádio de São Miguel,Ponta Delgada,Portugal,"[{""odds_over"": ""4.4"", ""odds_under"": ""1.19"", ""bookmaker_name"": ""LV BET"", ""period"": ""FullTime""}]"
2025-08-22 18:00:16 UTC,2021-01-25 14:30:00 UTC,BSAD,Tondela,Primeira Liga 2020/2021,2,0,"2:0, 0:0",Estádio Nacional do Jamor,Lisbon - Oeiras,Portugal,"[{""odds_over"": ""3.6"", ""odds_under"": ""1.26"", ""bookmaker_name"": ""LV BET"", ""period"": ""FullTime""}]"
2025-08-22 18:00:19 UTC,2021-02-05 19:00:00 UTC,Maritimo,Sporting CP,Primeira Liga 2020/2021,0,2,"0:1, 0:1",Estádio do Marítimo,Funchal,Portugal,"[{""odds_over"": ""2.8"", ""odds_under"": ""1.41"", ""bookmaker_name"": ""LV BET"", ""period"": ""FullTime""}]"
2025-08-22 18:00:38 UTC,2021-05-07 18:00:00 UTC,Famalicao,Santa Clara,Primeira Liga 2020/2021,1,0,"0:0, 1:0",Estadio Municipal de Famalicao,Vila Nova de Famalicao,Portugal,"[{""odds_over"": ""3.15"", ""odds_under"": ""1.33"", ""bookmaker_name"": ""LV BET"", ""period"": ""FullTime""}]"
2025-08-22 18:00:42 UTC,2021-03-20 20:30:00 UTC,Sporting CP,Vitoria Guimaraes,Primeira Liga 2020/2021,1,0,"1:0, 0:0",Estádio José Alvalade,Lisbon,Portugal,"[{""odds_over"": ""2.95"", ""odds_under"": ""1.37"", ""bookmaker_name"": ""LV BET"", ""period"": ""FullTime""}]"
2025-08-22 18:00:59 UTC,2021-04-21 20:15:00 UTC,Sporting CP,BSAD,Primeira Liga 2020/2021,2,2,"0:1, 2:1",Estádio José Alvalade,Lisbon,Portugal,"[{""odds_over"": ""3.05"", ""odds_under"": ""1.35"", ""bookmaker_name"": ""LV BET"", ""period"": ""FullTime""}]"
2025-08-22 18:01:04 UTC,2020-10-17 14:30:00 UTC,Maritimo,Portimonense,Primeira Liga 2020/2021,1,2,"0:0, 1:2",Estádio do Marítimo,Funchal,Portugal,"[{""odds_over"": ""3.1"", ""odds_under"": ""1.34"", ""bookmaker_name"": ""LV BET"", ""period"": ""FullTime""}]"
2025-08-22 18:01:21 UTC,2021-01-09 20:30:00 UTC,Boavista,Santa Clara,Primeira Liga 2020/2021,1,1,"1:1, 0:0",Estádio do Bessa Século XXI,Porto,Portugal,"[{""odds_over"": ""3.75"", ""odds_under"": ""1.25"", ""bookmaker_name"": ""LV BET"", ""period"": ""FullTime""}]"
2025-08-22 18:01:27 UTC,2020-11-07 15:00:00 UTC,Tondela,Santa Clara,Primeira Liga 2020/2021,2,0,"1:0, 1:0",Estádio João Cardoso,Tondela,Portugal,"[{""odds_over"": ""3.6"", ""odds_under"": ""1.26"", ""bookmaker_name"": ""LV BET"", ""period"": ""FullTime""}]"
2025-08-22 18:01:43 UTC,2021-03-14 17:30:00 UTC,Vitoria Guimaraes,Gil Vicente,Primeira Liga 2020/2021,2,4,"1:3, 1:1",Estádio D. Afonso Henriques,Guimarães,Portugal,"[{""odds_over"": ""3.55"", ""odds_under"": ""1.27"", ""bookmaker_name"": ""LV BET"", ""period"": ""FullTime""}]"
2025-08-22 18:01:49 UTC,2021-01-26 19:45:00 UTC,Braga,Gil Vicente,Primeira Liga 2020/2021,1,0,"0:0, 1:0",Estádio Municipal de Braga,Braga,Portugal,"[{""odds_over"": ""2.5"", ""odds_under"": ""1.5"", ""bookmaker_name"": ""LV BET"", ""period"": ""FullTime""}]"
2025-08-22 18:02:06 UTC,2021-03-14 20:00:00 UTC,FC Porto,Pacos Ferreira,Primeira Liga 2020/2021,2,0,"0:0, 2:0",Estádio do Dragão,Porto,Portugal,"[{""odds_over"": ""2.65"", ""odds_under"": ""1.45"", ""bookmaker_name"": ""LV BET"", ""period"": ""FullTime""}]"
2025-08-22 18:02:12 UTC,2021-04-17 14:30:00 UTC,Vitoria Guimaraes,Santa Clara,Primeira Liga 2020/2021,1,0,"1:0, 0:0",Estádio D. Afonso Henriques,Guimarães,Portugal,"[{""odds_over"": ""3.15"", ""odds_under"": ""1.33"", ""bookmaker_name"": ""LV BET"", ""period"": ""FullTime""}]"
2025-08-22 18:02:29 UTC,2021-01-30 20:30:00 UTC,Portimonense,Boavista,Primeira Liga 2020/2021,1,2,"1:1, 0:1",Estádio Municipal de Portimão,Portimão,Portugal,"[{""odds_over"": ""3.6"", ""odds_under"": ""1.26"", ""bookmaker_name"": ""LV BET"", ""period"": ""FullTime""}]"
2025-08-22 18:02:35 UTC,2020-10-18 14:00:00 UTC,BSAD,Moreirense,Primeira Liga 2020/2021,0,0,"0:0, 0:0",Estádio Nacional do Jamor,Lisbon - Oeiras,Portugal,"[{""odds_over"": ""3.6"", ""odds_under"": ""1.26"", ""bookmaker_name"": ""LV BET"", ""period"": ""FullTime""}]"
2025-08-22 18:02:51 UTC,2021-04-02 19:30:00 UTC,Nacional,Portimonense,Primeira Liga 2020/2021,1,5,"0:2, 1:3",Estádio da Madeira,Funchal,Portugal,"[{""odds_over"": ""3.7"", ""odds_under"": ""1.25"", ""bookmaker_name"": ""LV BET"", ""period"": ""FullTime""}]"
2025-08-22 18:02:57 UTC,2020-12-06 15:00:00 UTC,Nacional,Santa Clara,Primeira Liga 2020/2021,1,3,"1:2, 0:1",Estádio da Madeira,Funchal,Portugal,"[{""odds_over"": ""3.2"", ""odds_under"": ""1.32"", ""bookmaker_name"": ""LV BET"", ""period"": ""FullTime""}]"
2025-08-22 18:03:12 UTC,2021-03-06 20:30:00 UTC,Boavista,Famalicao,Primeira Liga 2020/2021,3,0,"1:0, 2:0",Estádio do Bessa Século XXI,Porto,Portugal,"[{""odds_over"": ""3.7"", ""odds_under"": ""1.25"", ""bookmaker_name"": ""LV BET"", ""period"": ""FullTime""}]"
2025-08-22 18:03:18 UTC,2021-05-30 18:00:00 UTC,Rio Ave,Arouca,Primeira Liga 2020/2021,0,2,"0:1, 0:1",Estádio do Rio Ave,Vila do Conde,Portugal,"[{""odds_over"": ""2.95"", ""odds_under"": ""1.37"", ""bookmaker_name"": ""LV BET"", ""period"": ""FullTime""}]"
2025-08-22 18:03:35 UTC,2021-01-24 17:30:00 UTC,Moreirense,Portimonense,Primeira Liga 2020/2021,2,2,"2:1, 0:1",Parque Joaquim de Almeida Freitas,Moreira de Conegos,Portugal,"[{""odds_over"": ""3.6"", ""odds_under"": ""1.26"", ""bookmaker_name"": ""LV BET"", ""period"": ""FullTime""}]"
2025-08-22 18:03:40 UTC,2020-12-27 17:30:00 UTC,SC Farense,Pacos Ferreira,Primeira Liga 2020/2021,1,1,"0:0, 1:1",Estádio de São Luís,Faro,Portugal,"[{""odds_over"": ""3.85"", ""odds_under"": ""1.24"", ""bookmaker_name"": ""LV BET"", ""period"": ""FullTime""}]"
2025-08-22 18:03:57 UTC,2021-01-21 20:15:00 UTC,Vitoria Guimaraes,Nacional,Primeira Liga 2020/2021,3,1,"1:1, 2:0",Estádio D. Afonso Henriques,Guimarães,Portugal,"[{""odds_over"": ""2.75"", ""odds_under"": ""1.41"", ""bookmaker_name"": ""LV BET"", ""period"": ""FullTime""}]"
2025-08-22 18:04:02 UTC,2021-03-06 15:30:00 UTC,Portimonense,Tondela,Primeira Liga 2020/2021,3,0,"2:0, 1:0",Estádio Municipal de Portimão,Portimão,Portugal,"[{""odds_over"": ""3.1"", ""odds_under"": ""1.34"", ""bookmaker_name"": ""LV BET"", ""period"": ""FullTime""}]"
2025-08-22 18:04:18 UTC,2021-03-13 18:00:00 UTC,Benfica,Boavista,Primeira Liga 2020/2021,2,0,"1:0, 1:0",Estádio da Luz,Lisbon,Portugal,"[{""odds_over"": ""1.98"", ""odds_under"": ""1.78"", ""bookmaker_name"": ""LV BET"", ""period"": ""FullTime""}]"
2025-08-22 18:04:23 UTC,2021-04-27 20:45:00 UTC,SC Farense,Portimonense,Primeira Liga 2020/2021,1,1,"1:0, 0:1",Estádio de São Luís,Faro,Portugal,"[{""odds_over"": ""3.7"", ""odds_under"": ""1.25"", ""bookmaker_name"": ""LV BET"", ""period"": ""FullTime""}]"
2025-08-22 18:04:39 UTC,2020-11-06 20:30:00 UTC,BSAD,Rio Ave,Primeira Liga 2020/2021,0,0,"0:0, 0:0",Estádio Nacional do Jamor,Lisbon - Oeiras,Portugal,"[{""odds_over"": ""3.75"", ""odds_under"": ""1.25"", ""bookmaker_name"": ""LV BET"", ""period"": ""FullTime""}]"
2025-08-22 18:04:44 UTC,2021-02-20 17:30:00 UTC,Gil Vicente,Santa Clara,Primeira Liga 2020/2021,1,0,"0:0, 1:0",Estádio Cidade de Barcelos,Barcelos,Portugal,"[{""odds_over"": ""4.3"", ""odds_under"": ""1.2"", ""bookmaker_name"": ""LV BET"", ""period"": ""FullTime""}]"
2025-08-22 18:05:01 UTC,2021-04-25 14:00:00 UTC,Boavista,Maritimo,Primeira Liga 2020/2021,0,1,"0:0, 0:1",Estádio do Bessa Século XXI,Porto,Portugal,"[{""odds_over"": ""3.85"", ""odds_under"": ""1.24"", ""bookmaker_name"": ""LV BET"", ""period"": ""FullTime""}]"
2025-08-22 18:05:08 UTC,2021-01-18 20:15:00 UTC,Portimonense,BSAD,Primeira Liga 2020/2021,1,0,"1:0, 0:0",Estádio Municipal de Portimão,Portimão,Portugal,"[{""odds_over"": ""4.3"", ""odds_under"": ""1.2"", ""bookmaker_name"": ""LV BET"", ""period"": ""FullTime""}]"
2025-08-22 18:05:23 UTC,2021-02-04 21:00:00 UTC,Braga,Portimonense,Primeira Liga 2020/2021,2,1,"0:1, 2:0",Estádio Municipal de Braga,Braga,Portugal,"[{""odds_over"": ""2.3"", ""odds_under"": ""1.58"", ""bookmaker_name"": ""LV BET"", ""period"": ""FullTime""}]"
2025-08-22 18:05:30 UTC,2021-02-27 20:30:00 UTC,FC Porto,Sporting CP,Primeira Liga 2020/2021,0,0,"0:0, 0:0",Estádio do Dragão,Porto,Portugal,"[{""odds_over"": ""2.85"", ""odds_under"": ""1.39"", ""bookmaker_name"": ""LV BET"", ""period"": ""FullTime""}]"
2025-08-22 18:05:45 UTC,2021-05-26 20:45:00 UTC,Arouca,Rio Ave,Primeira Liga 2020/2021,3,0,"1:0, 2:0",Estádio Municipal de Arouca,Arouca,Portugal,"[{""odds_over"": ""4.1"", ""odds_under"": ""1.21"", ""bookmaker_name"": ""LV BET"", ""period"": ""FullTime""}]"
2025-08-22 18:05:51 UTC,2020-09-25 19:30:00 UTC,Braga,Santa Clara,Primeira Liga 2020/2021,0,1,"0:1, 0:0",Estádio Municipal de Braga,Braga,Portugal,"[{""odds_over"": ""2.16"", ""odds_under"": ""1.66"", ""bookmaker_name"": ""LV BET"", ""period"": ""FullTime""}]"
2025-08-22 18:06:07 UTC,2021-02-20 20:30:00 UTC,Sporting CP,Portimonense,Primeira Liga 2020/2021,2,0,"2:0, 0:0",Estádio José Alvalade,Lisbon,Portugal,"[{""odds_over"": ""3.2"", ""odds_under"": ""1.33"", ""bookmaker_name"": ""LV BET"", ""period"": ""FullTime""}]"
2025-08-22 18:06:14 UTC,2021-02-08 19:00:00 UTC,Maritimo,Santa Clara,Primeira Liga 2020/2021,1,2,"0:0, 1:2",Estádio do Marítimo,Funchal,Portugal,"[{""odds_over"": ""3.7"", ""odds_under"": ""1.25"", ""bookmaker_name"": ""LV BET"", ""period"": ""FullTime""}]"
2025-08-22 18:06:30 UTC,2021-01-08 19:00:00 UTC,Benfica,Tondela,Primeira Liga 2020/2021,2,0,"0:0, 2:0",Estádio da Luz,Lisbon,Portugal,"[{""odds_over"": ""1.38"", ""odds_under"": ""2.9"", ""bookmaker_name"": ""LV BET"", ""period"": ""FullTime""}]"
2025-08-22 18:06:35 UTC,2020-10-30 20:30:00 UTC,Pacos Ferreira,FC Porto,Primeira Liga 2020/2021,3,2,"2:1, 1:1",Estádio da Capital do Móvel,Paços de Ferreira,Portugal,"[{""odds_over"": ""2.6"", ""odds_under"": ""1.46"", ""bookmaker_name"": ""LV BET"", ""period"": ""FullTime""}]"
2025-08-22 18:06:52 UTC,2021-05-19 20:45:00 UTC,Sporting CP,Maritimo,Primeira Liga 2020/2021,5,1,"3:0, 2:1",Estádio José Alvalade,Lisbon,Portugal,"[{""odds_over"": ""1.93"", ""odds_under"": ""1.83"", ""bookmaker_name"": ""LV BET"", ""period"": ""FullTime""}]"
2025-08-22 18:06:55 UTC,2021-03-05 18:30:00 UTC,Pacos Ferreira,Nacional,Primeira Liga 2020/2021,2,1,"2:0, 0:1",Estádio da Capital do Móvel,Paços de Ferreira,Portugal,"[{""odds_over"": ""2.95"", ""odds_under"": ""1.37"", ""bookmaker_name"": ""LV BET"", ""period"": ""FullTime""}]"
2025-08-22 18:07:15 UTC,2021-01-25 20:15:00 UTC,SC Farense,FC Porto,Primeira Liga 2020/2021,0,1,"0:1, 0:0",Estádio de São Luís,Faro,Portugal,"[{""odds_over"": ""2.09"", ""odds_under"": ""1.7"", ""bookmaker_name"": ""LV BET"", ""period"": ""FullTime""}]"
2025-08-22 18:07:19 UTC,2021-04-22 14:00:00 UTC,Tondela,Nacional,Primeira Liga 2020/2021,2,1,"1:1, 1:0",Estádio João Cardoso,Tondela,Portugal,"[{""odds_over"": ""2.7"", ""odds_under"": ""1.42"", ""bookmaker_name"": ""LV BET"", ""period"": ""FullTime""}]"
2025-08-22 18:07:37 UTC,2021-01-30 18:00:00 UTC,Tondela,SC Farense,Primeira Liga 2020/2021,2,0,"0:0, 2:0",Estádio João Cardoso,Tondela,Portugal,"[{""odds_over"": ""2.9"", ""odds_under"": ""1.38"", ""bookmaker_name"": ""LV BET"", ""period"": ""FullTime""}]"
2025-08-22 18:07:41 UTC,2020-12-20 17:30:00 UTC,Gil Vicente,Benfica,Primeira Liga 2020/2021,0,2,"0:0, 0:2",Estádio Cidade de Barcelos,Barcelos,Portugal,"[{""odds_over"": ""2.15"", ""odds_under"": ""1.66"", ""bookmaker_name"": ""LV BET"", ""period"": ""FullTime""}]"
2025-08-22 18:07:59 UTC,2021-01-09 17:00:00 UTC,Moreirense,Vitoria Guimaraes,Primeira Liga 2020/2021,2,2,"1:1, 1:1",Parque Joaquim de Almeida Freitas,Moreira de Conegos,Portugal,"[{""odds_over"": ""3.3"", ""odds_under"": ""1.31"", ""bookmaker_name"": ""LV BET"", ""period"": ""FullTime""}]"
2025-08-22 18:08:04 UTC,2021-02-09 19:00:00 UTC,Boavista,Nacional,Primeira Liga 2020/2021,0,1,"0:1, 0:0",Estádio do Bessa Século XXI,Porto,Portugal,"[{""odds_over"": ""3.6"", ""odds_under"": ""1.26"", ""bookmaker_name"": ""LV BET"", ""period"": ""FullTime""}]"
2025-08-22 18:08:22 UTC,2021-01-25 17:00:00 UTC,Benfica,Nacional,Primeira Liga 2020/2021,1,1,"1:0, 0:1",Estádio da Luz,Lisbon,Portugal,"[{""odds_over"": ""1.62"", ""odds_under"": ""2.2"", ""bookmaker_name"": ""LV BET"", ""period"": ""FullTime""}]"
2025-08-22 18:08:25 UTC,2021-02-22 19:00:00 UTC,Maritimo,FC Porto,Primeira Liga 2020/2021,1,2,"1:1, 0:1",Estádio do Marítimo,Funchal,Portugal,"[{""odds_over"": ""2.3"", ""odds_under"": ""1.58"", ""bookmaker_name"": ""LV BET"", ""period"": ""FullTime""}]"
2025-08-22 18:08:44 UTC,2020-12-05 15:30:00 UTC,Vitoria Guimaraes,Portimonense,Primeira Liga 2020/2021,1,0,"1:0, 0:0",Estádio D. Afonso Henriques,Guimarães,Portugal,"[{""odds_over"": ""3.4"", ""odds_under"": ""1.29"", ""bookmaker_name"": ""LV BET"", ""period"": ""FullTime""}]"
2025-08-22 18:08:46 UTC,2020-11-29 15:00:00 UTC,Portimonense,Nacional,Primeira Liga 2020/2021,1,0,"0:0, 1:0",Estádio Municipal de Portimão,Portimão,Portugal,"[{""odds_over"": ""2.75"", ""odds_under"": ""1.41"", ""bookmaker_name"": ""LV BET"", ""period"": ""FullTime""}]"
2025-08-22 18:09:07 UTC,2020-09-26 20:00:00 UTC,Boavista,FC Porto,Primeira Liga 2020/2021,0,5,"0:0, 0:5",Estádio do Bessa Século XXI,Porto,Portugal,"[{""odds_over"": ""2.3"", ""odds_under"": ""1.58"", ""bookmaker_name"": ""LV BET"", ""period"": ""FullTime""}]"
2025-08-22 18:09:08 UTC,2020-11-29 17:30:00 UTC,Boavista,BSAD,Primeira Liga 2020/2021,0,0,"0:0, 0:0",Estádio do Bessa Século XXI,Porto,Portugal,"[{""odds_over"": ""4.1"", ""odds_under"": ""1.21"", ""bookmaker_name"": ""LV BET"", ""period"": ""FullTime""}]"
2025-08-22 18:09:31 UTC,2021-01-24 20:15:00 UTC,Famalicao,Vitoria Guimaraes,Primeira Liga 2020/2021,0,1,"0:1, 0:0",Estadio Municipal de Famalicao,Vila Nova de Famalicao,Portugal,"[{""odds_over"": ""3.15"", ""odds_under"": ""1.33"", ""bookmaker_name"": ""LV BET"", ""period"": ""FullTime""}]"
2025-08-22 18:09:31 UTC,2021-04-21 18:00:00 UTC,Braga,Boavista,Primeira Liga 2020/2021,2,1,"1:1, 1:0",Estádio Municipal de Braga,Braga,Portugal,"[{""odds_over"": ""2.03"", ""odds_under"": ""1.74"", ""bookmaker_name"": ""LV BET"", ""period"": ""FullTime""}]"
2025-08-22 18:09:51 UTC,2021-04-22 16:00:00 UTC,Gil Vicente,Famalicao,Primeira Liga 2020/2021,0,3,"0:0, 0:3",Estádio Cidade de Barcelos,Barcelos,Portugal,"[{""odds_over"": ""3.7"", ""odds_under"": ""1.25"", ""bookmaker_name"": ""LV BET"", ""period"": ""FullTime""}]"
2025-08-22 18:09:52 UTC,2021-01-30 15:30:00 UTC,Nacional,Famalicao,Primeira Liga 2020/2021,2,1,"0:1, 2:0",Estádio da Madeira,Funchal,Portugal,"[{""odds_over"": ""3.1"", ""odds_under"": ""1.34"", ""bookmaker_name"": ""LV BET"", ""period"": ""FullTime""}]"
2025-08-22 18:10:13 UTC,2021-02-08 19:00:00 UTC,Benfica,Famalicao,Primeira Liga 2020/2021,2,0,"2:0, 0:0",Estádio da Luz,Lisbon,Portugal,"[{""odds_over"": ""1.95"", ""odds_under"": ""1.81"", ""bookmaker_name"": ""LV BET"", ""period"": ""FullTime""}]"
2025-08-22 18:10:13 UTC,2021-02-28 15:00:00 UTC,Portimonense,Maritimo,Primeira Liga 2020/2021,0,0,"0:0, 0:0",Estádio Municipal de Portimão,Portimão,Portugal,"[{""odds_over"": ""3.55"", ""odds_under"": ""1.27"", ""bookmaker_name"": ""LV BET"", ""period"": ""FullTime""}]"
2025-08-22 18:10:34 UTC,2020-12-28 21:00:00 UTC,Boavista,Braga,Primeira Liga 2020/2021,1,4,"0:3, 1:1",Estádio do Bessa Século XXI,Porto,Portugal,"[{""odds_over"": ""2.6"", ""odds_under"": ""1.46"", ""bookmaker_name"": ""LV BET"", ""period"": ""FullTime""}]"
2025-08-22 18:10:35 UTC,2021-03-01 19:00:00 UTC,Benfica,Rio Ave,Primeira Liga 2020/2021,2,0,"0:0, 2:0",Estádio da Luz,Lisbon,Portugal,"[{""odds_over"": ""2.25"", ""odds_under"": ""1.6"", ""bookmaker_name"": ""LV BET"", ""period"": ""FullTime""}]"
2025-08-22 18:10:58 UTC,2021-03-09 21:45:00 UTC,Braga,Vitoria Guimaraes,Primeira Liga 2020/2021,3,0,"2:0, 1:0",Estádio Municipal de Braga,Braga,Portugal,"[{""odds_over"": ""2.5"", ""odds_under"": ""1.5"", ""bookmaker_name"": ""LV BET"", ""period"": ""FullTime""}]"
2025-08-22 18:10:58 UTC,2021-05-15 17:00:00 UTC,Benfica,Sporting CP,Primeira Liga 2020/2021,4,3,"3:1, 1:2",Estádio da Luz,Lisbon,Portugal,"[{""odds_over"": ""2.65"", ""odds_under"": ""1.45"", ""bookmaker_name"": ""LV BET"", ""period"": ""FullTime""}]"
2025-08-22 18:11:20 UTC,2021-01-08 18:00:00 UTC,Nacional,Sporting CP,Primeira Liga 2020/2021,0,2,"0:1, 0:1",Estádio da Madeira,Funchal,Portugal,"[{""odds_over"": ""2.3"", ""odds_under"": ""1.56"", ""bookmaker_name"": ""LV BET"", ""period"": ""FullTime""}]"
2025-08-22 18:11:20 UTC,2021-02-27 15:30:00 UTC,Famalicao,SC Farense,Primeira Liga 2020/2021,0,0,"0:0, 0:0",Estadio Municipal de Famalicao,Vila Nova de Famalicao,Portugal,"[{""odds_over"": ""3.15"", ""odds_under"": ""1.33"", ""bookmaker_name"": ""LV BET"", ""period"": ""FullTime""}]"
2025-08-22 18:11:40 UTC,2021-02-14 20:15:00 UTC,Moreirense,Benfica,Primeira Liga 2020/2021,1,1,"1:1, 0:0",Parque Joaquim de Almeida Freitas,Moreira de Conegos,Portugal,"[{""odds_over"": ""2.06"", ""odds_under"": ""1.72"", ""bookmaker_name"": ""LV BET"", ""period"": ""FullTime""}]"
2025-08-22 18:11:41 UTC,2021-04-11 16:30:00 UTC,Braga,BSAD,Primeira Liga 2020/2021,1,1,"1:0, 0:1",Estádio Municipal de Braga,Braga,Portugal,"[{""odds_over"": ""2.35"", ""odds_under"": ""1.54"", ""bookmaker_name"": ""LV BET"", ""period"": ""FullTime""}]"
2025-08-22 18:12:03 UTC,2020-10-25 15:00:00 UTC,Moreirense,Maritimo,Primeira Liga 2020/2021,2,1,"2:0, 0:1",Parque Joaquim de Almeida Freitas,Moreira de Conegos,Portugal,"[{""odds_over"": ""3.3"", ""odds_under"": ""1.31"", ""bookmaker_name"": ""LV BET"", ""period"": ""FullTime""}]"
2025-08-22 18:12:03 UTC,2021-01-08 19:00:00 UTC,Rio Ave,Portimonense,Primeira Liga 2020/2021,3,0,"0:0, 3:0",Estádio do Rio Ave,Vila do Conde,Portugal,"[{""odds_over"": ""4.1"", ""odds_under"": ""1.21"", ""bookmaker_name"": ""LV BET"", ""period"": ""FullTime""}]"
2025-08-22 18:12:25 UTC,2020-09-19 20:00:00 UTC,FC Porto,Braga,Primeira Liga 2020/2021,3,1,"2:1, 1:0",Estádio do Dragão,Porto,Portugal,"[{""odds_over"": ""2.25"", ""odds_under"": ""1.6"", ""bookmaker_name"": ""LV BET"", ""period"": ""FullTime""}]"
2025-08-22 18:12:26 UTC,2021-02-01 19:45:00 UTC,Moreirense,Braga,Primeira Liga 2020/2021,0,4,"0:3, 0:1",Parque Joaquim de Almeida Freitas,Moreira de Conegos,Portugal,"[{""odds_over"": ""2.4"", ""odds_under"": ""1.53"", ""bookmaker_name"": ""LV BET"", ""period"": ""FullTime""}]"
2025-08-22 18:12:46 UTC,2021-02-05 21:00:00 UTC,Boavista,Gil Vicente,Primeira Liga 2020/2021,1,2,"1:1, 0:1",Estádio do Bessa Século XXI,Porto,Portugal,"[{""odds_over"": ""5.3"", ""odds_under"": ""1.14"", ""bookmaker_name"": ""LV BET"", ""period"": ""FullTime""}]"
2025-08-22 18:12:47 UTC,2020-12-05 20:30:00 UTC,FC Porto,Tondela,Primeira Liga 2020/2021,4,3,"2:2, 2:1",Estádio do Dragão,Porto,Portugal,"[{""odds_over"": ""1.86"", ""odds_under"": ""1.9"", ""bookmaker_name"": ""LV BET"", ""period"": ""FullTime""}]"
2025-08-22 18:13:07 UTC,2021-02-14 15:00:00 UTC,Portimonense,Gil Vicente,Primeira Liga 2020/2021,4,1,"2:1, 2:0",Estádio Municipal de Portimão,Portimão,Portugal,"[{""odds_over"": ""4.75"", ""odds_under"": ""1.16"", ""bookmaker_name"": ""LV BET"", ""period"": ""FullTime""}]"
2025-08-22 18:13:09 UTC,2021-03-20 18:00:00 UTC,Portimonense,FC Porto,Primeira Liga 2020/2021,1,2,"0:1, 1:1",Estádio Municipal de Portimão,Portimão,Portugal,"[{""odds_over"": ""2.8"", ""odds_under"": ""1.41"", ""bookmaker_name"": ""LV BET"", ""period"": ""FullTime""}]"
2025-08-22 18:13:29 UTC,2020-09-27 17:30:00 UTC,Pacos Ferreira,Sporting CP,Primeira Liga 2020/2021,0,2,"0:1, 0:1",Estádio da Capital do Móvel,Paços de Ferreira,Portugal,"[{""odds_over"": ""3.6"", ""odds_under"": ""1.26"", ""bookmaker_name"": ""LV BET"", ""period"": ""FullTime""}]"
2025-08-22 18:13:30 UTC,2021-03-21 17:30:00 UTC,Boavista,SC Farense,Primeira Liga 2020/2021,0,1,"0:1, 0:0",Estádio do Bessa Século XXI,Porto,Portugal,"[{""odds_over"": ""3.35"", ""odds_under"": ""1.3"", ""bookmaker_name"": ""LV BET"", ""period"": ""FullTime""}]"
2025-08-22 18:13:51 UTC,2021-02-28 20:00:00 UTC,Nacional,Braga,Primeira Liga 2020/2021,1,2,"0:2, 1:0",Estádio da Madeira,Funchal,Portugal,"[{""odds_over"": ""2.08"", ""odds_under"": ""1.71"", ""bookmaker_name"": ""LV BET"", ""period"": ""FullTime""}]"
2025-08-22 18:13:52 UTC,2021-04-05 18:00:00 UTC,Benfica,Maritimo,Primeira Liga 2020/2021,1,0,"1:0, 0:0",Estádio da Luz,Lisbon,Portugal,"[{""odds_over"": ""1.83"", ""odds_under"": ""1.93"", ""bookmaker_name"": ""LV BET"", ""period"": ""FullTime""}]"
2025-08-22 18:14:14 UTC,2021-03-07 17:30:00 UTC,Maritimo,Moreirense,Primeira Liga 2020/2021,0,2,"0:1, 0:1",Estádio do Marítimo,Funchal,Portugal,"[{""odds_over"": ""3.7"", ""odds_under"": ""1.25"", ""bookmaker_name"": ""LV BET"", ""period"": ""FullTime""}]"
2025-08-22 18:14:15 UTC,2021-01-16 15:30:00 UTC,Pacos Ferreira,Braga,Primeira Liga 2020/2021,2,0,"0:0, 2:0",Estádio da Capital do Móvel,Paços de Ferreira,Portugal,"[{""odds_over"": ""2.35"", ""odds_under"": ""1.54"", ""bookmaker_name"": ""LV BET"", ""period"": ""FullTime""}]"
2025-08-22 18:14:36 UTC,2020-10-31 15:30:00 UTC,BSAD,SC Farense,Primeira Liga 2020/2021,1,1,"0:0, 1:1",Estádio Nacional do Jamor,Lisbon - Oeiras,Portugal,"[{""odds_over"": ""3.4"", ""odds_under"": ""1.29"", ""bookmaker_name"": ""LV BET"", ""period"": ""FullTime""}]"
2025-08-22 18:14:36 UTC,2021-05-19 19:00:00 UTC,Moreirense,Famalicao,Primeira Liga 2020/2021,3,0,"2:0, 1:0",Parque Joaquim de Almeida Freitas,Moreira de Conegos,Portugal,"[{""odds_over"": ""2.16"", ""odds_under"": ""1.66"", ""bookmaker_name"": ""LV BET"", ""period"": ""FullTime""}]"
2025-08-22 18:14:57 UTC,2021-05-14 20:15:00 UTC,Braga,Moreirense,Primeira Liga 2020/2021,2,1,"1:0, 1:1",Estádio Municipal de Braga,Braga,Portugal,"[{""odds_over"": ""1.78"", ""odds_under"": ""1.98"", ""bookmaker_name"": ""LV BET"", ""period"": ""FullTime""}]"
2025-08-22 18:14:58 UTC,2021-02-20 15:30:00 UTC,BSAD,Nacional,Primeira Liga 2020/2021,2,1,"1:1, 1:0",Estádio Nacional do Jamor,Lisbon - Oeiras,Portugal,"[{""odds_over"": ""3.7"", ""odds_under"": ""1.25"", ""bookmaker_name"": ""LV BET"", ""period"": ""FullTime""}]"
2025-08-22 18:15:19 UTC,2021-05-19 19:00:00 UTC,Portimonense,Braga,Primeira Liga 2020/2021,0,0,"0:0, 0:0",Estádio Municipal de Portimão,Portimão,Portugal,"[{""odds_over"": ""2.75"", ""odds_under"": ""1.41"", ""bookmaker_name"": ""LV BET"", ""period"": ""FullTime""}]"
2025-08-22 18:15:21 UTC,2021-01-07 21:00:00 UTC,Braga,Maritimo,Primeira Liga 2020/2021,2,1,"1:0, 1:1",Estádio Municipal de Braga,Braga,Portugal,"[{""odds_over"": ""2.07"", ""odds_under"": ""1.72"", ""bookmaker_name"": ""LV BET"", ""period"": ""FullTime""}]"
2025-08-22 18:15:41 UTC,2020-11-08 20:00:00 UTC,Benfica,Braga,Primeira Liga 2020/2021,2,3,"0:1, 2:2",Estádio da Luz,Lisbon,Portugal,"[{""odds_over"": ""1.72"", ""odds_under"": ""2.07"", ""bookmaker_name"": ""LV BET"", ""period"": ""FullTime""}]"
2025-08-22 18:15:41 UTC,2021-02-17 21:45:00 UTC,Vitoria Guimaraes,SC Farense,Primeira Liga 2020/2021,2,2,"2:1, 0:1",Estádio D. Afonso Henriques,Guimarães,Portugal,"[{""odds_over"": ""2.85"", ""odds_under"": ""1.39"", ""bookmaker_name"": ""LV BET"", ""period"": ""FullTime""}]"
2025-08-22 18:16:03 UTC,2020-09-27 15:00:00 UTC,Gil Vicente,Portimonense,Primeira Liga 2020/2021,1,0,"0:0, 1:0",Estádio Cidade de Barcelos,Barcelos,Portugal,"[{""odds_over"": ""3.55"", ""odds_under"": ""1.27"", ""bookmaker_name"": ""LV BET"", ""period"": ""FullTime""}]"
2025-08-22 18:16:03 UTC,2021-02-13 20:30:00 UTC,FC Porto,Boavista,Primeira Liga 2020/2021,2,2,"0:2, 2:0",Estádio do Dragão,Porto,Portugal,"[{""odds_over"": ""2.16"", ""odds_under"": ""1.66"", ""bookmaker_name"": ""LV BET"", ""period"": ""FullTime""}]"
2025-08-22 18:16:24 UTC,2020-12-29 21:00:00 UTC,Vitoria Guimaraes,FC Porto,Primeira Liga 2020/2021,2,3,"1:1, 1:2",Estádio D. Afonso Henriques,Guimarães,Portugal,"[{""odds_over"": ""2.8"", ""odds_under"": ""1.41"", ""bookmaker_name"": ""LV BET"", ""period"": ""FullTime""}]"
2025-08-22 18:16:24 UTC,2021-05-05 18:00:00 UTC,Braga,Pacos Ferreira,Primeira Liga 2020/2021,1,1,"0:1, 1:0",Estádio Municipal de Braga,Braga,Portugal,"[{""odds_over"": ""2.5"", ""odds_under"": ""1.5"", ""bookmaker_name"": ""LV BET"", ""period"": ""FullTime""}]"
2025-08-22 18:16:45 UTC,2021-04-26 18:00:00 UTC,Nacional,Vitoria Guimaraes,Primeira Liga 2020/2021,1,0,"1:0, 0:0",Estádio da Madeira,Funchal,Portugal,"[{""odds_over"": ""2.85"", ""odds_under"": ""1.39"", ""bookmaker_name"": ""LV BET"", ""period"": ""FullTime""}]"
2025-08-22 18:16:46 UTC,2021-02-13 15:30:00 UTC,Nacional,SC Farense,Primeira Liga 2020/2021,2,3,"0:0, 2:3",Estádio da Madeira,Funchal,Portugal,"[{""odds_over"": ""2.95"", ""odds_under"": ""1.37"", ""bookmaker_name"": ""LV BET"", ""period"": ""FullTime""}]"
2025-08-22 18:17:07 UTC,2021-04-29 19:30:00 UTC,Maritimo,Braga,Primeira Liga 2020/2021,1,0,"0:0, 1:0",Estádio do Marítimo,Funchal,Portugal,"[{""odds_over"": ""2.5"", ""odds_under"": ""1.5"", ""bookmaker_name"": ""LV BET"", ""period"": ""FullTime""}]"
2025-08-22 18:17:08 UTC,2021-01-16 20:30:00 UTC,Tondela,Boavista,Primeira Liga 2020/2021,3,1,"1:0, 2:1",Estádio João Cardoso,Tondela,Portugal,"[{""odds_over"": ""3.0"", ""odds_under"": ""1.36"", ""bookmaker_name"": ""LV BET"", ""period"": ""FullTime""}]"
2025-08-22 18:17:29 UTC,2020-12-06 20:00:00 UTC,Benfica,Pacos Ferreira,Primeira Liga 2020/2021,2,1,"0:1, 2:0",Estádio da Luz,Lisbon,Portugal,"[{""odds_over"": ""1.96"", ""odds_under"": ""1.8"", ""bookmaker_name"": ""LV BET"", ""period"": ""FullTime""}]"
2025-08-22 18:17:30 UTC,2020-10-26 20:15:00 UTC,Benfica,BSAD,Primeira Liga 2020/2021,2,0,"1:0, 1:0",Estádio da Luz,Lisbon,Portugal,"[{""odds_over"": ""1.69"", ""odds_under"": ""2.11"", ""bookmaker_name"": ""LV BET"", ""period"": ""FullTime""}]"
2025-08-22 18:17:51 UTC,2021-02-01 19:00:00 UTC,FC Porto,Rio Ave,Primeira Liga 2020/2021,2,0,"1:0, 1:0",Estádio do Dragão,Porto,Portugal,"[{""odds_over"": ""2.25"", ""odds_under"": ""1.59"", ""bookmaker_name"": ""LV BET"", ""period"": ""FullTime""}]"
2025-08-22 18:17:52 UTC,2020-12-19 18:00:00 UTC,Tondela,Moreirense,Primeira Liga 2020/2021,0,0,"0:0, 0:0",Estádio João Cardoso,Tondela,Portugal,"[{""odds_over"": ""3.05"", ""odds_under"": ""1.35"", ""bookmaker_name"": ""LV BET"", ""period"": ""FullTime""}]"
2025-08-22 18:18:14 UTC,2021-04-18 14:00:00 UTC,Famalicao,Portimonense,Primeira Liga 2020/2021,0,1,"0:1, 0:0",Estadio Municipal de Famalicao,Vila Nova de Famalicao,Portugal,"[{""odds_over"": ""3.4"", ""odds_under"": ""1.29"", ""bookmaker_name"": ""LV BET"", ""period"": ""FullTime""}]"
2025-08-22 18:18:14 UTC,2021-04-18 16:30:00 UTC,Nacional,FC Porto,Primeira Liga 2020/2021,0,1,"0:1, 0:0",Estádio da Madeira,Funchal,Portugal,"[{""odds_over"": ""1.86"", ""odds_under"": ""1.9"", ""bookmaker_name"": ""LV BET"", ""period"": ""FullTime""}]"
2025-08-22 18:18:36 UTC,2021-05-15 19:30:00 UTC,Rio Ave,FC Porto,Primeira Liga 2020/2021,0,3,"0:0, 0:3",Estádio do Rio Ave,Vila do Conde,Portugal,"[{""odds_over"": ""2.4"", ""odds_under"": ""1.53"", ""bookmaker_name"": ""LV BET"", ""period"": ""FullTime""}]"
2025-08-22 18:18:37 UTC,2020-12-07 20:15:00 UTC,SC Farense,Maritimo,Primeira Liga 2020/2021,2,1,"1:0, 1:1",Estádio de São Luís,Faro,Portugal,"[{""odds_over"": ""2.8"", ""odds_under"": ""1.41"", ""bookmaker_name"": ""LV BET"", ""period"": ""FullTime""}]"
2025-08-22 18:19:01 UTC,2020-11-27 19:00:00 UTC,Pacos Ferreira,Famalicao,Primeira Liga 2020/2021,2,0,"1:0, 1:0",Estádio da Capital do Móvel,Paços de Ferreira,Portugal,"[{""odds_over"": ""3.35"", ""odds_under"": ""1.3"", ""bookmaker_name"": ""LV BET"", ""period"": ""FullTime""}]"
2025-08-22 18:19:01 UTC,2021-05-19 19:00:00 UTC,Gil Vicente,Boavista,Primeira Liga 2020/2021,1,2,"1:0, 0:2",Estádio Cidade de Barcelos,Barcelos,Portugal,"[{""odds_over"": ""2.75"", ""odds_under"": ""1.41"", ""bookmaker_name"": ""LV BET"", ""period"": ""FullTime""}]"
2025-08-22 18:19:21 UTC,2021-02-04 19:00:00 UTC,BSAD,FC Porto,Primeira Liga 2020/2021,0,0,"0:0, 0:0",Estádio Nacional do Jamor,Lisbon - Oeiras,Portugal,"[{""odds_over"": ""2.65"", ""odds_under"": ""1.45"", ""bookmaker_name"": ""LV BET"", ""period"": ""FullTime""}]"
2025-08-22 18:19:23 UTC,2021-03-08 20:15:00 UTC,BSAD,Benfica,Primeira Liga 2020/2021,0,3,"0:0, 0:3",Estádio Nacional do Jamor,Lisbon - Oeiras,Portugal,"[{""odds_over"": ""2.11"", ""odds_under"": ""1.69"", ""bookmaker_name"": ""LV BET"", ""period"": ""FullTime""}]"
2025-08-22 18:19:43 UTC,2021-02-14 17:30:00 UTC,Santa Clara,Braga,Primeira Liga 2020/2021,0,1,"0:1, 0:0",Estádio de São Miguel,Ponta Delgada,Portugal,"[{""odds_over"": ""2.65"", ""odds_under"": ""1.45"", ""bookmaker_name"": ""LV BET"", ""period"": ""FullTime""}]"
2025-08-22 18:19:44 UTC,2021-04-16 20:00:00 UTC,SC Farense,Sporting CP,Primeira Liga 2020/2021,0,1,"0:1, 0:0",Estádio de São Luís,Faro,Portugal,"[{""odds_over"": ""2.85"", ""odds_under"": ""1.39"", ""bookmaker_name"": ""LV BET"", ""period"": ""FullTime""}]"
2025-08-22 18:20:05 UTC,2020-11-08 15:00:00 UTC,Nacional,Gil Vicente,Primeira Liga 2020/2021,2,1,"0:1, 2:0",Estádio da Madeira,Funchal,Portugal,"[{""odds_over"": ""3.6"", ""odds_under"": ""1.26"", ""bookmaker_name"": ""LV BET"", ""period"": ""FullTime""}]"
2025-08-22 18:20:08 UTC,2021-05-19 19:00:00 UTC,Vitoria Guimaraes,Benfica,Primeira Liga 2020/2021,1,3,"0:0, 1:3",Estádio D. Afonso Henriques,Guimarães,Portugal,"[{""odds_over"": ""2.01"", ""odds_under"": ""1.76"", ""bookmaker_name"": ""LV BET"", ""period"": ""FullTime""}]"
2025-08-22 18:20:27 UTC,2020-10-31 18:00:00 UTC,Rio Ave,Moreirense,Primeira Liga 2020/2021,2,0,"1:0, 1:0",Estádio do Rio Ave,Vila do Conde,Portugal,"[{""odds_over"": ""2.85"", ""odds_under"": ""1.39"", ""bookmaker_name"": ""LV BET"", ""period"": ""FullTime""}]"
2025-08-22 18:20:31 UTC,2020-09-26 14:30:00 UTC,Maritimo,Tondela,Primeira Liga 2020/2021,2,1,"2:1, 0:0",Estádio do Marítimo,Funchal,Portugal,"[{""odds_over"": ""3.6"", ""odds_under"": ""1.26"", ""bookmaker_name"": ""LV BET"", ""period"": ""FullTime""}]"
2025-08-22 18:20:52 UTC,2021-04-26 20:15:00 UTC,Moreirense,FC Porto,Primeira Liga 2020/2021,1,1,"1:0, 0:1",Parque Joaquim de Almeida Freitas,Moreira de Conegos,Portugal,"[{""odds_over"": ""1.88"", ""odds_under"": ""1.88"", ""bookmaker_name"": ""LV BET"", ""period"": ""FullTime""}]"
2025-08-22 18:20:53 UTC,2021-02-21 15:00:00 UTC,Rio Ave,Famalicao,Primeira Liga 2020/2021,0,1,"0:1, 0:0",Estádio do Rio Ave,Vila do Conde,Portugal,"[{""odds_over"": ""3.55"", ""odds_under"": ""1.27"", ""bookmaker_name"": ""LV BET"", ""period"": ""FullTime""}]"
2025-08-22 18:21:14 UTC,2021-02-19 20:30:00 UTC,Boavista,Moreirense,Primeira Liga 2020/2021,1,0,"0:0, 1:0",Estádio do Bessa Século XXI,Porto,Portugal,"[{""odds_over"": ""3.4"", ""odds_under"": ""1.29"", ""bookmaker_name"": ""LV BET"", ""period"": ""FullTime""}]"
2025-08-22 18:21:16 UTC,2021-01-17 15:00:00 UTC,Nacional,Moreirense,Primeira Liga 2020/2021,0,1,"0:0, 0:1",Estádio da Madeira,Funchal,Portugal,"[{""odds_over"": ""3.4"", ""odds_under"": ""1.29"", ""bookmaker_name"": ""LV BET"", ""period"": ""FullTime""}]"
2025-08-22 18:21:37 UTC,2020-10-24 19:30:00 UTC,FC Porto,Gil Vicente,Primeira Liga 2020/2021,1,0,"1:0, 0:0",Estádio do Dragão,Porto,Portugal,"[{""odds_over"": ""2.2"", ""odds_under"": ""1.61"", ""bookmaker_name"": ""LV BET"", ""period"": ""FullTime""}]"
2025-08-22 18:21:37 UTC,2021-04-10 14:30:00 UTC,Boavista,Rio Ave,Primeira Liga 2020/2021,3,3,"2:1, 1:2",Estádio do Bessa Século XXI,Porto,Portugal,"[{""odds_over"": ""3.7"", ""odds_under"": ""1.25"", ""bookmaker_name"": ""LV BET"", ""period"": ""FullTime""}]"
2025-08-22 18:21:58 UTC,2021-02-09 17:00:00 UTC,Rio Ave,Tondela,Primeira Liga 2020/2021,2,1,"0:1, 2:0",Estádio do Rio Ave,Vila do Conde,Portugal,"[{""odds_over"": ""3.35"", ""odds_under"": ""1.3"", ""bookmaker_name"": ""LV BET"", ""period"": ""FullTime""}]"
2025-08-22 18:21:58 UTC,2021-04-16 17:45:00 UTC,Boavista,Pacos Ferreira,Primeira Liga 2020/2021,2,0,"2:0, 0:0",Estádio do Bessa Século XXI,Porto,Portugal,"[{""odds_over"": ""3.6"", ""odds_under"": ""1.26"", ""bookmaker_name"": ""LV BET"", ""period"": ""FullTime""}]"
2025-08-22 18:22:19 UTC,2020-09-20 17:30:00 UTC,Moreirense,SC Farense,Primeira Liga 2020/2021,2,0,"1:0, 1:0",Parque Joaquim de Almeida Freitas,Moreira de Conegos,Portugal,"[{""odds_over"": ""3.55"", ""odds_under"": ""1.27"", ""bookmaker_name"": ""LV BET"", ""period"": ""FullTime""}]"
2025-08-22 18:22:20 UTC,2021-04-30 14:00:00 UTC,Pacos Ferreira,BSAD,Primeira Liga 2020/2021,1,0,"0:0, 1:0",Estádio da Capital do Móvel,Paços de Ferreira,Portugal,"[{""odds_over"": ""4.55"", ""odds_under"": ""1.18"", ""bookmaker_name"": ""LV BET"", ""period"": ""FullTime""}]"
2025-08-22 18:22:40 UTC,2021-02-16 17:45:00 UTC,Tondela,Maritimo,Primeira Liga 2020/2021,2,1,"1:1, 1:0",Estádio João Cardoso,Tondela,Portugal,"[{""odds_over"": ""3.15"", ""odds_under"": ""1.33"", ""bookmaker_name"": ""LV BET"", ""period"": ""FullTime""}]"
2025-08-22 18:22:41 UTC,2021-02-08 21:00:00 UTC,BSAD,Vitoria Guimaraes,Primeira Liga 2020/2021,1,1,"1:1, 0:0",Estádio Nacional do Jamor,Lisbon - Oeiras,Portugal,"[{""odds_over"": ""4.0"", ""odds_under"": ""1.22"", ""bookmaker_name"": ""LV BET"", ""period"": ""FullTime""}]"
2025-08-22 18:23:02 UTC,2021-04-25 16:30:00 UTC,Rio Ave,Pacos Ferreira,Primeira Liga 2020/2021,1,1,"0:1, 1:0",Estádio do Rio Ave,Vila do Conde,Portugal,"[{""odds_over"": ""3.85"", ""odds_under"": ""1.24"", ""bookmaker_name"": ""LV BET"", ""period"": ""FullTime""}]"
2025-08-22 18:23:03 UTC,2020-10-02 20:15:00 UTC,Vitoria Guimaraes,Pacos Ferreira,Primeira Liga 2020/2021,1,0,"0:0, 1:0",Estádio D. Afonso Henriques,Guimarães,Portugal,"[{""odds_over"": ""3.4"", ""odds_under"": ""1.29"", ""bookmaker_name"": ""LV BET"", ""period"": ""FullTime""}]"
2025-08-22 18:23:23 UTC,2021-02-26 20:30:00 UTC,Vitoria Guimaraes,Boavista,Primeira Liga 2020/2021,2,1,"1:1, 1:0",Estádio D. Afonso Henriques,Guimarães,Portugal,"[{""odds_over"": ""3.3"", ""odds_under"": ""1.31"", ""bookmaker_name"": ""LV BET"", ""period"": ""FullTime""}]"
2025-08-22 18:23:24 UTC,2021-02-05 19:00:00 UTC,Benfica,Vitoria Guimaraes,Primeira Liga 2020/2021,0,0,"0:0, 0:0",Estádio da Luz,Lisbon,Portugal,"[{""odds_over"": ""2.04"", ""odds_under"": ""1.74"", ""bookmaker_name"": ""LV BET"", ""period"": ""FullTime""}]"
2025-08-22 18:23:45 UTC,2021-03-13 20:30:00 UTC,Tondela,Sporting CP,Primeira Liga 2020/2021,0,1,"0:0, 0:1",Estádio João Cardoso,Tondela,Portugal,"[{""odds_over"": ""2.45"", ""odds_under"": ""1.51"", ""bookmaker_name"": ""LV BET"", ""period"": ""FullTime""}]"
2025-08-22 18:23:46 UTC,2020-10-25 20:00:00 UTC,Vitoria Guimaraes,Braga,Primeira Liga 2020/2021,0,1,"0:1, 0:0",Estádio D. Afonso Henriques,Guimarães,Portugal,"[{""odds_over"": ""2.5"", ""odds_under"": ""1.5"", ""bookmaker_name"": ""LV BET"", ""period"": ""FullTime""}]"
2025-08-22 18:24:08 UTC,2021-05-16 19:00:00 UTC,Maritimo,Vitoria Guimaraes,Primeira Liga 2020/2021,0,0,"0:0, 0:0",Estádio do Marítimo,Funchal,Portugal,"[{""odds_over"": ""3.85"", ""odds_under"": ""1.24"", ""bookmaker_name"": ""LV BET"", ""period"": ""FullTime""}]"
2025-08-22 18:24:09 UTC,2021-02-21 18:00:00 UTC,Braga,Tondela,Primeira Liga 2020/2021,4,2,"3:0, 1:2",Estádio Municipal de Braga,Braga,Portugal,"[{""odds_over"": ""2.0"", ""odds_under"": ""1.77"", ""bookmaker_name"": ""LV BET"", ""period"": ""FullTime""}]"
2025-08-22 18:24:30 UTC,2020-10-04 17:30:00 UTC,Benfica,SC Farense,Primeira Liga 2020/2021,3,2,"1:0, 2:2",Estádio da Luz,Lisbon,Portugal,"[{""odds_over"": ""1.49"", ""odds_under"": ""2.5"", ""bookmaker_name"": ""LV BET"", ""period"": ""FullTime""}]"
2025-08-22 18:24:31 UTC,2021-04-05 17:45:00 UTC,SC Farense,Braga,Primeira Liga 2020/2021,1,2,"1:1, 0:1",Estádio de São Luís,Faro,Portugal,"[{""odds_over"": ""2.45"", ""odds_under"": ""1.51"", ""bookmaker_name"": ""LV BET"", ""period"": ""FullTime""}]"
2025-08-22 18:24:51 UTC,2021-03-05 20:45:00 UTC,Sporting CP,Santa Clara,Primeira Liga 2020/2021,2,1,"1:0, 1:1",Estádio José Alvalade,Lisbon,Portugal,"[{""odds_over"": ""3.2"", ""odds_under"": ""1.32"", ""bookmaker_name"": ""LV BET"", ""period"": ""FullTime""}]"
2025-08-22 18:24:52 UTC,2021-02-27 18:00:00 UTC,Santa Clara,Pacos Ferreira,Primeira Liga 2020/2021,3,0,"2:0, 1:0",Estádio de São Miguel,Ponta Delgada,Portugal,"[{""odds_over"": ""4.4"", ""odds_under"": ""1.19"", ""bookmaker_name"": ""LV BET"", ""period"": ""FullTime""}]"
2025-08-22 18:25:14 UTC,2021-05-01 17:00:00 UTC,Portimonense,Rio Ave,Primeira Liga 2020/2021,0,0,"0:0, 0:0",Estádio Municipal de Portimão,Portimão,Portugal,"[{""odds_over"": ""3.4"", ""odds_under"": ""1.29"", ""bookmaker_name"": ""LV BET"", ""period"": ""FullTime""}]"
2025-08-22 18:25:15 UTC,2021-03-13 18:00:00 UTC,Santa Clara,Portimonense,Primeira Liga 2020/2021,2,0,"1:0, 1:0",Estádio de São Miguel,Ponta Delgada,Portugal,"[{""odds_over"": ""4.3"", ""odds_under"": ""1.2"", ""bookmaker_name"": ""LV BET"", ""period"": ""FullTime""}]"
2025-08-22 18:25:36 UTC,2021-04-30 18:00:00 UTC,Tondela,Benfica,Primeira Liga 2020/2021,0,2,"0:2, 0:0",Estádio João Cardoso,Tondela,Portugal,"[{""odds_over"": ""1.66"", ""odds_under"": ""2.15"", ""bookmaker_name"": ""LV BET"", ""period"": ""FullTime""}]"
2025-08-22 18:25:37 UTC,2021-04-05 20:00:00 UTC,Moreirense,Sporting CP,Primeira Liga 2020/2021,1,1,"0:1, 1:0",Parque Joaquim de Almeida Freitas,Moreira de Conegos,Portugal,"[{""odds_over"": ""2.5"", ""odds_under"": ""1.49"", ""bookmaker_name"": ""LV BET"", ""period"": ""FullTime""}]"
2025-08-22 18:25:57 UTC,2021-05-01 14:30:00 UTC,Gil Vicente,SC Farense,Primeira Liga 2020/2021,0,0,"0:0, 0:0",Estádio Cidade de Barcelos,Barcelos,Portugal,"[{""odds_over"": ""3.35"", ""odds_under"": ""1.3"", ""bookmaker_name"": ""LV BET"", ""period"": ""FullTime""}]"
2025-08-22 18:25:59 UTC,2021-02-07 20:45:00 UTC,Braga,FC Porto,Primeira Liga 2020/2021,2,2,"0:1, 2:1",Estádio Municipal de Braga,Braga,Portugal,"[{""odds_over"": ""2.6"", ""odds_under"": ""1.46"", ""bookmaker_name"": ""LV BET"", ""period"": ""FullTime""}]"
2025-08-22 18:26:20 UTC,2020-09-27 20:00:00 UTC,Rio Ave,Vitoria Guimaraes,Primeira Liga 2020/2021,0,0,"0:0, 0:0",Estádio do Rio Ave,Vila do Conde,Portugal,"[{""odds_over"": ""3.1"", ""odds_under"": ""1.34"", ""bookmaker_name"": ""LV BET"", ""period"": ""FullTime""}]"
2025-08-22 18:26:21 UTC,2020-10-25 15:00:00 UTC,SC Farense,Rio Ave,Primeira Liga 2020/2021,0,1,"0:1, 0:0",Estádio de São Luís,Faro,Portugal,"[{""odds_over"": ""2.95"", ""odds_under"": ""1.37"", ""bookmaker_name"": ""LV BET"", ""period"": ""FullTime""}]"
2025-08-22 18:26:42 UTC,2020-10-25 17:30:00 UTC,Famalicao,Boavista,Primeira Liga 2020/2021,2,2,"0:0, 2:2",Estadio Municipal de Famalicao,Vila Nova de Famalicao,Portugal,"[{""odds_over"": ""2.7"", ""odds_under"": ""1.43"", ""bookmaker_name"": ""LV BET"", ""period"": ""FullTime""}]"
2025-08-22 18:26:43 UTC,2020-10-28 21:45:00 UTC,Sporting CP,Gil Vicente,Primeira Liga 2020/2021,3,1,"0:0, 3:1",Estádio José Alvalade,Lisbon,Portugal,"[{""odds_over"": ""2.6"", ""odds_under"": ""1.46"", ""bookmaker_name"": ""LV BET"", ""period"": ""FullTime""}]"
2025-08-22 18:27:04 UTC,2021-03-14 15:00:00 UTC,Moreirense,Rio Ave,Primeira Liga 2020/2021,1,1,"0:1, 1:0",Parque Joaquim de Almeida Freitas,Moreira de Conegos,Portugal,"[{""odds_over"": ""3.05"", ""odds_under"": ""1.35"", ""bookmaker_name"": ""LV BET"", ""period"": ""FullTime""}]"
2025-08-22 18:27:05 UTC,2020-12-20 15:00:00 UTC,Pacos Ferreira,Boavista,Primeira Liga 2020/2021,1,1,"0:0, 1:1",Estádio da Capital do Móvel,Paços de Ferreira,Portugal,"[{""odds_over"": ""3.55"", ""odds_under"": ""1.27"", ""bookmaker_name"": ""LV BET"", ""period"": ""FullTime""}]"
2025-08-22 18:27:26 UTC,2021-03-20 15:30:00 UTC,Santa Clara,Tondela,Primeira Liga 2020/2021,1,1,"0:1, 1:0",Estádio de São Miguel,Ponta Delgada,Portugal,"[{""odds_over"": ""3.35"", ""odds_under"": ""1.3"", ""bookmaker_name"": ""LV BET"", ""period"": ""FullTime""}]"
2025-08-22 18:27:27 UTC,2020-10-23 19:30:00 UTC,Tondela,Portimonense,Primeira Liga 2020/2021,1,0,"1:0, 0:0",Estádio João Cardoso,Tondela,Portugal,"[{""odds_over"": ""3.55"", ""odds_under"": ""1.27"", ""bookmaker_name"": ""LV BET"", ""period"": ""FullTime""}]"
2025-08-22 18:27:49 UTC,2021-05-11 19:30:00 UTC,Sporting CP,Boavista,Primeira Liga 2020/2021,1,0,"1:0, 0:0",Estádio José Alvalade,Lisbon,Portugal,"[{""odds_over"": ""2.3"", ""odds_under"": ""1.56"", ""bookmaker_name"": ""LV BET"", ""period"": ""FullTime""}]"
2025-08-22 18:27:51 UTC,2021-02-21 15:00:00 UTC,Pacos Ferreira,Vitoria Guimaraes,Primeira Liga 2020/2021,2,1,"1:1, 1:0",Estádio da Capital do Móvel,Paços de Ferreira,Portugal,"[{""odds_over"": ""3.6"", ""odds_under"": ""1.26"", ""bookmaker_name"": ""LV BET"", ""period"": ""FullTime""}]"
2025-08-22 18:28:10 UTC,2021-04-17 17:00:00 UTC,Benfica,Gil Vicente,Primeira Liga 2020/2021,1,2,"0:1, 1:1",Estádio da Luz,Lisbon,Portugal,"[{""odds_over"": ""2.01"", ""odds_under"": ""1.76"", ""bookmaker_name"": ""LV BET"", ""period"": ""FullTime""}]"
2025-08-22 18:28:12 UTC,2020-11-08 15:00:00 UTC,SC Farense,Boavista,Primeira Liga 2020/2021,3,1,"1:1, 2:0",Estádio de São Luís,Faro,Portugal,"[{""odds_over"": ""2.7"", ""odds_under"": ""1.42"", ""bookmaker_name"": ""LV BET"", ""period"": ""FullTime""}]"
2025-08-22 18:28:31 UTC,2021-04-30 20:15:00 UTC,FC Porto,Famalicao,Primeira Liga 2020/2021,3,2,"1:1, 2:1",Estádio do Dragão,Porto,Portugal,"[{""odds_over"": ""2.2"", ""odds_under"": ""1.61"", ""bookmaker_name"": ""LV BET"", ""period"": ""FullTime""}]"
2025-08-22 18:28:33 UTC,2020-12-27 15:00:00 UTC,Famalicao,Gil Vicente,Primeira Liga 2020/2021,0,1,"0:1, 0:0",Estadio Municipal de Famalicao,Vila Nova de Famalicao,Portugal,"[{""odds_over"": ""4.1"", ""odds_under"": ""1.21"", ""bookmaker_name"": ""LV BET"", ""period"": ""FullTime""}]"
2025-08-22 18:28:53 UTC,2021-01-25 16:30:00 UTC,Rio Ave,Santa Clara,Primeira Liga 2020/2021,1,2,"1:1, 0:1",Estádio do Rio Ave,Vila do Conde,Portugal,"[{""odds_over"": ""3.85"", ""odds_under"": ""1.24"", ""bookmaker_name"": ""LV BET"", ""period"": ""FullTime""}]"
2025-08-22 18:28:55 UTC,2020-12-29 18:45:00 UTC,Moreirense,Santa Clara,Primeira Liga 2020/2021,1,0,"0:0, 1:0",Parque Joaquim de Almeida Freitas,Moreira de Conegos,Portugal,"[{""odds_over"": ""4.75"", ""odds_under"": ""1.16"", ""bookmaker_name"": ""LV BET"", ""period"": ""FullTime""}]"
2025-08-22 18:29:17 UTC,2020-10-18 19:00:00 UTC,Rio Ave,Benfica,Primeira Liga 2020/2021,0,3,"0:2, 0:1",Estádio do Rio Ave,Vila do Conde,Portugal,"[{""odds_over"": ""1.92"", ""odds_under"": ""1.84"", ""bookmaker_name"": ""LV BET"", ""period"": ""FullTime""}]"
2025-08-22 18:29:18 UTC,2021-01-03 13:00:00 UTC,Tondela,Famalicao,Primeira Liga 2020/2021,1,0,"0:0, 1:0",Estádio João Cardoso,Tondela,Portugal,"[{""odds_over"": ""3.05"", ""odds_under"": ""1.35"", ""bookmaker_name"": ""LV BET"", ""period"": ""FullTime""}]"
2025-08-22 18:29:38 UTC,2021-02-21 20:15:00 UTC,SC Farense,Benfica,Primeira Liga 2020/2021,0,0,"0:0, 0:0",Estádio de São Luís,Faro,Portugal,"[{""odds_over"": ""1.94"", ""odds_under"": ""1.82"", ""bookmaker_name"": ""LV BET"", ""period"": ""FullTime""}]"
2025-08-22 18:29:40 UTC,2020-11-01 17:30:00 UTC,Gil Vicente,Vitoria Guimaraes,Primeira Liga 2020/2021,1,2,"0:1, 1:1",Estádio Cidade de Barcelos,Barcelos,Portugal,"[{""odds_over"": ""3.6"", ""odds_under"": ""1.26"", ""bookmaker_name"": ""LV BET"", ""period"": ""FullTime""}]"
2025-08-22 18:30:00 UTC,2020-12-18 20:30:00 UTC,Portimonense,Famalicao,Primeira Liga 2020/2021,0,0,"0:0, 0:0",Estádio Municipal de Portimão,Portimão,Portugal,"[{""odds_over"": ""3.35"", ""odds_under"": ""1.3"", ""bookmaker_name"": ""LV BET"", ""period"": ""FullTime""}]"
2025-08-22 18:30:00 UTC,2020-12-22 20:15:00 UTC,Braga,Rio Ave,Primeira Liga 2020/2021,3,0,"1:0, 2:0",Estádio Municipal de Braga,Braga,Portugal,"[{""odds_over"": ""2.35"", ""odds_under"": ""1.54"", ""bookmaker_name"": ""LV BET"", ""period"": ""FullTime""}]"
2025-08-22 18:30:21 UTC,2020-12-20 20:00:00 UTC,FC Porto,Nacional,Primeira Liga 2020/2021,2,0,"2:0, 0:0",Estádio do Dragão,Porto,Portugal,"[{""odds_over"": ""1.72"", ""odds_under"": ""2.07"", ""bookmaker_name"": ""LV BET"", ""period"": ""FullTime""}]"
2025-08-22 18:30:21 UTC,2021-03-12 20:30:00 UTC,Nacional,Maritimo,Primeira Liga 2020/2021,1,2,"1:0, 0:2",Estádio da Madeira,Funchal,Portugal,"[{""odds_over"": ""3.2"", ""odds_under"": ""1.32"", ""bookmaker_name"": ""LV BET"", ""period"": ""FullTime""}]"
2025-08-22 18:30:43 UTC,2020-10-17 19:30:00 UTC,Sporting CP,FC Porto,Primeira Liga 2020/2021,2,2,"1:2, 1:0",Estádio José Alvalade,Lisbon,Portugal,"[{""odds_over"": ""2.85"", ""odds_under"": ""1.39"", ""bookmaker_name"": ""LV BET"", ""period"": ""FullTime""}]"
2025-08-22 18:30:43 UTC,2021-03-19 20:30:00 UTC,Gil Vicente,Nacional,Primeira Liga 2020/2021,2,0,"0:0, 2:0",Estádio Cidade de Barcelos,Barcelos,Portugal,"[{""odds_over"": ""3.1"", ""odds_under"": ""1.34"", ""bookmaker_name"": ""LV BET"", ""period"": ""FullTime""}]"
2025-08-22 18:31:06 UTC,2020-11-28 20:30:00 UTC,Sporting CP,Moreirense,Primeira Liga 2020/2021,2,1,"1:1, 1:0",Estádio José Alvalade,Lisbon,Portugal,"[{""odds_over"": ""1.77"", ""odds_under"": ""2.0"", ""bookmaker_name"": ""LV BET"", ""period"": ""FullTime""}]"
2025-08-22 18:31:06 UTC,2020-11-29 20:00:00 UTC,Braga,SC Farense,Primeira Liga 2020/2021,1,0,"0:0, 1:0",Estádio Municipal de Braga,Braga,Portugal,"[{""odds_over"": ""1.82"", ""odds_under"": ""1.94"", ""bookmaker_name"": ""LV BET"", ""period"": ""FullTime""}]"
2025-08-22 18:31:28 UTC,2021-05-09 19:00:00 UTC,Gil Vicente,Braga,Primeira Liga 2020/2021,1,1,"1:1, 0:0",Estádio Cidade de Barcelos,Barcelos,Portugal,"[{""odds_over"": ""2.55"", ""odds_under"": ""1.47"", ""bookmaker_name"": ""LV BET"", ""period"": ""FullTime""}]"
2025-08-22 18:31:28 UTC,2021-05-11 15:00:00 UTC,Santa Clara,Rio Ave,Primeira Liga 2020/2021,1,0,"0:0, 1:0",Estádio de São Miguel,Ponta Delgada,Portugal,"[{""odds_over"": ""3.6"", ""odds_under"": ""1.26"", ""bookmaker_name"": ""LV BET"", ""period"": ""FullTime""}]"
2025-08-22 18:31:49 UTC,2021-01-02 18:00:00 UTC,Sporting CP,Braga,Primeira Liga 2020/2021,2,0,"0:0, 2:0",Estádio José Alvalade,Lisbon,Portugal,"[{""odds_over"": ""2.13"", ""odds_under"": ""1.68"", ""bookmaker_name"": ""LV BET"", ""period"": ""FullTime""}]"
2025-08-22 18:31:49 UTC,2021-05-10 17:00:00 UTC,Portimonense,Moreirense,Primeira Liga 2020/2021,1,2,"1:1, 0:1",Estádio Municipal de Portimão,Portimão,Portugal,"[{""odds_over"": ""3.05"", ""odds_under"": ""1.35"", ""bookmaker_name"": ""LV BET"", ""period"": ""FullTime""}]"
2025-08-22 18:32:11 UTC,2020-12-05 18:00:00 UTC,Famalicao,Sporting CP,Primeira Liga 2020/2021,2,2,"1:2, 1:0",Estadio Municipal de Famalicao,Vila Nova de Famalicao,Portugal,"[{""odds_over"": ""2.2"", ""odds_under"": ""1.61"", ""bookmaker_name"": ""LV BET"", ""period"": ""FullTime""}]"
2025-08-22 18:32:12 UTC,2021-05-16 14:00:00 UTC,Famalicao,Nacional,Primeira Liga 2020/2021,3,0,"1:0, 2:0",Estadio Municipal de Famalicao,Vila Nova de Famalicao,Portugal,"[{""odds_over"": ""2.45"", ""odds_under"": ""1.51"", ""bookmaker_name"": ""LV BET"", ""period"": ""FullTime""}]"
2025-08-22 18:32:33 UTC,2021-05-06 14:00:00 UTC,Moreirense,Nacional,Primeira Liga 2020/2021,2,2,"0:1, 2:1",Parque Joaquim de Almeida Freitas,Moreira de Conegos,Portugal,"[{""odds_over"": ""3.0"", ""odds_under"": ""1.36"", ""bookmaker_name"": ""LV BET"", ""period"": ""FullTime""}]"
2025-08-22 18:32:33 UTC,2021-05-06 19:30:00 UTC,SC Farense,Vitoria Guimaraes,Primeira Liga 2020/2021,2,2,"2:1, 0:1",Estádio de São Luís,Faro,Portugal,"[{""odds_over"": ""3.15"", ""odds_under"": ""1.33"", ""bookmaker_name"": ""LV BET"", ""period"": ""FullTime""}]"
2025-08-22 18:32:55 UTC,2020-10-17 17:00:00 UTC,Braga,Nacional,Primeira Liga 2020/2021,2,1,"2:0, 0:1",Estádio Municipal de Braga,Braga,Portugal,"[{""odds_over"": ""1.89"", ""odds_under"": ""1.87"", ""bookmaker_name"": ""LV BET"", ""period"": ""FullTime""}]"
2025-08-22 18:32:56 UTC,2021-04-10 14:00:00 UTC,Maritimo,SC Farense,Primeira Liga 2020/2021,1,0,"1:0, 0:0",Estádio do Marítimo,Funchal,Portugal,"[{""odds_over"": ""3.4"", ""odds_under"": ""1.29"", ""bookmaker_name"": ""LV BET"", ""period"": ""FullTime""}]"
2025-08-22 18:33:15 UTC,2021-04-04 16:30:00 UTC,Vitoria Guimaraes,Tondela,Primeira Liga 2020/2021,1,2,"1:1, 0:1",Estádio D. Afonso Henriques,Guimarães,Portugal,"[{""odds_over"": ""2.45"", ""odds_under"": ""1.51"", ""bookmaker_name"": ""LV BET"", ""period"": ""FullTime""}]"
2025-08-22 18:33:19 UTC,2021-05-06 16:00:00 UTC,BSAD,Portimonense,Primeira Liga 2020/2021,1,0,"1:0, 0:0",Estádio Nacional do Jamor,Lisbon - Oeiras,Portugal,"[{""odds_over"": ""4.3"", ""odds_under"": ""1.2"", ""bookmaker_name"": ""LV BET"", ""period"": ""FullTime""}]"
2025-08-22 18:33:36 UTC,2021-04-03 19:30:00 UTC,FC Porto,Santa Clara,Primeira Liga 2020/2021,2,1,"0:0, 2:1",Estádio do Dragão,Porto,Portugal,"[{""odds_over"": ""2.45"", ""odds_under"": ""1.51"", ""bookmaker_name"": ""LV BET"", ""period"": ""FullTime""}]"
2025-08-22 18:33:41 UTC,2021-02-01 21:30:00 UTC,Sporting CP,Benfica,Primeira Liga 2020/2021,1,0,"0:0, 1:0",Estádio José Alvalade,Lisbon,Portugal,"[{""odds_over"": ""2.75"", ""odds_under"": ""1.41"", ""bookmaker_name"": ""LV BET"", ""period"": ""FullTime""}]"
2025-08-22 18:33:59 UTC,2021-01-04 21:15:00 UTC,Portimonense,SC Farense,Primeira Liga 2020/2021,2,0,"0:0, 2:0",Estádio Municipal de Portimão,Portimão,Portugal,"[{""odds_over"": ""3.6"", ""odds_under"": ""1.26"", ""bookmaker_name"": ""LV BET"", ""period"": ""FullTime""}]"
2025-08-22 18:34:04 UTC,2020-12-19 20:30:00 UTC,Sporting CP,SC Farense,Primeira Liga 2020/2021,1,0,"0:0, 1:0",Estádio José Alvalade,Lisbon,Portugal,"[{""odds_over"": ""1.95"", ""odds_under"": ""1.81"", ""bookmaker_name"": ""LV BET"", ""period"": ""FullTime""}]"
2025-08-22 18:34:22 UTC,2020-10-03 20:00:00 UTC,Tondela,Braga,Primeira Liga 2020/2021,0,4,"0:4, 0:0",Estádio João Cardoso,Tondela,Portugal,"[{""odds_over"": ""2.3"", ""odds_under"": ""1.58"", ""bookmaker_name"": ""LV BET"", ""period"": ""FullTime""}]"
2025-08-22 18:34:25 UTC,2021-01-03 15:00:00 UTC,Maritimo,Boavista,Primeira Liga 2020/2021,0,0,"0:0, 0:0",Estádio do Marítimo,Funchal,Portugal,"[{""odds_over"": ""3.85"", ""odds_under"": ""1.24"", ""bookmaker_name"": ""LV BET"", ""period"": ""FullTime""}]"
2025-08-22 18:34:42 UTC,2021-04-22 20:00:00 UTC,FC Porto,Vitoria Guimaraes,Primeira Liga 2020/2021,1,0,"0:0, 1:0",Estádio do Dragão,Porto,Portugal,"[{""odds_over"": ""2.2"", ""odds_under"": ""1.61"", ""bookmaker_name"": ""LV BET"", ""period"": ""FullTime""}]"
2025-08-22 18:34:47 UTC,2020-10-18 16:30:00 UTC,SC Farense,Famalicao,Primeira Liga 2020/2021,3,3,"2:0, 1:3",Estádio Algarve,Faro/Loulé,Portugal,"[{""odds_over"": ""3.05"", ""odds_under"": ""1.35"", ""bookmaker_name"": ""LV BET"", ""period"": ""FullTime""}]"
2025-08-22 18:35:04 UTC,2021-04-04 14:00:00 UTC,BSAD,Boavista,Primeira Liga 2020/2021,0,2,"0:1, 0:1",Estádio Nacional do Jamor,Lisbon - Oeiras,Portugal,"[{""odds_over"": ""4.0"", ""odds_under"": ""1.22"", ""bookmaker_name"": ""LV BET"", ""period"": ""FullTime""}]"
2025-08-22 18:35:09 UTC,2021-04-22 18:00:00 UTC,Portimonense,Benfica,Primeira Liga 2020/2021,1,5,"1:1, 0:4",Estádio Municipal de Portimão,Portimão,Portugal,"[{""odds_over"": ""2.25"", ""odds_under"": ""1.6"", ""bookmaker_name"": ""LV BET"", ""period"": ""FullTime""}]"
2025-08-22 18:35:26 UTC,2021-01-17 20:00:00 UTC,Gil Vicente,Maritimo,Primeira Liga 2020/2021,0,1,"0:0, 0:1",Estádio Cidade de Barcelos,Barcelos,Portugal,"[{""odds_over"": ""4.75"", ""odds_under"": ""1.16"", ""bookmaker_name"": ""LV BET"", ""period"": ""FullTime""}]"
2025-08-22 18:35:31 UTC,2020-12-05 15:30:00 UTC,Moreirense,Gil Vicente,Primeira Liga 2020/2021,1,1,"0:0, 1:1",Parque Joaquim de Almeida Freitas,Moreira de Conegos,Portugal,"[{""odds_over"": ""3.7"", ""odds_under"": ""1.25"", ""bookmaker_name"": ""LV BET"", ""period"": ""FullTime""}]"
2025-08-22 18:35:47 UTC,2021-02-15 20:15:00 UTC,Sporting CP,Pacos Ferreira,Primeira Liga 2020/2021,2,0,"1:0, 1:0",Estádio José Alvalade,Lisbon,Portugal,"[{""odds_over"": ""2.85"", ""odds_under"": ""1.39"", ""bookmaker_name"": ""LV BET"", ""period"": ""FullTime""}]"
2025-08-22 18:35:53 UTC,2021-01-24 15:00:00 UTC,Maritimo,Pacos Ferreira,Primeira Liga 2020/2021,0,3,"0:1, 0:2",Estádio do Marítimo,Funchal,Portugal,"[{""odds_over"": ""4.0"", ""odds_under"": ""1.22"", ""bookmaker_name"": ""LV BET"", ""period"": ""FullTime""}]"
2025-08-22 18:36:09 UTC,2021-01-10 20:00:00 UTC,BSAD,Pacos Ferreira,Primeira Liga 2020/2021,0,2,"0:1, 0:1",Estádio Nacional do Jamor,Lisbon - Oeiras,Portugal,"[{""odds_over"": ""4.3"", ""odds_under"": ""1.2"", ""bookmaker_name"": ""LV BET"", ""period"": ""FullTime""}]"
2025-08-22 18:36:15 UTC,2021-02-05 17:00:00 UTC,Rio Ave,Nacional,Primeira Liga 2020/2021,0,0,"0:0, 0:0",Estádio do Rio Ave,Vila do Conde,Portugal,"[{""odds_over"": ""3.1"", ""odds_under"": ""1.34"", ""bookmaker_name"": ""LV BET"", ""period"": ""FullTime""}]"
2025-08-22 18:36:31 UTC,2020-09-18 18:00:00 UTC,Famalicao,Benfica,Primeira Liga 2020/2021,1,5,"0:3, 1:2",Estadio Municipal de Famalicao,Vila Nova de Famalicao,Portugal,"[{""odds_over"": ""2.0"", ""odds_under"": ""1.77"", ""bookmaker_name"": ""LV BET"", ""period"": ""FullTime""}]"
2025-08-22 18:36:37 UTC,2021-05-19 19:00:00 UTC,Nacional,Rio Ave,Primeira Liga 2020/2021,1,2,"1:0, 0:2",Estádio da Madeira,Funchal,Portugal,"[{""odds_over"": ""2.13"", ""odds_under"": ""1.68"", ""bookmaker_name"": ""LV BET"", ""period"": ""FullTime""}]"
2025-08-22 18:36:54 UTC,2021-05-11 17:00:00 UTC,Nacional,Benfica,Primeira Liga 2020/2021,1,3,"1:0, 0:3",Estádio da Madeira,Funchal,Portugal,"[{""odds_over"": ""1.89"", ""odds_under"": ""1.87"", ""bookmaker_name"": ""LV BET"", ""period"": ""FullTime""}]"
2025-08-22 18:36:57 UTC,2021-04-30 16:00:00 UTC,Vitoria Guimaraes,Moreirense,Primeira Liga 2020/2021,2,0,"2:0, 0:0",Estádio D. Afonso Henriques,Guimarães,Portugal,"[{""odds_over"": ""3.05"", ""odds_under"": ""1.35"", ""bookmaker_name"": ""LV BET"", ""period"": ""FullTime""}]"
2025-08-22 18:37:14 UTC,2021-01-31 15:00:00 UTC,Vitoria Guimaraes,Maritimo,Primeira Liga 2020/2021,1,0,"0:0, 1:0",Estádio D. Afonso Henriques,Guimarães,Portugal,"[{""odds_over"": ""3.15"", ""odds_under"": ""1.33"", ""bookmaker_name"": ""LV BET"", ""period"": ""FullTime""}]"
2025-08-22 18:37:21 UTC,2021-05-16 16:00:00 UTC,BSAD,Santa Clara,Primeira Liga 2020/2021,0,2,"0:1, 0:1",Estádio Nacional do Jamor,Lisbon - Oeiras,Portugal,"[{""odds_over"": ""3.55"", ""odds_under"": ""1.27"", ""bookmaker_name"": ""LV BET"", ""period"": ""FullTime""}]"
2025-08-22 18:37:37 UTC,2021-04-09 19:00:00 UTC,Portimonense,Vitoria Guimaraes,Primeira Liga 2020/2021,3,0,"1:0, 2:0",Estádio Municipal de Portimão,Portimão,Portugal,"[{""odds_over"": ""3.4"", ""odds_under"": ""1.29"", ""bookmaker_name"": ""LV BET"", ""period"": ""FullTime""}]"
2025-08-22 18:37:42 UTC,2021-02-28 17:30:00 UTC,Tondela,Gil Vicente,Primeira Liga 2020/2021,1,0,"1:0, 0:0",Estádio João Cardoso,Tondela,Portugal,"[{""odds_over"": ""3.3"", ""odds_under"": ""1.31"", ""bookmaker_name"": ""LV BET"", ""period"": ""FullTime""}]"
2025-08-22 18:38:01 UTC,2021-04-11 14:30:00 UTC,Santa Clara,Nacional,Primeira Liga 2020/2021,5,1,"2:0, 3:1",Estádio de São Miguel,Ponta Delgada,Portugal,"[{""odds_over"": ""3.1"", ""odds_under"": ""1.34"", ""bookmaker_name"": ""LV BET"", ""period"": ""FullTime""}]"
2025-08-22 18:38:05 UTC,2021-01-15 21:00:00 UTC,FC Porto,Benfica,Primeira Liga 2020/2021,1,1,"1:1, 0:0",Estádio do Dragão,Porto,Portugal,"[{""odds_over"": ""2.4"", ""odds_under"": ""1.53"", ""bookmaker_name"": ""LV BET"", ""period"": ""FullTime""}]"
2025-08-22 18:38:21 UTC,2021-05-05 20:15:00 UTC,Rio Ave,Sporting CP,Primeira Liga 2020/2021,0,2,"0:1, 0:1",Estádio do Rio Ave,Vila do Conde,Portugal,"[{""odds_over"": ""3.35"", ""odds_under"": ""1.3"", ""bookmaker_name"": ""LV BET"", ""period"": ""FullTime""}]"
2025-08-22 18:38:27 UTC,2020-12-01 21:45:00 UTC,Moreirense,Pacos Ferreira,Primeira Liga 2020/2021,0,1,"0:1, 0:0",Parque Joaquim de Almeida Freitas,Moreira de Conegos,Portugal,"[{""odds_over"": ""3.15"", ""odds_under"": ""1.33"", ""bookmaker_name"": ""LV BET"", ""period"": ""FullTime""}]"
2025-08-22 18:38:42 UTC,2020-10-04 17:30:00 UTC,Famalicao,Rio Ave,Primeira Liga 2020/2021,1,1,"1:0, 0:1",Estadio Municipal de Famalicao,Vila Nova de Famalicao,Portugal,"[{""odds_over"": ""2.95"", ""odds_under"": ""1.37"", ""bookmaker_name"": ""LV BET"", ""period"": ""FullTime""}]"
2025-08-22 18:38:49 UTC,2020-09-26 17:30:00 UTC,Benfica,Moreirense,Primeira Liga 2020/2021,2,0,"1:0, 1:0",Estádio da Luz,Lisbon,Portugal,"[{""odds_over"": ""1.58"", ""odds_under"": ""2.3"", ""bookmaker_name"": ""LV BET"", ""period"": ""FullTime""}]"
2025-08-22 18:39:04 UTC,2020-11-28 18:00:00 UTC,Santa Clara,FC Porto,Primeira Liga 2020/2021,0,1,"0:1, 0:0",Estádio de São Miguel,Ponta Delgada,Portugal,"[{""odds_over"": ""2.25"", ""odds_under"": ""1.6"", ""bookmaker_name"": ""LV BET"", ""period"": ""FullTime""}]"
2025-08-22 18:39:15 UTC,2021-03-21 20:00:00 UTC,Braga,Benfica,Primeira Liga 2020/2021,0,2,"0:1, 0:1",Estádio Municipal de Braga,Braga,Portugal,"[{""odds_over"": ""2.08"", ""odds_under"": ""1.71"", ""bookmaker_name"": ""LV BET"", ""period"": ""FullTime""}]"
2025-08-22 18:39:26 UTC,2021-04-17 14:30:00 UTC,Moreirense,Tondela,Primeira Liga 2020/2021,2,3,"2:3, 0:0",Parque Joaquim de Almeida Freitas,Moreira de Conegos,Portugal,"[{""odds_over"": ""2.95"", ""odds_under"": ""1.37"", ""bookmaker_name"": ""LV BET"", ""period"": ""FullTime""}]"
2025-08-22 18:39:38 UTC,2021-05-06 17:30:00 UTC,Benfica,FC Porto,Primeira Liga 2020/2021,1,1,"1:0, 0:1",Estádio da Luz,Lisbon,Portugal,"[{""odds_over"": ""2.75"", ""odds_under"": ""1.41"", ""bookmaker_name"": ""LV BET"", ""period"": ""FullTime""}]"
2025-08-22 18:39:49 UTC,2021-03-21 15:00:00 UTC,Rio Ave,BSAD,Primeira Liga 2020/2021,0,0,"0:0, 0:0",Estádio do Rio Ave,Vila do Conde,Portugal,"[{""odds_over"": ""3.85"", ""odds_under"": ""1.24"", ""bookmaker_name"": ""LV BET"", ""period"": ""FullTime""}]"
2025-08-22 18:40:00 UTC,2021-01-26 21:15:00 UTC,Boavista,Sporting CP,Primeira Liga 2020/2021,0,2,"0:1, 0:1",Estádio do Bessa Século XXI,Porto,Portugal,"[{""odds_over"": ""2.75"", ""odds_under"": ""1.41"", ""bookmaker_name"": ""LV BET"", ""period"": ""FullTime""}]"
2025-08-22 18:40:12 UTC,2020-10-31 20:30:00 UTC,Maritimo,Nacional,Primeira Liga 2020/2021,0,0,"0:0, 0:0",Estádio do Marítimo,Funchal,Portugal,"[{""odds_over"": ""2.8"", ""odds_under"": ""1.41"", ""bookmaker_name"": ""LV BET"", ""period"": ""FullTime""}]"
2025-08-22 18:40:23 UTC,2021-02-01 17:00:00 UTC,Santa Clara,BSAD,Primeira Liga 2020/2021,2,0,"1:0, 1:0",Estádio de São Miguel,Ponta Delgada,Portugal,"[{""odds_over"": ""4.55"", ""odds_under"": ""1.18"", ""bookmaker_name"": ""LV BET"", ""period"": ""FullTime""}]"
2025-08-22 18:40:34 UTC,2021-03-21 17:30:00 UTC,Maritimo,Famalicao,Primeira Liga 2020/2021,0,4,"0:2, 0:2",Estádio do Marítimo,Funchal,Portugal,"[{""odds_over"": ""3.6"", ""odds_under"": ""1.26"", ""bookmaker_name"": ""LV BET"", ""period"": ""FullTime""}]"
2025-08-22 18:40:46 UTC,2021-01-17 17:30:00 UTC,Santa Clara,Famalicao,Primeira Liga 2020/2021,1,2,"0:0, 1:2",Estádio de São Miguel,Ponta Delgada,Portugal,"[{""odds_over"": ""3.6"", ""odds_under"": ""1.26"", ""bookmaker_name"": ""LV BET"", ""period"": ""FullTime""}]"
2025-08-22 18:40:55 UTC,2021-01-03 19:00:00 UTC,Pacos Ferreira,Rio Ave,Primeira Liga 2020/2021,2,0,"1:0, 1:0",Estádio da Capital do Móvel,Paços de Ferreira,Portugal,"[{""odds_over"": ""4.1"", ""odds_under"": ""1.21"", ""bookmaker_name"": ""LV BET"", ""period"": ""FullTime""}]"
2025-08-22 18:41:08 UTC,2021-05-15 14:30:00 UTC,Boavista,Portimonense,Primeira Liga 2020/2021,1,0,"0:0, 1:0",Estádio do Bessa Século XXI,Porto,Portugal,"[{""odds_over"": ""3.55"", ""odds_under"": ""1.27"", ""bookmaker_name"": ""LV BET"", ""period"": ""FullTime""}]"
2025-08-22 18:41:17 UTC,2020-11-27 21:00:00 UTC,Tondela,Vitoria Guimaraes,Primeira Liga 2020/2021,0,2,"0:0, 0:2",Estádio João Cardoso,Tondela,Portugal,"[{""odds_over"": ""2.9"", ""odds_under"": ""1.38"", ""bookmaker_name"": ""LV BET"", ""period"": ""FullTime""}]"
2025-08-22 18:41:29 UTC,2020-11-08 17:30:00 UTC,FC Porto,Portimonense,Primeira Liga 2020/2021,3,1,"1:1, 2:0",Estádio do Dragão,Porto,Portugal,"[{""odds_over"": ""1.86"", ""odds_under"": ""1.9"", ""bookmaker_name"": ""LV BET"", ""period"": ""FullTime""}]"
2025-08-22 18:41:41 UTC,2021-04-11 14:00:00 UTC,Gil Vicente,Moreirense,Primeira Liga 2020/2021,1,2,"0:1, 1:1",Estádio Cidade de Barcelos,Barcelos,Portugal,"[{""odds_over"": ""3.3"", ""odds_under"": ""1.31"", ""bookmaker_name"": ""LV BET"", ""period"": ""FullTime""}]"
2025-08-22 18:41:52 UTC,2020-09-19 15:00:00 UTC,Nacional,Boavista,Primeira Liga 2020/2021,3,3,"2:2, 1:1",Estádio da Madeira,Funchal,Portugal,"[{""odds_over"": ""4.0"", ""odds_under"": ""1.22"", ""bookmaker_name"": ""LV BET"", ""period"": ""FullTime""}]"
2025-08-22 18:42:03 UTC,2020-12-06 17:30:00 UTC,Rio Ave,Boavista,Primeira Liga 2020/2021,0,0,"0:0, 0:0",Estádio do Rio Ave,Vila do Conde,Portugal,"[{""odds_over"": ""3.35"", ""odds_under"": ""1.3"", ""bookmaker_name"": ""LV BET"", ""period"": ""FullTime""}]"
2025-08-22 18:42:14 UTC,2020-12-29 18:00:00 UTC,Benfica,Portimonense,Primeira Liga 2020/2021,2,1,"2:0, 0:1",Estádio da Luz,Lisbon,Portugal,"[{""odds_over"": ""2.01"", ""odds_under"": ""1.76"", ""bookmaker_name"": ""LV BET"", ""period"": ""FullTime""}]"
2025-08-22 18:42:23 UTC,2021-04-25 19:00:00 UTC,Braga,Sporting CP,Primeira Liga 2020/2021,0,1,"0:0, 0:1",Estádio Municipal de Braga,Braga,Portugal,"[{""odds_over"": ""2.75"", ""odds_under"": ""1.41"", ""bookmaker_name"": ""LV BET"", ""period"": ""FullTime""}]"
2025-08-22 18:42:35 UTC,2020-10-02 18:00:00 UTC,Moreirense,Boavista,Primeira Liga 2020/2021,1,1,"0:1, 1:0",Parque Joaquim de Almeida Freitas,Moreira de Conegos,Portugal,"[{""odds_over"": ""3.1"", ""odds_under"": ""1.34"", ""bookmaker_name"": ""LV BET"", ""period"": ""FullTime""}]"
2025-08-22 18:42:46 UTC,2021-04-17 19:30:00 UTC,Rio Ave,Braga,Primeira Liga 2020/2021,0,0,"0:0, 0:0",Estádio do Rio Ave,Vila do Conde,Portugal,"[{""odds_over"": ""2.35"", ""odds_under"": ""1.56"", ""bookmaker_name"": ""LV BET"", ""period"": ""FullTime""}]"
2025-08-22 18:42:57 UTC,2020-11-07 20:30:00 UTC,Vitoria Guimaraes,Sporting CP,Primeira Liga 2020/2021,0,4,"0:2, 0:2",Estádio D. Afonso Henriques,Guimarães,Portugal,"[{""odds_over"": ""2.7"", ""odds_under"": ""1.43"", ""bookmaker_name"": ""LV BET"", ""period"": ""FullTime""}]"
2025-08-22 18:43:08 UTC,2020-10-24 17:00:00 UTC,Santa Clara,Sporting CP,Primeira Liga 2020/2021,1,2,"1:1, 0:1",Estádio de São Miguel,Ponta Delgada,Portugal,"[{""odds_over"": ""3.1"", ""odds_under"": ""1.34"", ""bookmaker_name"": ""LV BET"", ""period"": ""FullTime""}]"
2025-08-22 18:43:18 UTC,2021-05-01 17:00:00 UTC,Santa Clara,Boavista,Primeira Liga 2020/2021,3,3,"1:1, 2:2",Estádio de São Miguel,Ponta Delgada,Portugal,"[{""odds_over"": ""2.95"", ""odds_under"": ""1.37"", ""bookmaker_name"": ""LV BET"", ""period"": ""FullTime""}]"
2025-08-22 18:43:40 UTC,2021-04-10 19:30:00 UTC,Pacos Ferreira,Benfica,Primeira Liga 2020/2021,0,5,"0:3, 0:2",Estádio da Capital do Móvel,Paços de Ferreira,Portugal,"[{""odds_over"": ""2.3"", ""odds_under"": ""1.56"", ""bookmaker_name"": ""LV BET"", ""period"": ""FullTime""}]"
2025-08-22 18:44:03 UTC,2020-10-03 15:00:00 UTC,Santa Clara,Gil Vicente,Primeira Liga 2020/2021,0,0,"0:0, 0:0",Estádio de São Miguel,Ponta Delgada,Portugal,"[{""odds_over"": ""3.85"", ""odds_under"": ""1.24"", ""bookmaker_name"": ""LV BET"", ""period"": ""FullTime""}]"
2025-08-22 18:44:09 UTC,2021-02-04 21:30:00 UTC,Famalicao,Moreirense,Primeira Liga 2020/2021,0,2,"0:2, 0:0",Estadio Municipal de Famalicao,Vila Nova de Famalicao,Portugal,"[{""odds_over"": ""3.2"", ""odds_under"": ""1.32"", ""bookmaker_name"": ""LV BET"", ""period"": ""FullTime""}]"
2025-08-22 18:44:26 UTC,2021-04-26 18:00:00 UTC,Famalicao,Tondela,Primeira Liga 2020/2021,2,2,"2:2, 0:0",Estadio Municipal de Famalicao,Vila Nova de Famalicao,Portugal,"[{""odds_over"": ""2.75"", ""odds_under"": ""1.41"", ""bookmaker_name"": ""LV BET"", ""period"": ""FullTime""}]"
2025-08-22 18:44:31 UTC,2021-05-12 19:15:00 UTC,Vitoria Guimaraes,Famalicao,Primeira Liga 2020/2021,1,2,"1:1, 0:1",Estádio D. Afonso Henriques,Guimarães,Portugal,"[{""odds_over"": ""3.0"", ""odds_under"": ""1.36"", ""bookmaker_name"": ""LV BET"", ""period"": ""FullTime""}]"
2025-08-22 18:44:46 UTC,2021-03-13 15:30:00 UTC,SC Farense,BSAD,Primeira Liga 2020/2021,0,1,"0:0, 0:1",Estádio de São Luís,Faro,Portugal,"[{""odds_over"": ""4.25"", ""odds_under"": ""1.2"", ""bookmaker_name"": ""LV BET"", ""period"": ""FullTime""}]"
2025-08-22 18:44:54 UTC,2020-12-28 18:45:00 UTC,Rio Ave,Maritimo,Primeira Liga 2020/2021,1,3,"1:0, 0:3",Estádio do Rio Ave,Vila do Conde,Portugal,"[{""odds_over"": ""3.7"", ""odds_under"": ""1.25"", ""bookmaker_name"": ""LV BET"", ""period"": ""FullTime""}]"
2025-08-22 18:45:08 UTC,2021-05-07 20:15:00 UTC,Boavista,Tondela,Primeira Liga 2020/2021,1,1,"0:0, 1:1",Estádio do Bessa Século XXI,Porto,Portugal,"[{""odds_over"": ""2.9"", ""odds_under"": ""1.38"", ""bookmaker_name"": ""LV BET"", ""period"": ""FullTime""}]"
2025-08-22 18:45:15 UTC,2020-11-07 18:00:00 UTC,Famalicao,Maritimo,Primeira Liga 2020/2021,2,1,"2:1, 0:0",Estadio Municipal de Famalicao,Vila Nova de Famalicao,Portugal,"[{""odds_over"": ""2.7"", ""odds_under"": ""1.43"", ""bookmaker_name"": ""LV BET"", ""period"": ""FullTime""}]"
2025-08-22 18:45:31 UTC,2021-05-09 14:00:00 UTC,Pacos Ferreira,Maritimo,Primeira Liga 2020/2021,1,1,"1:1, 0:0",Estádio da Capital do Móvel,Paços de Ferreira,Portugal,"[{""odds_over"": ""4.15"", ""odds_under"": ""1.21"", ""bookmaker_name"": ""LV BET"", ""period"": ""FullTime""}]"
2025-08-22 18:45:37 UTC,2021-05-19 17:00:00 UTC,FC Porto,BSAD,Primeira Liga 2020/2021,4,0,"2:0, 2:0",Estádio do Dragão,Porto,Portugal,"[{""odds_over"": ""1.64"", ""odds_under"": ""2.19"", ""bookmaker_name"": ""LV BET"", ""period"": ""FullTime""}]"
2025-08-22 18:45:53 UTC,2021-04-21 14:30:00 UTC,Santa Clara,Moreirense,Primeira Liga 2020/2021,0,0,"0:0, 0:0",Estádio de São Miguel,Ponta Delgada,Portugal,"[{""odds_over"": ""3.1"", ""odds_under"": ""1.34"", ""bookmaker_name"": ""LV BET"", ""period"": ""FullTime""}]"
2025-08-22 18:45:58 UTC,2020-12-27 20:00:00 UTC,BSAD,Sporting CP,Primeira Liga 2020/2021,1,2,"1:2, 0:0",Estádio Nacional do Jamor,Lisbon - Oeiras,Portugal,"[{""odds_over"": ""2.5"", ""odds_under"": ""1.5"", ""bookmaker_name"": ""LV BET"", ""period"": ""FullTime""}]"
2025-08-22 18:46:13 UTC,2021-03-06 18:00:00 UTC,Gil Vicente,FC Porto,Primeira Liga 2020/2021,0,2,"0:1, 0:1",Estádio Cidade de Barcelos,Barcelos,Portugal,"[{""odds_over"": ""2.35"", ""odds_under"": ""1.56"", ""bookmaker_name"": ""LV BET"", ""period"": ""FullTime""}]"
2025-08-22 18:46:20 UTC,2020-10-18 14:00:00 UTC,Pacos Ferreira,Santa Clara,Primeira Liga 2020/2021,2,1,"1:0, 1:1",Estádio da Capital do Móvel,Paços de Ferreira,Portugal,"[{""odds_over"": ""4.25"", ""odds_under"": ""1.2"", ""bookmaker_name"": ""LV BET"", ""period"": ""FullTime""}]"
2025-08-22 18:46:34 UTC,2021-01-10 15:00:00 UTC,SC Farense,Gil Vicente,Primeira Liga 2020/2021,3,1,"2:1, 1:0",Estádio de São Luís,Faro,Portugal,"[{""odds_over"": ""4.0"", ""odds_under"": ""1.22"", ""bookmaker_name"": ""LV BET"", ""period"": ""FullTime""}]"
2025-08-22 18:46:41 UTC,2020-09-21 18:45:00 UTC,Portimonense,Pacos Ferreira,Primeira Liga 2020/2021,1,1,"0:1, 1:0",Estádio Municipal de Portimão,Portimão,Portugal,"[{""odds_over"": ""3.75"", ""odds_under"": ""1.25"", ""bookmaker_name"": ""LV BET"", ""period"": ""FullTime""}]"
2025-08-22 18:46:57 UTC,2021-02-05 21:00:00 UTC,Pacos Ferreira,Tondela,Primeira Liga 2020/2021,2,1,"1:0, 1:1",Estádio da Capital do Móvel,Paços de Ferreira,Portugal,"[{""odds_over"": ""2.95"", ""odds_under"": ""1.37"", ""bookmaker_name"": ""LV BET"", ""period"": ""FullTime""}]"
2025-08-22 18:47:03 UTC,2020-10-24 14:30:00 UTC,Nacional,Pacos Ferreira,Primeira Liga 2020/2021,1,1,"0:0, 1:1",Estádio da Madeira,Funchal,Portugal,"[{""odds_over"": ""3.2"", ""odds_under"": ""1.32"", ""bookmaker_name"": ""LV BET"", ""period"": ""FullTime""}]"
2025-08-22 18:47:20 UTC,2020-10-04 20:00:00 UTC,Portimonense,Sporting CP,Primeira Liga 2020/2021,0,2,"0:2, 0:0",Estádio Municipal de Portimão,Portimão,Portugal,"[{""odds_over"": ""3.35"", ""odds_under"": ""1.3"", ""bookmaker_name"": ""LV BET"", ""period"": ""FullTime""}]"
2025-08-22 18:47:25 UTC,2020-09-27 14:30:00 UTC,SC Farense,Nacional,Primeira Liga 2020/2021,0,1,"0:0, 0:1",Estádio Algarve,Faro/Loulé,Portugal,"[{""odds_over"": ""3.15"", ""odds_under"": ""1.33"", ""bookmaker_name"": ""LV BET"", ""period"": ""FullTime""}]"
2025-08-22 18:47:42 UTC,2021-05-10 19:15:00 UTC,FC Porto,SC Farense,Primeira Liga 2020/2021,5,1,"3:0, 2:1",Estádio do Dragão,Porto,Portugal,"[{""odds_over"": ""2.13"", ""odds_under"": ""1.68"", ""bookmaker_name"": ""LV BET"", ""period"": ""FullTime""}]"
2025-08-22 18:47:48 UTC,2021-04-26 18:00:00 UTC,Benfica,Santa Clara,Primeira Liga 2020/2021,2,1,"1:0, 1:1",Estádio da Luz,Lisbon,Portugal,"[{""odds_over"": ""2.08"", ""odds_under"": ""1.71"", ""bookmaker_name"": ""LV BET"", ""period"": ""FullTime""}]"
2025-08-22 18:48:04 UTC,2021-03-20 15:30:00 UTC,Pacos Ferreira,Moreirense,Primeira Liga 2020/2021,3,0,"3:0, 0:0",Estádio da Capital do Móvel,Paços de Ferreira,Portugal,"[{""odds_over"": ""3.7"", ""odds_under"": ""1.25"", ""bookmaker_name"": ""LV BET"", ""period"": ""FullTime""}]"
2025-08-22 18:48:10 UTC,2021-01-03 21:00:00 UTC,FC Porto,Moreirense,Primeira Liga 2020/2021,3,0,"1:0, 2:0",Estádio do Dragão,Porto,Portugal,"[{""odds_over"": ""2.15"", ""odds_under"": ""1.66"", ""bookmaker_name"": ""LV BET"", ""period"": ""FullTime""}]"
2025-08-22 18:48:26 UTC,2021-04-20 19:00:00 UTC,Pacos Ferreira,SC Farense,Primeira Liga 2020/2021,0,2,"0:0, 0:2",Estádio da Capital do Móvel,Paços de Ferreira,Portugal,"[{""odds_over"": ""3.4"", ""odds_under"": ""1.29"", ""bookmaker_name"": ""LV BET"", ""period"": ""FullTime""}]"
2025-08-22 18:48:32 UTC,2020-11-01 15:00:00 UTC,Portimonense,Santa Clara,Primeira Liga 2020/2021,1,2,"0:1, 1:1",Estádio Municipal de Portimão,Portimão,Portugal,"[{""odds_over"": ""3.1"", ""odds_under"": ""1.34"", ""bookmaker_name"": ""LV BET"", ""period"": ""FullTime""}]"
2025-08-22 18:48:47 UTC,2020-11-29 15:00:00 UTC,Gil Vicente,Rio Ave,Primeira Liga 2020/2021,2,0,"1:0, 1:0",Estádio Cidade de Barcelos,Barcelos,Portugal,"[{""odds_over"": ""3.4"", ""odds_under"": ""1.29"", ""bookmaker_name"": ""LV BET"", ""period"": ""FullTime""}]"
2025-08-22 18:48:52 UTC,2020-11-01 20:00:00 UTC,Sporting CP,Tondela,Primeira Liga 2020/2021,4,0,"1:0, 3:0",Estádio José Alvalade,Lisbon,Portugal,"[{""odds_over"": ""2.18"", ""odds_under"": ""1.65"", ""bookmaker_name"": ""LV BET"", ""period"": ""FullTime""}]"
2025-08-22 18:49:09 UTC,2020-12-21 20:15:00 UTC,Santa Clara,Vitoria Guimaraes,Primeira Liga 2020/2021,0,4,"0:3, 0:1",Estádio de São Miguel,Ponta Delgada,Portugal,"[{""odds_over"": ""3.9"", ""odds_under"": ""1.23"", ""bookmaker_name"": ""LV BET"", ""period"": ""FullTime""}]"
2025-08-22 18:49:13 UTC,2020-12-27 15:00:00 UTC,Nacional,Tondela,Primeira Liga 2020/2021,2,0,"1:0, 1:0",Estádio da Madeira,Funchal,Portugal,"[{""odds_over"": ""3.15"", ""odds_under"": ""1.33"", ""bookmaker_name"": ""LV BET"", ""period"": ""FullTime""}]"
2025-08-22 18:49:30 UTC,2020-10-19 19:15:00 UTC,Boavista,Vitoria Guimaraes,Primeira Liga 2020/2021,0,1,"0:1, 0:0",Estádio do Bessa Século XXI,Porto,Portugal,"[{""odds_over"": ""3.4"", ""odds_under"": ""1.29"", ""bookmaker_name"": ""LV BET"", ""period"": ""FullTime""}]"
2025-08-22 18:49:36 UTC,2021-05-05 18:00:00 UTC,Maritimo,Gil Vicente,Primeira Liga 2020/2021,0,1,"0:1, 0:0",Estádio do Marítimo,Funchal,Portugal,"[{""odds_over"": ""4.25"", ""odds_under"": ""1.2"", ""bookmaker_name"": ""LV BET"", ""period"": ""FullTime""}]"
2025-08-22 18:49:51 UTC,2021-04-17 17:00:00 UTC,BSAD,Maritimo,Primeira Liga 2020/2021,2,0,"1:0, 1:0",Estádio Nacional do Jamor,Lisbon - Oeiras,Portugal,"[{""odds_over"": ""4.3"", ""odds_under"": ""1.2"", ""bookmaker_name"": ""LV BET"", ""period"": ""FullTime""}]"
2025-08-22 18:49:58 UTC,2021-01-15 18:30:00 UTC,Sporting CP,Rio Ave,Primeira Liga 2020/2021,1,1,"1:0, 0:1",Estádio José Alvalade,Lisbon,Portugal,"[{""odds_over"": ""2.65"", ""odds_under"": ""1.45"", ""bookmaker_name"": ""LV BET"", ""period"": ""FullTime""}]"
2025-08-22 18:50:12 UTC,2020-12-19 15:00:00 UTC,Maritimo,BSAD,Primeira Liga 2020/2021,1,0,"0:0, 1:0",Estádio do Marítimo,Funchal,Portugal,"[{""odds_over"": ""4.55"", ""odds_under"": ""1.18"", ""bookmaker_name"": ""LV BET"", ""period"": ""FullTime""}]"
2025-08-22 18:50:21 UTC,2020-09-18 20:15:00 UTC,Vitoria Guimaraes,BSAD,Primeira Liga 2020/2021,0,1,"0:0, 0:1",Estádio D. Afonso Henriques,Guimarães,Portugal,"[{""odds_over"": ""2.5"", ""odds_under"": ""1.49"", ""bookmaker_name"": ""LV BET"", ""period"": ""FullTime""}]"
2025-08-22 18:50:33 UTC,2021-05-19 19:00:00 UTC,Santa Clara,SC Farense,Primeira Liga 2020/2021,4,0,"2:0, 2:0",Estádio de São Miguel,Ponta Delgada,Portugal,"[{""odds_over"": ""2.5"", ""odds_under"": ""1.5"", ""bookmaker_name"": ""LV BET"", ""period"": ""FullTime""}]"
2025-08-22 18:50:42 UTC,2021-01-08 21:00:00 UTC,Famalicao,FC Porto,Primeira Liga 2020/2021,1,4,"1:2, 0:2",Estadio Municipal de Famalicao,Vila Nova de Famalicao,Portugal,"[{""odds_over"": ""2.3"", ""odds_under"": ""1.58"", ""bookmaker_name"": ""LV BET"", ""period"": ""FullTime""}]"
2025-08-22 18:50:55 UTC,2021-05-01 19:30:00 UTC,Sporting CP,Nacional,Primeira Liga 2020/2021,2,0,"0:0, 2:0",Estádio José Alvalade,Lisbon,Portugal,"[{""odds_over"": ""2.18"", ""odds_under"": ""1.65"", ""bookmaker_name"": ""LV BET"", ""period"": ""FullTime""}]"
2025-08-22 18:51:05 UTC,2020-11-02 18:45:00 UTC,Braga,Famalicao,Primeira Liga 2020/2021,1,0,"0:0, 1:0",Estádio Municipal de Braga,Braga,Portugal,"[{""odds_over"": ""1.85"", ""odds_under"": ""1.91"", ""bookmaker_name"": ""LV BET"", ""period"": ""FullTime""}]"
