scraped_date,match_date,home_team,away_team,league_name,home_score,away_score,partial_results,venue,venue_town,venue_country,over_under_2_5_market
2025-08-22 21:14:53 UTC,2023-03-12 13:00:00 UTC,Viborg,Nordsjaelland,Superliga 2022/2023,1,1,"0:1, 1:0",Energi Viborg Arena,Viborg,Denmark,"[{""odds_over"": ""1.81"", ""odds_under"": ""1.86"", ""bookmaker_name"": ""Betclic.pl"", ""period"": ""FullTime""}, {""odds_over"": ""1.8"", ""odds_under"": ""1.94"", ""bookmaker_name"": ""BETFAN"", ""period"": ""FullTime""}, {""odds_over"": ""1.86"", ""odds_under"": ""1.91"", ""bookmaker_name"": ""eFortuna.pl"", ""period"": ""FullTime""}, {""odds_over"": ""1.95"", ""odds_under"": ""1.85"", ""bookmaker_name"": ""LV BET"", ""period"": ""FullTime""}, {""odds_over"": ""1.85"", ""odds_under"": ""1.89"", ""bookmaker_name"": ""STS.pl"", ""period"": ""FullTime""}, {""odds_over"": ""1.9"", ""odds_under"": ""1.9"", ""bookmaker_name"": ""Superbet.pl"", ""period"": ""FullTime""}]"
2025-08-22 21:15:17 UTC,2022-08-22 17:00:00 UTC,Odense,Horsens,Superliga 2022/2023,1,0,"0:0, 1:0",Nature Energy Park,Odense,Denmark,"[{""odds_over"": ""1.8"", ""odds_under"": ""1.88"", ""bookmaker_name"": ""Betclic.pl"", ""period"": ""FullTime""}, {""odds_over"": ""1.78"", ""odds_under"": ""1.96"", ""bookmaker_name"": ""BETFAN"", ""period"": ""FullTime""}, {""odds_over"": ""1.85"", ""odds_under"": ""1.93"", ""bookmaker_name"": ""eFortuna.pl"", ""period"": ""FullTime""}, {""odds_over"": ""1.88"", ""odds_under"": ""1.88"", ""bookmaker_name"": ""LV BET"", ""period"": ""FullTime""}, {""odds_over"": ""1.83"", ""odds_under"": ""1.91"", ""bookmaker_name"": ""STS.pl"", ""period"": ""FullTime""}, {""odds_over"": ""1.9"", ""odds_under"": ""1.9"", ""bookmaker_name"": ""Superbet.pl"", ""period"": ""FullTime""}]"
2025-08-22 21:15:22 UTC,2022-07-31 14:00:00 UTC,Viborg,FC Copenhagen,Superliga 2022/2023,4,2,"2:1, 2:1",Energi Viborg Arena,Viborg,Denmark,"[{""odds_over"": ""1.8"", ""odds_under"": ""1.87"", ""bookmaker_name"": ""Betclic.pl"", ""period"": ""FullTime""}, {""odds_over"": ""1.78"", ""odds_under"": ""1.96"", ""bookmaker_name"": ""BETFAN"", ""period"": ""FullTime""}, {""odds_over"": ""1.85"", ""odds_under"": ""1.93"", ""bookmaker_name"": ""eFortuna.pl"", ""period"": ""FullTime""}, {""odds_over"": ""1.86"", ""odds_under"": ""1.9"", ""bookmaker_name"": ""LV BET"", ""period"": ""FullTime""}, {""odds_over"": ""1.83"", ""odds_under"": ""1.91"", ""bookmaker_name"": ""STS.pl"", ""period"": ""FullTime""}, {""odds_over"": ""1.9"", ""odds_under"": ""1.9"", ""bookmaker_name"": ""Superbet.pl"", ""period"": ""FullTime""}]"
2025-08-22 21:15:44 UTC,2023-03-03 18:00:00 UTC,Aarhus,Horsens,Superliga 2022/2023,2,0,"1:0, 1:0",Ceres Park,Aarhus,Denmark,"[{""odds_over"": ""2.07"", ""odds_under"": ""1.71"", ""bookmaker_name"": ""Betclic.pl"", ""period"": ""FullTime""}, {""odds_over"": ""2.01"", ""odds_under"": ""1.75"", ""bookmaker_name"": ""BETFAN"", ""period"": ""FullTime""}, {""odds_over"": ""2.1"", ""odds_under"": ""1.72"", ""bookmaker_name"": ""eFortuna.pl"", ""period"": ""FullTime""}, {""odds_over"": ""2.12"", ""odds_under"": ""1.72"", ""bookmaker_name"": ""LV BET"", ""period"": ""FullTime""}, {""odds_over"": ""2.12"", ""odds_under"": ""1.67"", ""bookmaker_name"": ""STS.pl"", ""period"": ""FullTime""}, {""odds_over"": ""2.1"", ""odds_under"": ""1.75"", ""bookmaker_name"": ""Superbet.pl"", ""period"": ""FullTime""}]"
2025-08-22 21:15:49 UTC,2023-04-03 17:00:00 UTC,Aarhus,Randers FC,Superliga 2022/2023,1,1,"1:1, 0:0",Ceres Park,Aarhus,Denmark,"[{""odds_over"": ""2.08"", ""odds_under"": ""1.64"", ""bookmaker_name"": ""Betclic.pl"", ""period"": ""FullTime""}, {""odds_over"": ""2.07"", ""odds_under"": ""1.71"", ""bookmaker_name"": ""BETFAN"", ""period"": ""FullTime""}, {""odds_over"": ""2.15"", ""odds_under"": ""1.68"", ""bookmaker_name"": ""eFortuna.pl"", ""period"": ""FullTime""}, {""odds_over"": ""2.12"", ""odds_under"": ""1.72"", ""bookmaker_name"": ""LV BET"", ""period"": ""FullTime""}, {""odds_over"": ""2.13"", ""odds_under"": ""1.67"", ""bookmaker_name"": ""STS.pl"", ""period"": ""FullTime""}, {""odds_over"": ""2.15"", ""odds_under"": ""1.7"", ""bookmaker_name"": ""Superbet.pl"", ""period"": ""FullTime""}]"
2025-08-22 21:16:10 UTC,2022-08-12 19:00:00 UTC,FC Copenhagen,Randers FC,Superliga 2022/2023,1,3,"0:0, 1:3",Parken Stadium,Copenhagen,Denmark,"[{""odds_over"": ""1.46"", ""odds_under"": ""2.48"", ""bookmaker_name"": ""Betclic.pl"", ""period"": ""FullTime""}, {""odds_over"": ""1.45"", ""odds_under"": ""2.64"", ""bookmaker_name"": ""BETFAN"", ""period"": ""FullTime""}, {""odds_over"": ""1.47"", ""odds_under"": ""2.65"", ""bookmaker_name"": ""eFortuna.pl"", ""period"": ""FullTime""}, {""odds_over"": ""1.5"", ""odds_under"": ""2.5"", ""bookmaker_name"": ""LV BET"", ""period"": ""FullTime""}, {""odds_over"": ""1.48"", ""odds_under"": ""2.5"", ""bookmaker_name"": ""STS.pl"", ""period"": ""FullTime""}, {""odds_over"": ""1.5"", ""odds_under"": ""2.6"", ""bookmaker_name"": ""Superbet.pl"", ""period"": ""FullTime""}]"
2025-08-22 21:16:17 UTC,2023-03-12 13:00:00 UTC,Midtjylland,Lyngby,Superliga 2022/2023,1,3,"0:1, 1:2",MCH Arena,Herning,Denmark,"[{""odds_over"": ""1.77"", ""odds_under"": ""1.91"", ""bookmaker_name"": ""Betclic.pl"", ""period"": ""FullTime""}, {""odds_over"": ""1.75"", ""odds_under"": ""2.0"", ""bookmaker_name"": ""BETFAN"", ""period"": ""FullTime""}, {""odds_over"": ""1.82"", ""odds_under"": ""1.96"", ""bookmaker_name"": ""eFortuna.pl"", ""period"": ""FullTime""}, {""odds_over"": ""1.75"", ""odds_under"": ""2.05"", ""bookmaker_name"": ""LV BET"", ""period"": ""FullTime""}, {""odds_over"": ""1.8"", ""odds_under"": ""1.94"", ""bookmaker_name"": ""STS.pl"", ""period"": ""FullTime""}, {""odds_over"": ""1.85"", ""odds_under"": ""1.95"", ""bookmaker_name"": ""Superbet.pl"", ""period"": ""FullTime""}]"
2025-08-22 21:16:37 UTC,2023-03-12 17:00:00 UTC,Brondby,Silkeborg,Superliga 2022/2023,2,1,"1:0, 1:1",Brøndby Stadion,Brondby,Denmark,"[{""odds_over"": ""1.67"", ""odds_under"": ""2.03"", ""bookmaker_name"": ""Betclic.pl"", ""period"": ""FullTime""}, {""odds_over"": ""1.66"", ""odds_under"": ""2.14"", ""bookmaker_name"": ""BETFAN"", ""period"": ""FullTime""}, {""odds_over"": ""1.71"", ""odds_under"": ""2.1"", ""bookmaker_name"": ""eFortuna.pl"", ""period"": ""FullTime""}, {""odds_over"": ""1.72"", ""odds_under"": ""2.12"", ""bookmaker_name"": ""LV BET"", ""period"": ""FullTime""}, {""odds_over"": ""1.7"", ""odds_under"": ""2.07"", ""bookmaker_name"": ""STS.pl"", ""period"": ""FullTime""}, {""odds_over"": ""1.75"", ""odds_under"": ""2.1"", ""bookmaker_name"": ""Superbet.pl"", ""period"": ""FullTime""}]"
2025-08-22 21:16:45 UTC,2023-02-26 15:00:00 UTC,FC Copenhagen,Aalborg,Superliga 2022/2023,1,0,"0:0, 1:0",Parken Stadium,Copenhagen,Denmark,"[{""odds_over"": ""1.83"", ""odds_under"": ""1.84"", ""bookmaker_name"": ""Betclic.pl"", ""period"": ""FullTime""}, {""odds_over"": ""1.81"", ""odds_under"": ""1.93"", ""bookmaker_name"": ""BETFAN"", ""period"": ""FullTime""}, {""odds_over"": ""1.88"", ""odds_under"": ""1.9"", ""bookmaker_name"": ""eFortuna.pl"", ""period"": ""FullTime""}, {""odds_over"": ""1.77"", ""odds_under"": ""2.05"", ""bookmaker_name"": ""LV BET"", ""period"": ""FullTime""}, {""odds_over"": ""1.86"", ""odds_under"": ""1.88"", ""bookmaker_name"": ""STS.pl"", ""period"": ""FullTime""}, {""odds_over"": ""1.9"", ""odds_under"": ""1.9"", ""bookmaker_name"": ""Superbet.pl"", ""period"": ""FullTime""}]"
2025-08-22 21:17:23 UTC,2023-02-19 13:00:00 UTC,Lyngby,Nordsjaelland,Superliga 2022/2023,1,1,"0:0, 1:1",Lyngby Stadion,Kongens Lyngby,Denmark,"[{""odds_over"": ""1.86"", ""odds_under"": ""1.81"", ""bookmaker_name"": ""Betclic.pl"", ""period"": ""FullTime""}, {""odds_over"": ""1.85"", ""odds_under"": ""1.89"", ""bookmaker_name"": ""BETFAN"", ""period"": ""FullTime""}, {""odds_over"": ""1.91"", ""odds_under"": ""1.86"", ""bookmaker_name"": ""eFortuna.pl"", ""period"": ""FullTime""}, {""odds_over"": ""1.85"", ""odds_under"": ""1.95"", ""bookmaker_name"": ""LV BET"", ""period"": ""FullTime""}, {""odds_over"": ""1.9"", ""odds_under"": ""1.84"", ""bookmaker_name"": ""STS.pl"", ""period"": ""FullTime""}, {""odds_over"": ""1.9"", ""odds_under"": ""1.9"", ""bookmaker_name"": ""Superbet.pl"", ""period"": ""FullTime""}]"
2025-08-22 21:17:52 UTC,2023-04-10 14:00:00 UTC,Randers FC,FC Copenhagen,Superliga 2022/2023,1,0,"0:0, 1:0",Cepheus Park,Randers,Denmark,"[{""odds_over"": ""1.73"", ""odds_under"": ""1.96"", ""bookmaker_name"": ""Betclic.pl"", ""period"": ""FullTime""}, {""odds_over"": ""1.71"", ""odds_under"": ""2.06"", ""bookmaker_name"": ""BETFAN"", ""period"": ""FullTime""}, {""odds_over"": ""1.77"", ""odds_under"": ""2.02"", ""bookmaker_name"": ""eFortuna.pl"", ""period"": ""FullTime""}, {""odds_over"": ""1.75"", ""odds_under"": ""2.05"", ""bookmaker_name"": ""LV BET"", ""period"": ""FullTime""}, {""odds_over"": ""1.76"", ""odds_under"": ""2.0"", ""bookmaker_name"": ""STS.pl"", ""period"": ""FullTime""}, {""odds_over"": ""1.75"", ""odds_under"": ""2.1"", ""bookmaker_name"": ""Superbet.pl"", ""period"": ""FullTime""}]"
2025-08-22 21:17:53 UTC,2023-03-10 18:00:00 UTC,Odense,Aalborg,Superliga 2022/2023,2,1,"1:0, 1:1",Nature Energy Park,Odense,Denmark,"[{""odds_over"": ""1.8"", ""odds_under"": ""1.87"", ""bookmaker_name"": ""Betclic.pl"", ""period"": ""FullTime""}, {""odds_over"": ""1.79"", ""odds_under"": ""1.96"", ""bookmaker_name"": ""BETFAN"", ""period"": ""FullTime""}, {""odds_over"": ""1.85"", ""odds_under"": ""1.92"", ""bookmaker_name"": ""eFortuna.pl"", ""period"": ""FullTime""}, {""odds_over"": ""1.88"", ""odds_under"": ""1.92"", ""bookmaker_name"": ""LV BET"", ""period"": ""FullTime""}, {""odds_over"": ""1.83"", ""odds_under"": ""1.91"", ""bookmaker_name"": ""STS.pl"", ""period"": ""FullTime""}, {""odds_over"": ""1.9"", ""odds_under"": ""1.9"", ""bookmaker_name"": ""Superbet.pl"", ""period"": ""FullTime""}]"
2025-08-22 21:18:20 UTC,2022-07-31 12:00:00 UTC,Aarhus,Randers FC,Superliga 2022/2023,0,0,"0:0, 0:0",Ceres Park,Aarhus,Denmark,"[{""odds_over"": ""1.67"", ""odds_under"": ""2.03"", ""bookmaker_name"": ""Betclic.pl"", ""period"": ""FullTime""}, {""odds_over"": ""1.66"", ""odds_under"": ""2.14"", ""bookmaker_name"": ""BETFAN"", ""period"": ""FullTime""}, {""odds_over"": ""1.76"", ""odds_under"": ""2.03"", ""bookmaker_name"": ""eFortuna.pl"", ""period"": ""FullTime""}, {""odds_over"": ""1.74"", ""odds_under"": ""2.03"", ""bookmaker_name"": ""LV BET"", ""period"": ""FullTime""}, {""odds_over"": ""1.7"", ""odds_under"": ""2.08"", ""bookmaker_name"": ""STS.pl"", ""period"": ""FullTime""}, {""odds_over"": ""1.75"", ""odds_under"": ""2.1"", ""bookmaker_name"": ""Superbet.pl"", ""period"": ""FullTime""}]"
2025-08-22 21:18:20 UTC,2023-04-02 12:00:00 UTC,Horsens,Aalborg,Superliga 2022/2023,0,4,"0:2, 0:2",Nordstern Arena Horsens,Horsens,Denmark,"[{""odds_over"": ""2.09"", ""odds_under"": ""1.64"", ""bookmaker_name"": ""Betclic.pl"", ""period"": ""FullTime""}, {""odds_over"": ""2.07"", ""odds_under"": ""1.7"", ""bookmaker_name"": ""BETFAN"", ""period"": ""FullTime""}, {""odds_over"": ""2.15"", ""odds_under"": ""1.68"", ""bookmaker_name"": ""eFortuna.pl"", ""period"": ""FullTime""}, {""odds_over"": ""2.07"", ""odds_under"": ""1.75"", ""bookmaker_name"": ""LV BET"", ""period"": ""FullTime""}, {""odds_over"": ""2.07"", ""odds_under"": ""1.7"", ""bookmaker_name"": ""STS.pl"", ""period"": ""FullTime""}, {""odds_over"": ""2.1"", ""odds_under"": ""1.75"", ""bookmaker_name"": ""Superbet.pl"", ""period"": ""FullTime""}]"
2025-08-22 21:18:47 UTC,2022-07-17 14:00:00 UTC,FC Copenhagen,Horsens,Superliga 2022/2023,0,1,"0:0, 0:1",Parken Stadium,Copenhagen,Denmark,"[{""odds_over"": ""1.66"", ""odds_under"": ""2.15"", ""bookmaker_name"": ""Betclic.pl"", ""period"": ""FullTime""}, {""odds_over"": ""1.63"", ""odds_under"": ""2.19"", ""bookmaker_name"": ""BETFAN"", ""period"": ""FullTime""}, {""odds_over"": ""1.68"", ""odds_under"": ""2.14"", ""bookmaker_name"": ""eFortuna.pl"", ""period"": ""FullTime""}, {""odds_over"": ""1.66"", ""odds_under"": ""2.16"", ""bookmaker_name"": ""LV BET"", ""period"": ""FullTime""}, {""odds_over"": ""1.67"", ""odds_under"": ""2.12"", ""bookmaker_name"": ""STS.pl"", ""period"": ""FullTime""}, {""odds_over"": ""1.67"", ""odds_under"": ""2.2"", ""bookmaker_name"": ""Superbet.pl"", ""period"": ""FullTime""}]"
2025-08-22 21:18:47 UTC,2022-11-13 17:00:00 UTC,Nordsjaelland,Aalborg,Superliga 2022/2023,5,1,"1:0, 4:1",Right to Dream Park,Farum,Denmark,"[{""odds_over"": ""1.79"", ""odds_under"": ""1.89"", ""bookmaker_name"": ""Betclic.pl"", ""period"": ""FullTime""}, {""odds_over"": ""1.77"", ""odds_under"": ""1.98"", ""bookmaker_name"": ""BETFAN"", ""period"": ""FullTime""}, {""odds_over"": ""1.84"", ""odds_under"": ""1.94"", ""bookmaker_name"": ""eFortuna.pl"", ""period"": ""FullTime""}, {""odds_over"": ""1.84"", ""odds_under"": ""1.92"", ""bookmaker_name"": ""LV BET"", ""period"": ""FullTime""}, {""odds_over"": ""1.76"", ""odds_under"": ""1.99"", ""bookmaker_name"": ""STS.pl"", ""period"": ""FullTime""}, {""odds_over"": ""1.85"", ""odds_under"": ""1.95"", ""bookmaker_name"": ""Superbet.pl"", ""period"": ""FullTime""}]"
2025-08-22 21:19:12 UTC,2022-07-24 12:00:00 UTC,Aarhus,Viborg,Superliga 2022/2023,3,1,"1:0, 2:1",Ceres Park,Aarhus,Denmark,"[{""odds_over"": ""1.95"", ""odds_under"": ""1.8"", ""bookmaker_name"": ""Betclic.pl"", ""period"": ""FullTime""}, {""odds_over"": ""1.87"", ""odds_under"": ""1.87"", ""bookmaker_name"": ""BETFAN"", ""period"": ""FullTime""}, {""odds_over"": ""2.0"", ""odds_under"": ""1.8"", ""bookmaker_name"": ""eFortuna.pl"", ""period"": ""FullTime""}, {""odds_over"": ""1.97"", ""odds_under"": ""1.79"", ""bookmaker_name"": ""LV BET"", ""period"": ""FullTime""}, {""odds_over"": ""1.97"", ""odds_under"": ""1.78"", ""bookmaker_name"": ""STS.pl"", ""period"": ""FullTime""}, {""odds_over"": ""2.0"", ""odds_under"": ""1.8"", ""bookmaker_name"": ""Superbet.pl"", ""period"": ""FullTime""}]"
2025-08-22 21:19:14 UTC,2022-07-17 12:00:00 UTC,Viborg,Aalborg,Superliga 2022/2023,2,1,"1:0, 1:1",Energi Viborg Arena,Viborg,Denmark,"[{""odds_over"": ""1.79"", ""odds_under"": ""1.95"", ""bookmaker_name"": ""Betclic.pl"", ""period"": ""FullTime""}, {""odds_over"": ""1.76"", ""odds_under"": ""1.99"", ""bookmaker_name"": ""BETFAN"", ""period"": ""FullTime""}, {""odds_over"": ""1.83"", ""odds_under"": ""1.95"", ""bookmaker_name"": ""eFortuna.pl"", ""period"": ""FullTime""}, {""odds_over"": ""1.81"", ""odds_under"": ""1.95"", ""bookmaker_name"": ""LV BET"", ""period"": ""FullTime""}, {""odds_over"": ""1.81"", ""odds_under"": ""1.93"", ""bookmaker_name"": ""STS.pl"", ""period"": ""FullTime""}, {""odds_over"": ""1.85"", ""odds_under"": ""1.95"", ""bookmaker_name"": ""Superbet.pl"", ""period"": ""FullTime""}]"
2025-08-22 21:19:38 UTC,2023-02-19 15:00:00 UTC,Silkeborg,FC Copenhagen,Superliga 2022/2023,0,3,"0:1, 0:2",Jysk Park,Silkeborg,Denmark,"[{""odds_over"": ""1.92"", ""odds_under"": ""1.76"", ""bookmaker_name"": ""Betclic.pl"", ""period"": ""FullTime""}, {""odds_over"": ""1.9"", ""odds_under"": ""1.84"", ""bookmaker_name"": ""BETFAN"", ""period"": ""FullTime""}, {""odds_over"": ""1.97"", ""odds_under"": ""1.81"", ""bookmaker_name"": ""eFortuna.pl"", ""period"": ""FullTime""}, {""odds_over"": ""1.98"", ""odds_under"": ""1.82"", ""bookmaker_name"": ""LV BET"", ""period"": ""FullTime""}, {""odds_over"": ""1.96"", ""odds_under"": ""1.79"", ""bookmaker_name"": ""STS.pl"", ""period"": ""FullTime""}, {""odds_over"": ""1.95"", ""odds_under"": ""1.85"", ""bookmaker_name"": ""Superbet.pl"", ""period"": ""FullTime""}]"
2025-08-22 21:19:39 UTC,2022-07-17 16:00:00 UTC,Brondby,Aarhus,Superliga 2022/2023,1,0,"0:0, 1:0",Brøndby Stadion,Brondby,Denmark,"[{""odds_over"": ""2.19"", ""odds_under"": ""1.63"", ""bookmaker_name"": ""Betclic.pl"", ""period"": ""FullTime""}, {""odds_over"": ""2.15"", ""odds_under"": ""1.66"", ""bookmaker_name"": ""BETFAN"", ""period"": ""FullTime""}, {""odds_over"": ""2.24"", ""odds_under"": ""1.63"", ""bookmaker_name"": ""eFortuna.pl"", ""period"": ""FullTime""}, {""odds_over"": ""2.2"", ""odds_under"": ""1.63"", ""bookmaker_name"": ""LV BET"", ""period"": ""FullTime""}, {""odds_over"": ""2.21"", ""odds_under"": ""1.62"", ""bookmaker_name"": ""STS.pl"", ""period"": ""FullTime""}, {""odds_over"": ""2.25"", ""odds_under"": ""1.65"", ""bookmaker_name"": ""Superbet.pl"", ""period"": ""FullTime""}]"
2025-08-22 21:20:05 UTC,2022-08-21 16:00:00 UTC,Aalborg,Brondby,Superliga 2022/2023,2,1,"1:0, 1:1",Aalborg Portland Park,Aalborg,Denmark,"[{""odds_over"": ""1.79"", ""odds_under"": ""1.88"", ""bookmaker_name"": ""Betclic.pl"", ""period"": ""FullTime""}, {""odds_over"": ""1.78"", ""odds_under"": ""1.97"", ""bookmaker_name"": ""BETFAN"", ""period"": ""FullTime""}, {""odds_over"": ""1.84"", ""odds_under"": ""1.93"", ""bookmaker_name"": ""eFortuna.pl"", ""period"": ""FullTime""}, {""odds_over"": ""1.86"", ""odds_under"": ""1.9"", ""bookmaker_name"": ""LV BET"", ""period"": ""FullTime""}, {""odds_over"": ""1.83"", ""odds_under"": ""1.91"", ""bookmaker_name"": ""STS.pl"", ""period"": ""FullTime""}, {""odds_over"": ""1.9"", ""odds_under"": ""1.9"", ""bookmaker_name"": ""Superbet.pl"", ""period"": ""FullTime""}]"
2025-08-22 21:20:06 UTC,2023-03-05 13:00:00 UTC,Silkeborg,Nordsjaelland,Superliga 2022/2023,2,1,"0:1, 2:0",Jysk Park,Silkeborg,Denmark,"[{""odds_over"": ""1.76"", ""odds_under"": ""1.92"", ""bookmaker_name"": ""Betclic.pl"", ""period"": ""FullTime""}, {""odds_over"": ""1.74"", ""odds_under"": ""2.02"", ""bookmaker_name"": ""BETFAN"", ""period"": ""FullTime""}, {""odds_over"": ""1.8"", ""odds_under"": ""1.98"", ""bookmaker_name"": ""eFortuna.pl"", ""period"": ""FullTime""}, {""odds_over"": ""1.77"", ""odds_under"": ""2.05"", ""bookmaker_name"": ""LV BET"", ""period"": ""FullTime""}, {""odds_over"": ""1.79"", ""odds_under"": ""1.96"", ""bookmaker_name"": ""STS.pl"", ""period"": ""FullTime""}, {""odds_over"": ""1.9"", ""odds_under"": ""1.9"", ""bookmaker_name"": ""Superbet.pl"", ""period"": ""FullTime""}]"
2025-08-22 21:20:38 UTC,2022-10-31 18:00:00 UTC,Midtjylland,Odense,Superliga 2022/2023,1,2,"0:1, 1:1",MCH Arena,Herning,Denmark,"[{""odds_over"": ""1.65"", ""odds_under"": ""2.06"", ""bookmaker_name"": ""Betclic.pl"", ""period"": ""FullTime""}, {""odds_over"": ""1.64"", ""odds_under"": ""2.17"", ""bookmaker_name"": ""BETFAN"", ""period"": ""FullTime""}, {""odds_over"": ""1.66"", ""odds_under"": ""2.18"", ""bookmaker_name"": ""eFortuna.pl"", ""period"": ""FullTime""}, {""odds_over"": ""1.66"", ""odds_under"": ""2.15"", ""bookmaker_name"": ""LV BET"", ""period"": ""FullTime""}, {""odds_over"": ""1.68"", ""odds_under"": ""2.11"", ""bookmaker_name"": ""STS.pl"", ""period"": ""FullTime""}, {""odds_over"": ""1.67"", ""odds_under"": ""2.2"", ""bookmaker_name"": ""Superbet.pl"", ""period"": ""FullTime""}]"
2025-08-22 21:20:45 UTC,2022-07-17 12:00:00 UTC,Lyngby,Silkeborg,Superliga 2022/2023,2,2,"1:0, 1:2",Lyngby Stadion,Kongens Lyngby,Denmark,"[{""odds_over"": ""1.85"", ""odds_under"": ""1.89"", ""bookmaker_name"": ""Betclic.pl"", ""period"": ""FullTime""}, {""odds_over"": ""1.82"", ""odds_under"": ""1.92"", ""bookmaker_name"": ""BETFAN"", ""period"": ""FullTime""}, {""odds_over"": ""1.88"", ""odds_under"": ""1.9"", ""bookmaker_name"": ""eFortuna.pl"", ""period"": ""FullTime""}, {""odds_over"": ""1.88"", ""odds_under"": ""1.88"", ""bookmaker_name"": ""LV BET"", ""period"": ""FullTime""}, {""odds_over"": ""1.87"", ""odds_under"": ""1.87"", ""bookmaker_name"": ""STS.pl"", ""period"": ""FullTime""}, {""odds_over"": ""1.9"", ""odds_under"": ""1.9"", ""bookmaker_name"": ""Superbet.pl"", ""period"": ""FullTime""}]"
2025-08-22 21:21:05 UTC,2023-03-06 18:00:00 UTC,Aalborg,Midtjylland,Superliga 2022/2023,0,0,"0:0, 0:0",Aalborg Portland Park,Aalborg,Denmark,"[{""odds_over"": ""2.12"", ""odds_under"": ""1.62"", ""bookmaker_name"": ""Betclic.pl"", ""period"": ""FullTime""}, {""odds_over"": ""2.1"", ""odds_under"": ""1.68"", ""bookmaker_name"": ""BETFAN"", ""period"": ""FullTime""}, {""odds_over"": ""2.2"", ""odds_under"": ""1.66"", ""bookmaker_name"": ""eFortuna.pl"", ""period"": ""FullTime""}, {""odds_over"": ""2.07"", ""odds_under"": ""1.75"", ""bookmaker_name"": ""LV BET"", ""period"": ""FullTime""}, {""odds_over"": ""2.16"", ""odds_under"": ""1.65"", ""bookmaker_name"": ""STS.pl"", ""period"": ""FullTime""}, {""odds_over"": ""2.2"", ""odds_under"": ""1.67"", ""bookmaker_name"": ""Superbet.pl"", ""period"": ""FullTime""}]"
2025-08-22 21:21:32 UTC,2022-11-13 19:00:00 UTC,Randers FC,Midtjylland,Superliga 2022/2023,0,0,"0:0, 0:0",Cepheus Park,Randers,Denmark,"[{""odds_over"": ""1.68"", ""odds_under"": ""2.03"", ""bookmaker_name"": ""Betclic.pl"", ""period"": ""FullTime""}, {""odds_over"": ""1.66"", ""odds_under"": ""2.13"", ""bookmaker_name"": ""BETFAN"", ""period"": ""FullTime""}, {""odds_over"": ""1.72"", ""odds_under"": ""2.1"", ""bookmaker_name"": ""eFortuna.pl"", ""period"": ""FullTime""}, {""odds_over"": ""1.72"", ""odds_under"": ""2.07"", ""bookmaker_name"": ""LV BET"", ""period"": ""FullTime""}, {""odds_over"": ""1.65"", ""odds_under"": ""2.16"", ""bookmaker_name"": ""STS.pl"", ""period"": ""FullTime""}, {""odds_over"": ""1.75"", ""odds_under"": ""2.1"", ""bookmaker_name"": ""Superbet.pl"", ""period"": ""FullTime""}]"
2025-08-22 21:21:33 UTC,2022-08-20 14:00:00 UTC,Midtjylland,Aarhus,Superliga 2022/2023,0,2,"0:0, 0:2",MCH Arena,Herning,Denmark,"[{""odds_over"": ""1.71"", ""odds_under"": ""1.98"", ""bookmaker_name"": ""Betclic.pl"", ""period"": ""FullTime""}, {""odds_over"": ""1.7"", ""odds_under"": ""2.08"", ""bookmaker_name"": ""BETFAN"", ""period"": ""FullTime""}, {""odds_over"": ""1.76"", ""odds_under"": ""2.04"", ""bookmaker_name"": ""eFortuna.pl"", ""period"": ""FullTime""}, {""odds_over"": ""1.76"", ""odds_under"": ""2.01"", ""bookmaker_name"": ""LV BET"", ""period"": ""FullTime""}, {""odds_over"": ""1.74"", ""odds_under"": ""2.02"", ""bookmaker_name"": ""STS.pl"", ""period"": ""FullTime""}, {""odds_over"": ""1.8"", ""odds_under"": ""2.0"", ""bookmaker_name"": ""Superbet.pl"", ""period"": ""FullTime""}]"
2025-08-22 21:22:01 UTC,2022-11-07 18:00:00 UTC,Midtjylland,Nordsjaelland,Superliga 2022/2023,0,0,"0:0, 0:0",MCH Arena,Herning,Denmark,"[{""odds_over"": ""1.8"", ""odds_under"": ""1.87"", ""bookmaker_name"": ""Betclic.pl"", ""period"": ""FullTime""}, {""odds_over"": ""1.79"", ""odds_under"": ""1.96"", ""bookmaker_name"": ""BETFAN"", ""period"": ""FullTime""}, {""odds_over"": ""1.85"", ""odds_under"": ""1.92"", ""bookmaker_name"": ""eFortuna.pl"", ""period"": ""FullTime""}, {""odds_over"": ""1.85"", ""odds_under"": ""1.91"", ""bookmaker_name"": ""LV BET"", ""period"": ""FullTime""}, {""odds_over"": ""1.83"", ""odds_under"": ""1.91"", ""bookmaker_name"": ""STS.pl"", ""period"": ""FullTime""}, {""odds_over"": ""1.9"", ""odds_under"": ""1.9"", ""bookmaker_name"": ""Superbet.pl"", ""period"": ""FullTime""}]"
2025-08-22 21:22:24 UTC,2022-08-14 12:00:00 UTC,Viborg,Silkeborg,Superliga 2022/2023,2,0,"2:0, 0:0",Energi Viborg Arena,Viborg,Denmark,"[{""odds_over"": ""1.59"", ""odds_under"": ""2.17"", ""bookmaker_name"": ""Betclic.pl"", ""period"": ""FullTime""}, {""odds_over"": ""1.58"", ""odds_under"": ""2.29"", ""bookmaker_name"": ""BETFAN"", ""period"": ""FullTime""}, {""odds_over"": ""1.63"", ""odds_under"": ""2.24"", ""bookmaker_name"": ""eFortuna.pl"", ""period"": ""FullTime""}, {""odds_over"": ""1.61"", ""odds_under"": ""2.2"", ""bookmaker_name"": ""LV BET"", ""period"": ""FullTime""}, {""odds_over"": ""1.61"", ""odds_under"": ""2.22"", ""bookmaker_name"": ""STS.pl"", ""period"": ""FullTime""}, {""odds_over"": ""1.65"", ""odds_under"": ""2.25"", ""bookmaker_name"": ""Superbet.pl"", ""period"": ""FullTime""}]"
2025-08-22 21:22:28 UTC,2023-02-26 17:00:00 UTC,Aarhus,Silkeborg,Superliga 2022/2023,1,1,"1:0, 0:1",Ceres Park,Aarhus,Denmark,"[{""odds_over"": ""2.17"", ""odds_under"": ""1.59"", ""bookmaker_name"": ""Betclic.pl"", ""period"": ""FullTime""}, {""odds_over"": ""2.15"", ""odds_under"": ""1.65"", ""bookmaker_name"": ""BETFAN"", ""period"": ""FullTime""}, {""odds_over"": ""2.24"", ""odds_under"": ""1.63"", ""bookmaker_name"": ""eFortuna.pl"", ""period"": ""FullTime""}, {""odds_over"": ""2.0"", ""odds_under"": ""1.8"", ""bookmaker_name"": ""LV BET"", ""period"": ""FullTime""}, {""odds_over"": ""2.17"", ""odds_under"": ""1.64"", ""bookmaker_name"": ""STS.pl"", ""period"": ""FullTime""}, {""odds_over"": ""2.25"", ""odds_under"": ""1.65"", ""bookmaker_name"": ""Superbet.pl"", ""period"": ""FullTime""}]"
2025-08-22 21:22:51 UTC,2022-08-14 14:00:00 UTC,Aalborg,Nordsjaelland,Superliga 2022/2023,0,0,"0:0, 0:0",Aalborg Portland Park,Aalborg,Denmark,"[{""odds_over"": ""1.61"", ""odds_under"": ""2.13"", ""bookmaker_name"": ""Betclic.pl"", ""period"": ""FullTime""}, {""odds_over"": ""1.6"", ""odds_under"": ""2.24"", ""bookmaker_name"": ""BETFAN"", ""period"": ""FullTime""}, {""odds_over"": ""1.65"", ""odds_under"": ""2.2"", ""bookmaker_name"": ""eFortuna.pl"", ""period"": ""FullTime""}, {""odds_over"": ""1.6"", ""odds_under"": ""2.25"", ""bookmaker_name"": ""LV BET"", ""period"": ""FullTime""}, {""odds_over"": ""1.64"", ""odds_under"": ""2.17"", ""bookmaker_name"": ""STS.pl"", ""period"": ""FullTime""}, {""odds_over"": ""1.65"", ""odds_under"": ""2.25"", ""bookmaker_name"": ""Superbet.pl"", ""period"": ""FullTime""}]"
2025-08-22 21:22:55 UTC,2022-07-29 17:00:00 UTC,Odense,Midtjylland,Superliga 2022/2023,1,5,"1:1, 0:4",Nature Energy Park,Odense,Denmark,"[{""odds_over"": ""1.69"", ""odds_under"": ""2.01"", ""bookmaker_name"": ""Betclic.pl"", ""period"": ""FullTime""}, {""odds_over"": ""1.68"", ""odds_under"": ""2.11"", ""bookmaker_name"": ""BETFAN"", ""period"": ""FullTime""}, {""odds_over"": ""1.73"", ""odds_under"": ""2.07"", ""bookmaker_name"": ""eFortuna.pl"", ""period"": ""FullTime""}, {""odds_over"": ""1.72"", ""odds_under"": ""2.07"", ""bookmaker_name"": ""LV BET"", ""period"": ""FullTime""}, {""odds_over"": ""1.72"", ""odds_under"": ""2.05"", ""bookmaker_name"": ""STS.pl"", ""period"": ""FullTime""}, {""odds_over"": ""1.75"", ""odds_under"": ""2.1"", ""bookmaker_name"": ""Superbet.pl"", ""period"": ""FullTime""}]"
2025-08-22 21:23:17 UTC,2023-03-05 17:30:00 UTC,FC Copenhagen,Odense,Superliga 2022/2023,7,0,"2:0, 5:0",Parken Stadium,Copenhagen,Denmark,"[{""odds_over"": ""1.64"", ""odds_under"": ""2.08"", ""bookmaker_name"": ""Betclic.pl"", ""period"": ""FullTime""}, {""odds_over"": ""1.63"", ""odds_under"": ""2.2"", ""bookmaker_name"": ""BETFAN"", ""period"": ""FullTime""}, {""odds_over"": ""1.67"", ""odds_under"": ""2.17"", ""bookmaker_name"": ""eFortuna.pl"", ""period"": ""FullTime""}, {""odds_over"": ""1.67"", ""odds_under"": ""2.2"", ""bookmaker_name"": ""LV BET"", ""period"": ""FullTime""}, {""odds_over"": ""1.67"", ""odds_under"": ""2.13"", ""bookmaker_name"": ""STS.pl"", ""period"": ""FullTime""}, {""odds_over"": ""1.67"", ""odds_under"": ""2.2"", ""bookmaker_name"": ""Superbet.pl"", ""period"": ""FullTime""}]"
2025-08-22 21:23:25 UTC,2023-03-05 15:00:00 UTC,Lyngby,Brondby,Superliga 2022/2023,1,0,"0:0, 1:0",Lyngby Stadion,Kongens Lyngby,Denmark,"[{""odds_over"": ""1.73"", ""odds_under"": ""1.95"", ""bookmaker_name"": ""Betclic.pl"", ""period"": ""FullTime""}, {""odds_over"": ""1.72"", ""odds_under"": ""2.05"", ""bookmaker_name"": ""BETFAN"", ""period"": ""FullTime""}, {""odds_over"": ""1.78"", ""odds_under"": ""2.01"", ""bookmaker_name"": ""eFortuna.pl"", ""period"": ""FullTime""}, {""odds_over"": ""1.75"", ""odds_under"": ""2.07"", ""bookmaker_name"": ""LV BET"", ""period"": ""FullTime""}, {""odds_over"": ""1.7"", ""odds_under"": ""2.08"", ""bookmaker_name"": ""STS.pl"", ""period"": ""FullTime""}, {""odds_over"": ""1.8"", ""odds_under"": ""2.0"", ""bookmaker_name"": ""Superbet.pl"", ""period"": ""FullTime""}]"
2025-08-22 21:23:44 UTC,2022-08-15 17:00:00 UTC,Aarhus,Lyngby,Superliga 2022/2023,1,0,"1:0, 0:0",Ceres Park,Aarhus,Denmark,"[{""odds_over"": ""1.83"", ""odds_under"": ""1.84"", ""bookmaker_name"": ""Betclic.pl"", ""period"": ""FullTime""}, {""odds_over"": ""1.82"", ""odds_under"": ""1.92"", ""bookmaker_name"": ""BETFAN"", ""period"": ""FullTime""}, {""odds_over"": ""1.88"", ""odds_under"": ""1.9"", ""bookmaker_name"": ""eFortuna.pl"", ""period"": ""FullTime""}, {""odds_over"": ""1.87"", ""odds_under"": ""1.89"", ""bookmaker_name"": ""LV BET"", ""period"": ""FullTime""}, {""odds_over"": ""1.87"", ""odds_under"": ""1.87"", ""bookmaker_name"": ""STS.pl"", ""period"": ""FullTime""}, {""odds_over"": ""1.9"", ""odds_under"": ""1.9"", ""bookmaker_name"": ""Superbet.pl"", ""period"": ""FullTime""}]"
2025-08-22 21:23:52 UTC,2022-11-06 15:00:00 UTC,FC Copenhagen,Lyngby,Superliga 2022/2023,3,0,"1:0, 2:0",Parken Stadium,Copenhagen,Denmark,"[{""odds_over"": ""1.59"", ""odds_under"": ""2.17"", ""bookmaker_name"": ""Betclic.pl"", ""period"": ""FullTime""}, {""odds_over"": ""1.61"", ""odds_under"": ""2.22"", ""bookmaker_name"": ""BETFAN"", ""period"": ""FullTime""}, {""odds_over"": ""1.63"", ""odds_under"": ""2.25"", ""bookmaker_name"": ""eFortuna.pl"", ""period"": ""FullTime""}, {""odds_over"": ""1.69"", ""odds_under"": ""2.11"", ""bookmaker_name"": ""LV BET"", ""period"": ""FullTime""}, {""odds_over"": ""1.61"", ""odds_under"": ""2.22"", ""bookmaker_name"": ""STS.pl"", ""period"": ""FullTime""}, {""odds_over"": ""1.67"", ""odds_under"": ""2.2"", ""bookmaker_name"": ""Superbet.pl"", ""period"": ""FullTime""}]"
2025-08-22 21:24:10 UTC,2023-03-19 14:00:00 UTC,Aarhus,Odense,Superliga 2022/2023,1,0,"1:0, 0:0",Ceres Park,Aarhus,Denmark,"[{""odds_over"": ""1.8"", ""odds_under"": ""1.87"", ""bookmaker_name"": ""Betclic.pl"", ""period"": ""FullTime""}, {""odds_over"": ""1.79"", ""odds_under"": ""1.96"", ""bookmaker_name"": ""BETFAN"", ""period"": ""FullTime""}, {""odds_over"": ""1.85"", ""odds_under"": ""1.92"", ""bookmaker_name"": ""eFortuna.pl"", ""period"": ""FullTime""}, {""odds_over"": ""1.92"", ""odds_under"": ""1.88"", ""bookmaker_name"": ""LV BET"", ""period"": ""FullTime""}, {""odds_over"": ""1.84"", ""odds_under"": ""1.9"", ""bookmaker_name"": ""STS.pl"", ""period"": ""FullTime""}, {""odds_over"": ""1.9"", ""odds_under"": ""1.9"", ""bookmaker_name"": ""Superbet.pl"", ""period"": ""FullTime""}]"
2025-08-22 21:24:18 UTC,2023-02-27 18:00:00 UTC,Midtjylland,Brondby,Superliga 2022/2023,0,1,"0:0, 0:1",MCH Arena,Herning,Denmark,"[{""odds_over"": ""1.78"", ""odds_under"": ""1.9"", ""bookmaker_name"": ""Betclic.pl"", ""period"": ""FullTime""}, {""odds_over"": ""1.76"", ""odds_under"": ""1.99"", ""bookmaker_name"": ""BETFAN"", ""period"": ""FullTime""}, {""odds_over"": ""1.83"", ""odds_under"": ""1.95"", ""bookmaker_name"": ""eFortuna.pl"", ""period"": ""FullTime""}, {""odds_over"": ""1.8"", ""odds_under"": ""2.0"", ""bookmaker_name"": ""LV BET"", ""period"": ""FullTime""}, {""odds_over"": ""1.81"", ""odds_under"": ""1.93"", ""bookmaker_name"": ""STS.pl"", ""period"": ""FullTime""}, {""odds_over"": ""1.9"", ""odds_under"": ""1.9"", ""bookmaker_name"": ""Superbet.pl"", ""period"": ""FullTime""}]"
2025-08-22 21:24:37 UTC,2022-11-13 15:00:00 UTC,Brondby,Viborg,Superliga 2022/2023,0,2,"0:1, 0:1",Brøndby Stadion,Brondby,Denmark,"[{""odds_over"": ""1.82"", ""odds_under"": ""1.85"", ""bookmaker_name"": ""Betclic.pl"", ""period"": ""FullTime""}, {""odds_over"": ""1.81"", ""odds_under"": ""1.94"", ""bookmaker_name"": ""BETFAN"", ""period"": ""FullTime""}, {""odds_over"": ""1.87"", ""odds_under"": ""1.9"", ""bookmaker_name"": ""eFortuna.pl"", ""period"": ""FullTime""}, {""odds_over"": ""1.86"", ""odds_under"": ""1.9"", ""bookmaker_name"": ""LV BET"", ""period"": ""FullTime""}, {""odds_over"": ""1.79"", ""odds_under"": ""1.96"", ""bookmaker_name"": ""STS.pl"", ""period"": ""FullTime""}, {""odds_over"": ""1.9"", ""odds_under"": ""1.9"", ""bookmaker_name"": ""Superbet.pl"", ""period"": ""FullTime""}]"
2025-08-22 21:24:46 UTC,2023-03-19 14:00:00 UTC,Nordsjaelland,Brondby,Superliga 2022/2023,2,1,"0:1, 2:0",Right to Dream Park,Farum,Denmark,"[{""odds_over"": ""1.69"", ""odds_under"": ""2.01"", ""bookmaker_name"": ""Betclic.pl"", ""period"": ""FullTime""}, {""odds_over"": ""1.68"", ""odds_under"": ""2.11"", ""bookmaker_name"": ""BETFAN"", ""period"": ""FullTime""}, {""odds_over"": ""1.73"", ""odds_under"": ""2.07"", ""bookmaker_name"": ""eFortuna.pl"", ""period"": ""FullTime""}, {""odds_over"": ""1.75"", ""odds_under"": ""2.07"", ""bookmaker_name"": ""LV BET"", ""period"": ""FullTime""}, {""odds_over"": ""1.72"", ""odds_under"": ""2.05"", ""bookmaker_name"": ""STS.pl"", ""period"": ""FullTime""}, {""odds_over"": ""1.75"", ""odds_under"": ""2.1"", ""bookmaker_name"": ""Superbet.pl"", ""period"": ""FullTime""}]"
2025-08-22 21:25:02 UTC,2023-03-12 15:00:00 UTC,Horsens,FC Copenhagen,Superliga 2022/2023,1,4,"1:0, 0:4",Nordstern Arena Horsens,Horsens,Denmark,"[{""odds_over"": ""1.72"", ""odds_under"": ""1.96"", ""bookmaker_name"": ""Betclic.pl"", ""period"": ""FullTime""}, {""odds_over"": ""1.71"", ""odds_under"": ""2.06"", ""bookmaker_name"": ""BETFAN"", ""period"": ""FullTime""}, {""odds_over"": ""1.82"", ""odds_under"": ""1.96"", ""bookmaker_name"": ""eFortuna.pl"", ""period"": ""FullTime""}, {""odds_over"": ""1.8"", ""odds_under"": ""2.02"", ""bookmaker_name"": ""LV BET"", ""period"": ""FullTime""}, {""odds_over"": ""1.75"", ""odds_under"": ""2.0"", ""bookmaker_name"": ""STS.pl"", ""period"": ""FullTime""}, {""odds_over"": ""1.85"", ""odds_under"": ""1.95"", ""bookmaker_name"": ""Superbet.pl"", ""period"": ""FullTime""}]"
2025-08-22 21:25:13 UTC,2022-11-13 13:00:00 UTC,Aarhus,FC Copenhagen,Superliga 2022/2023,0,2,"0:0, 0:2",Ceres Park,Aarhus,Denmark,"[{""odds_over"": ""2.08"", ""odds_under"": ""1.64"", ""bookmaker_name"": ""Betclic.pl"", ""period"": ""FullTime""}, {""odds_over"": ""2.06"", ""odds_under"": ""1.71"", ""bookmaker_name"": ""BETFAN"", ""period"": ""FullTime""}, {""odds_over"": ""2.15"", ""odds_under"": ""1.68"", ""bookmaker_name"": ""eFortuna.pl"", ""period"": ""FullTime""}, {""odds_over"": ""2.16"", ""odds_under"": ""1.66"", ""bookmaker_name"": ""LV BET"", ""period"": ""FullTime""}, {""odds_over"": ""2.04"", ""odds_under"": ""1.73"", ""bookmaker_name"": ""STS.pl"", ""period"": ""FullTime""}, {""odds_over"": ""2.2"", ""odds_under"": ""1.67"", ""bookmaker_name"": ""Superbet.pl"", ""period"": ""FullTime""}]"
2025-08-22 21:25:32 UTC,2023-02-19 17:00:00 UTC,Brondby,Horsens,Superliga 2022/2023,5,2,"1:2, 4:0",Brøndby Stadion,Brondby,Denmark,"[{""odds_over"": ""1.77"", ""odds_under"": ""1.91"", ""bookmaker_name"": ""Betclic.pl"", ""period"": ""FullTime""}, {""odds_over"": ""1.75"", ""odds_under"": ""2.0"", ""bookmaker_name"": ""BETFAN"", ""period"": ""FullTime""}, {""odds_over"": ""1.82"", ""odds_under"": ""1.96"", ""bookmaker_name"": ""eFortuna.pl"", ""period"": ""FullTime""}, {""odds_over"": ""1.77"", ""odds_under"": ""2.05"", ""bookmaker_name"": ""LV BET"", ""period"": ""FullTime""}, {""odds_over"": ""1.8"", ""odds_under"": ""1.95"", ""bookmaker_name"": ""STS.pl"", ""period"": ""FullTime""}, {""odds_over"": ""1.85"", ""odds_under"": ""1.95"", ""bookmaker_name"": ""Superbet.pl"", ""period"": ""FullTime""}]"
2025-08-22 21:25:39 UTC,2022-07-31 12:00:00 UTC,Aalborg,Horsens,Superliga 2022/2023,0,0,"0:0, 0:0",Aalborg Portland Park,Aalborg,Denmark,"[{""odds_over"": ""1.79"", ""odds_under"": ""1.89"", ""bookmaker_name"": ""Betclic.pl"", ""period"": ""FullTime""}, {""odds_over"": ""1.77"", ""odds_under"": ""1.98"", ""bookmaker_name"": ""BETFAN"", ""period"": ""FullTime""}, {""odds_over"": ""1.83"", ""odds_under"": ""1.94"", ""bookmaker_name"": ""eFortuna.pl"", ""period"": ""FullTime""}, {""odds_over"": ""1.83"", ""odds_under"": ""1.93"", ""bookmaker_name"": ""LV BET"", ""period"": ""FullTime""}, {""odds_over"": ""1.82"", ""odds_under"": ""1.92"", ""bookmaker_name"": ""STS.pl"", ""period"": ""FullTime""}, {""odds_over"": ""1.9"", ""odds_under"": ""1.9"", ""bookmaker_name"": ""Superbet.pl"", ""period"": ""FullTime""}]"
2025-08-22 21:25:57 UTC,2023-04-02 16:00:00 UTC,FC Copenhagen,Nordsjaelland,Superliga 2022/2023,2,1,"0:1, 2:0",Parken Stadium,Copenhagen,Denmark,"[{""odds_over"": ""1.77"", ""odds_under"": ""1.9"", ""bookmaker_name"": ""Betclic.pl"", ""period"": ""FullTime""}, {""odds_over"": ""1.76"", ""odds_under"": ""1.99"", ""bookmaker_name"": ""BETFAN"", ""period"": ""FullTime""}, {""odds_over"": ""1.82"", ""odds_under"": ""1.96"", ""bookmaker_name"": ""eFortuna.pl"", ""period"": ""FullTime""}, {""odds_over"": ""1.77"", ""odds_under"": ""2.05"", ""bookmaker_name"": ""LV BET"", ""period"": ""FullTime""}, {""odds_over"": ""1.8"", ""odds_under"": ""1.94"", ""bookmaker_name"": ""STS.pl"", ""period"": ""FullTime""}, {""odds_over"": ""1.85"", ""odds_under"": ""1.95"", ""bookmaker_name"": ""Superbet.pl"", ""period"": ""FullTime""}]"
2025-08-22 21:26:07 UTC,2023-02-26 13:00:00 UTC,Randers FC,Lyngby,Superliga 2022/2023,1,0,"0:0, 1:0",Cepheus Park,Randers,Denmark,"[{""odds_over"": ""1.77"", ""odds_under"": ""1.9"", ""bookmaker_name"": ""Betclic.pl"", ""period"": ""FullTime""}, {""odds_over"": ""1.76"", ""odds_under"": ""2.0"", ""bookmaker_name"": ""BETFAN"", ""period"": ""FullTime""}, {""odds_over"": ""1.82"", ""odds_under"": ""1.96"", ""bookmaker_name"": ""eFortuna.pl"", ""period"": ""FullTime""}, {""odds_over"": ""1.75"", ""odds_under"": ""2.1"", ""bookmaker_name"": ""LV BET"", ""period"": ""FullTime""}, {""odds_over"": ""1.8"", ""odds_under"": ""1.94"", ""bookmaker_name"": ""STS.pl"", ""period"": ""FullTime""}, {""odds_over"": ""1.9"", ""odds_under"": ""1.9"", ""bookmaker_name"": ""Superbet.pl"", ""period"": ""FullTime""}]"
2025-08-22 21:26:22 UTC,2022-08-05 16:00:00 UTC,Randers FC,Horsens,Superliga 2022/2023,1,0,"1:0, 0:0",Cepheus Park,Randers,Denmark,"[{""odds_over"": ""1.71"", ""odds_under"": ""1.98"", ""bookmaker_name"": ""Betclic.pl"", ""period"": ""FullTime""}, {""odds_over"": ""1.7"", ""odds_under"": ""2.08"", ""bookmaker_name"": ""BETFAN"", ""period"": ""FullTime""}, {""odds_over"": ""1.75"", ""odds_under"": ""2.04"", ""bookmaker_name"": ""eFortuna.pl"", ""period"": ""FullTime""}, {""odds_over"": ""1.74"", ""odds_under"": ""2.03"", ""bookmaker_name"": ""LV BET"", ""period"": ""FullTime""}, {""odds_over"": ""1.74"", ""odds_under"": ""2.02"", ""bookmaker_name"": ""STS.pl"", ""period"": ""FullTime""}, {""odds_over"": ""1.8"", ""odds_under"": ""2.0"", ""bookmaker_name"": ""Superbet.pl"", ""period"": ""FullTime""}]"
2025-08-22 21:26:33 UTC,2023-04-10 12:00:00 UTC,Midtjylland,Lyngby,Superliga 2022/2023,1,0,"0:0, 1:0",MCH Arena,Herning,Denmark,"[{""odds_over"": ""1.67"", ""odds_under"": ""2.03"", ""bookmaker_name"": ""Betclic.pl"", ""period"": ""FullTime""}, {""odds_over"": ""1.66"", ""odds_under"": ""2.14"", ""bookmaker_name"": ""BETFAN"", ""period"": ""FullTime""}, {""odds_over"": ""1.8"", ""odds_under"": ""2.0"", ""bookmaker_name"": ""eFortuna.pl"", ""period"": ""FullTime""}, {""odds_over"": ""1.75"", ""odds_under"": ""2.07"", ""bookmaker_name"": ""LV BET"", ""period"": ""FullTime""}, {""odds_over"": ""1.7"", ""odds_under"": ""2.08"", ""bookmaker_name"": ""STS.pl"", ""period"": ""FullTime""}, {""odds_over"": ""1.75"", ""odds_under"": ""2.1"", ""bookmaker_name"": ""Superbet.pl"", ""period"": ""FullTime""}]"
2025-08-22 21:26:50 UTC,2022-11-13 13:00:00 UTC,Horsens,Odense,Superliga 2022/2023,3,3,"2:2, 1:1",Nordstern Arena Horsens,Horsens,Denmark,"[{""odds_over"": ""1.8"", ""odds_under"": ""1.87"", ""bookmaker_name"": ""Betclic.pl"", ""period"": ""FullTime""}, {""odds_over"": ""1.79"", ""odds_under"": ""1.96"", ""bookmaker_name"": ""BETFAN"", ""period"": ""FullTime""}, {""odds_over"": ""1.85"", ""odds_under"": ""1.93"", ""bookmaker_name"": ""eFortuna.pl"", ""period"": ""FullTime""}, {""odds_over"": ""1.86"", ""odds_under"": ""1.9"", ""bookmaker_name"": ""LV BET"", ""period"": ""FullTime""}, {""odds_over"": ""1.83"", ""odds_under"": ""1.91"", ""bookmaker_name"": ""STS.pl"", ""period"": ""FullTime""}, {""odds_over"": ""1.9"", ""odds_under"": ""1.9"", ""bookmaker_name"": ""Superbet.pl"", ""period"": ""FullTime""}]"
2025-08-22 21:27:01 UTC,2022-11-12 15:00:00 UTC,Silkeborg,Lyngby,Superliga 2022/2023,0,2,"0:0, 0:2",Jysk Park,Silkeborg,Denmark,"[{""odds_over"": ""1.66"", ""odds_under"": ""2.05"", ""bookmaker_name"": ""Betclic.pl"", ""period"": ""FullTime""}, {""odds_over"": ""1.65"", ""odds_under"": ""2.15"", ""bookmaker_name"": ""BETFAN"", ""period"": ""FullTime""}, {""odds_over"": ""1.71"", ""odds_under"": ""2.11"", ""bookmaker_name"": ""eFortuna.pl"", ""period"": ""FullTime""}, {""odds_over"": ""1.69"", ""odds_under"": ""2.11"", ""bookmaker_name"": ""LV BET"", ""period"": ""FullTime""}, {""odds_over"": ""1.69"", ""odds_under"": ""2.09"", ""bookmaker_name"": ""STS.pl"", ""period"": ""FullTime""}, {""odds_over"": ""1.7"", ""odds_under"": ""2.15"", ""bookmaker_name"": ""Superbet.pl"", ""period"": ""FullTime""}]"
2025-08-22 21:27:17 UTC,2023-03-19 14:00:00 UTC,Aalborg,Randers FC,Superliga 2022/2023,0,1,"0:0, 0:1",Aalborg Portland Park,Aalborg,Denmark,"[{""odds_over"": ""1.96"", ""odds_under"": ""1.72"", ""bookmaker_name"": ""Betclic.pl"", ""period"": ""FullTime""}, {""odds_over"": ""1.95"", ""odds_under"": ""1.8"", ""bookmaker_name"": ""BETFAN"", ""period"": ""FullTime""}, {""odds_over"": ""2.02"", ""odds_under"": ""1.77"", ""bookmaker_name"": ""eFortuna.pl"", ""period"": ""FullTime""}, {""odds_over"": ""2.02"", ""odds_under"": ""1.8"", ""bookmaker_name"": ""LV BET"", ""period"": ""FullTime""}, {""odds_over"": ""2.0"", ""odds_under"": ""1.75"", ""bookmaker_name"": ""STS.pl"", ""period"": ""FullTime""}, {""odds_over"": ""2.0"", ""odds_under"": ""1.8"", ""bookmaker_name"": ""Superbet.pl"", ""period"": ""FullTime""}]"
2025-08-22 21:27:28 UTC,2022-11-04 18:00:00 UTC,Horsens,Randers FC,Superliga 2022/2023,5,1,"2:1, 3:0",Nordstern Arena Horsens,Horsens,Denmark,"[{""odds_over"": ""1.67"", ""odds_under"": ""2.03"", ""bookmaker_name"": ""Betclic.pl"", ""period"": ""FullTime""}, {""odds_over"": ""1.83"", ""odds_under"": ""1.91"", ""bookmaker_name"": ""BETFAN"", ""period"": ""FullTime""}, {""odds_over"": ""1.72"", ""odds_under"": ""2.1"", ""bookmaker_name"": ""eFortuna.pl"", ""period"": ""FullTime""}, {""odds_over"": ""1.7"", ""odds_under"": ""2.09"", ""bookmaker_name"": ""LV BET"", ""period"": ""FullTime""}, {""odds_over"": ""1.64"", ""odds_under"": ""2.17"", ""bookmaker_name"": ""STS.pl"", ""period"": ""FullTime""}, {""odds_over"": ""1.75"", ""odds_under"": ""2.1"", ""bookmaker_name"": ""Superbet.pl"", ""period"": ""FullTime""}]"
2025-08-22 21:27:45 UTC,2023-02-26 13:00:00 UTC,Horsens,Viborg,Superliga 2022/2023,0,3,"0:3, 0:0",Nordstern Arena Horsens,Horsens,Denmark,"[{""odds_over"": ""1.98"", ""odds_under"": ""1.71"", ""bookmaker_name"": ""Betclic.pl"", ""period"": ""FullTime""}, {""odds_over"": ""1.97"", ""odds_under"": ""1.78"", ""bookmaker_name"": ""BETFAN"", ""period"": ""FullTime""}, {""odds_over"": ""2.1"", ""odds_under"": ""1.71"", ""bookmaker_name"": ""eFortuna.pl"", ""period"": ""FullTime""}, {""odds_over"": ""1.95"", ""odds_under"": ""1.85"", ""bookmaker_name"": ""LV BET"", ""period"": ""FullTime""}, {""odds_over"": ""2.02"", ""odds_under"": ""1.74"", ""bookmaker_name"": ""STS.pl"", ""period"": ""FullTime""}, {""odds_over"": ""2.1"", ""odds_under"": ""1.75"", ""bookmaker_name"": ""Superbet.pl"", ""period"": ""FullTime""}]"
2025-08-22 21:27:55 UTC,2022-07-18 17:00:00 UTC,Odense,Nordsjaelland,Superliga 2022/2023,0,2,"0:1, 0:1",Nature Energy Park,Odense,Denmark,"[{""odds_over"": ""1.72"", ""odds_under"": ""2.05"", ""bookmaker_name"": ""Betclic.pl"", ""period"": ""FullTime""}, {""odds_over"": ""1.73"", ""odds_under"": ""2.03"", ""bookmaker_name"": ""BETFAN"", ""period"": ""FullTime""}, {""odds_over"": ""1.8"", ""odds_under"": ""2.0"", ""bookmaker_name"": ""eFortuna.pl"", ""period"": ""FullTime""}, {""odds_over"": ""1.76"", ""odds_under"": ""2.01"", ""bookmaker_name"": ""LV BET"", ""period"": ""FullTime""}, {""odds_over"": ""1.73"", ""odds_under"": ""2.03"", ""bookmaker_name"": ""STS.pl"", ""period"": ""FullTime""}, {""odds_over"": ""1.8"", ""odds_under"": ""2.0"", ""bookmaker_name"": ""Superbet.pl"", ""period"": ""FullTime""}]"
2025-08-22 21:28:11 UTC,2022-07-24 16:00:00 UTC,Aalborg,FC Copenhagen,Superliga 2022/2023,1,3,"0:1, 1:2",Aalborg Portland Park,Aalborg,Denmark,"[{""odds_over"": ""1.73"", ""odds_under"": ""2.04"", ""bookmaker_name"": ""Betclic.pl"", ""period"": ""FullTime""}, {""odds_over"": ""1.7"", ""odds_under"": ""2.07"", ""bookmaker_name"": ""BETFAN"", ""period"": ""FullTime""}, {""odds_over"": ""1.71"", ""odds_under"": ""2.1"", ""bookmaker_name"": ""eFortuna.pl"", ""period"": ""FullTime""}, {""odds_over"": ""1.77"", ""odds_under"": ""2.0"", ""bookmaker_name"": ""LV BET"", ""period"": ""FullTime""}, {""odds_over"": ""1.74"", ""odds_under"": ""2.01"", ""bookmaker_name"": ""STS.pl"", ""period"": ""FullTime""}, {""odds_over"": ""1.9"", ""odds_under"": ""1.9"", ""bookmaker_name"": ""Superbet.pl"", ""period"": ""FullTime""}]"
2025-08-22 21:28:21 UTC,2022-08-08 17:00:00 UTC,Silkeborg,Aalborg,Superliga 2022/2023,3,1,"1:0, 2:1",Jysk Park,Silkeborg,Denmark,"[{""odds_over"": ""1.55"", ""odds_under"": ""2.24"", ""bookmaker_name"": ""Betclic.pl"", ""period"": ""FullTime""}, {""odds_over"": ""1.54"", ""odds_under"": ""2.38"", ""bookmaker_name"": ""BETFAN"", ""period"": ""FullTime""}, {""odds_over"": ""1.59"", ""odds_under"": ""2.32"", ""bookmaker_name"": ""eFortuna.pl"", ""period"": ""FullTime""}, {""odds_over"": ""1.58"", ""odds_under"": ""2.3"", ""bookmaker_name"": ""LV BET"", ""period"": ""FullTime""}, {""odds_over"": ""1.58"", ""odds_under"": ""2.29"", ""bookmaker_name"": ""STS.pl"", ""period"": ""FullTime""}, {""odds_over"": ""1.57"", ""odds_under"": ""2.4"", ""bookmaker_name"": ""Superbet.pl"", ""period"": ""FullTime""}]"
2025-08-22 21:28:38 UTC,2023-04-02 14:00:00 UTC,Brondby,Viborg,Superliga 2022/2023,0,3,"0:1, 0:2",Brøndby Stadion,Brondby,Denmark,"[{""odds_over"": ""1.78"", ""odds_under"": ""1.89"", ""bookmaker_name"": ""Betclic.pl"", ""period"": ""FullTime""}, {""odds_over"": ""1.77"", ""odds_under"": ""1.99"", ""bookmaker_name"": ""BETFAN"", ""period"": ""FullTime""}, {""odds_over"": ""1.83"", ""odds_under"": ""1.95"", ""bookmaker_name"": ""eFortuna.pl"", ""period"": ""FullTime""}, {""odds_over"": ""1.8"", ""odds_under"": ""2.0"", ""bookmaker_name"": ""LV BET"", ""period"": ""FullTime""}, {""odds_over"": ""1.81"", ""odds_under"": ""1.93"", ""bookmaker_name"": ""STS.pl"", ""period"": ""FullTime""}, {""odds_over"": ""1.9"", ""odds_under"": ""1.9"", ""bookmaker_name"": ""Superbet.pl"", ""period"": ""FullTime""}]"
2025-08-22 21:28:46 UTC,2022-08-21 12:00:00 UTC,Nordsjaelland,Silkeborg,Superliga 2022/2023,0,2,"0:2, 0:0",Right to Dream Park,Farum,Denmark,"[{""odds_over"": ""1.62"", ""odds_under"": ""2.11"", ""bookmaker_name"": ""Betclic.pl"", ""period"": ""FullTime""}, {""odds_over"": ""1.61"", ""odds_under"": ""2.22"", ""bookmaker_name"": ""BETFAN"", ""period"": ""FullTime""}, {""odds_over"": ""1.66"", ""odds_under"": ""2.18"", ""bookmaker_name"": ""eFortuna.pl"", ""period"": ""FullTime""}, {""odds_over"": ""1.64"", ""odds_under"": ""2.19"", ""bookmaker_name"": ""LV BET"", ""period"": ""FullTime""}, {""odds_over"": ""1.65"", ""odds_under"": ""2.16"", ""bookmaker_name"": ""STS.pl"", ""period"": ""FullTime""}, {""odds_over"": ""1.67"", ""odds_under"": ""2.2"", ""bookmaker_name"": ""Superbet.pl"", ""period"": ""FullTime""}]"
2025-08-22 21:29:05 UTC,2023-03-31 17:00:00 UTC,Odense,Midtjylland,Superliga 2022/2023,1,3,"1:2, 0:1",Nature Energy Park,Odense,Denmark,"[{""odds_over"": ""1.67"", ""odds_under"": ""2.03"", ""bookmaker_name"": ""Betclic.pl"", ""period"": ""FullTime""}, {""odds_over"": ""1.66"", ""odds_under"": ""2.14"", ""bookmaker_name"": ""BETFAN"", ""period"": ""FullTime""}, {""odds_over"": ""1.73"", ""odds_under"": ""2.08"", ""bookmaker_name"": ""eFortuna.pl"", ""period"": ""FullTime""}, {""odds_over"": ""1.72"", ""odds_under"": ""2.1"", ""bookmaker_name"": ""LV BET"", ""period"": ""FullTime""}, {""odds_over"": ""1.7"", ""odds_under"": ""2.08"", ""bookmaker_name"": ""STS.pl"", ""period"": ""FullTime""}, {""odds_over"": ""1.75"", ""odds_under"": ""2.1"", ""bookmaker_name"": ""Superbet.pl"", ""period"": ""FullTime""}]"
2025-08-22 21:29:13 UTC,2022-10-30 17:00:00 UTC,Brondby,Aalborg,Superliga 2022/2023,3,2,"2:1, 1:1",Brøndby Stadion,Brondby,Denmark,"[{""odds_over"": ""1.75"", ""odds_under"": ""1.92"", ""bookmaker_name"": ""Betclic.pl"", ""period"": ""FullTime""}, {""odds_over"": ""1.74"", ""odds_under"": ""2.02"", ""bookmaker_name"": ""BETFAN"", ""period"": ""FullTime""}, {""odds_over"": ""1.8"", ""odds_under"": ""1.98"", ""bookmaker_name"": ""eFortuna.pl"", ""period"": ""FullTime""}, {""odds_over"": ""1.81"", ""odds_under"": ""1.95"", ""bookmaker_name"": ""LV BET"", ""period"": ""FullTime""}, {""odds_over"": ""1.72"", ""odds_under"": ""2.04"", ""bookmaker_name"": ""STS.pl"", ""period"": ""FullTime""}, {""odds_over"": ""1.85"", ""odds_under"": ""1.95"", ""bookmaker_name"": ""Superbet.pl"", ""period"": ""FullTime""}]"
2025-08-22 21:29:32 UTC,2022-08-28 12:00:00 UTC,Randers FC,Aalborg,Superliga 2022/2023,1,0,"1:0, 0:0",Cepheus Park,Randers,Denmark,"[{""odds_over"": ""1.6"", ""odds_under"": ""2.15"", ""bookmaker_name"": ""Betclic.pl"", ""period"": ""FullTime""}, {""odds_over"": ""1.59"", ""odds_under"": ""2.27"", ""bookmaker_name"": ""BETFAN"", ""period"": ""FullTime""}, {""odds_over"": ""1.64"", ""odds_under"": ""2.22"", ""bookmaker_name"": ""eFortuna.pl"", ""period"": ""FullTime""}, {""odds_over"": ""1.61"", ""odds_under"": ""2.2"", ""bookmaker_name"": ""LV BET"", ""period"": ""FullTime""}, {""odds_over"": ""1.62"", ""odds_under"": ""2.2"", ""bookmaker_name"": ""STS.pl"", ""period"": ""FullTime""}, {""odds_over"": ""1.65"", ""odds_under"": ""2.25"", ""bookmaker_name"": ""Superbet.pl"", ""period"": ""FullTime""}]"
2025-08-22 21:29:38 UTC,2023-02-24 18:00:00 UTC,Nordsjaelland,Odense,Superliga 2022/2023,4,2,"1:1, 3:1",Right to Dream Park,Farum,Denmark,"[{""odds_over"": ""1.71"", ""odds_under"": ""1.98"", ""bookmaker_name"": ""Betclic.pl"", ""period"": ""FullTime""}, {""odds_over"": ""1.7"", ""odds_under"": ""2.08"", ""bookmaker_name"": ""BETFAN"", ""period"": ""FullTime""}, {""odds_over"": ""1.73"", ""odds_under"": ""2.07"", ""bookmaker_name"": ""eFortuna.pl"", ""period"": ""FullTime""}, {""odds_over"": ""1.77"", ""odds_under"": ""2.02"", ""bookmaker_name"": ""LV BET"", ""period"": ""FullTime""}, {""odds_over"": ""1.79"", ""odds_under"": ""1.95"", ""bookmaker_name"": ""STS.pl"", ""period"": ""FullTime""}, {""odds_over"": ""1.8"", ""odds_under"": ""2.0"", ""bookmaker_name"": ""Superbet.pl"", ""period"": ""FullTime""}]"
2025-08-22 21:30:06 UTC,2022-07-24 12:00:00 UTC,Randers FC,Odense,Superliga 2022/2023,2,2,"0:2, 2:0",Cepheus Park,Randers,Denmark,"[{""odds_over"": ""1.69"", ""odds_under"": ""2.09"", ""bookmaker_name"": ""Betclic.pl"", ""period"": ""FullTime""}, {""odds_over"": ""1.66"", ""odds_under"": ""2.13"", ""bookmaker_name"": ""BETFAN"", ""period"": ""FullTime""}, {""odds_over"": ""1.72"", ""odds_under"": ""2.1"", ""bookmaker_name"": ""eFortuna.pl"", ""period"": ""FullTime""}, {""odds_over"": ""1.72"", ""odds_under"": ""2.06"", ""bookmaker_name"": ""LV BET"", ""period"": ""FullTime""}, {""odds_over"": ""1.7"", ""odds_under"": ""2.07"", ""bookmaker_name"": ""STS.pl"", ""period"": ""FullTime""}, {""odds_over"": ""1.75"", ""odds_under"": ""2.1"", ""bookmaker_name"": ""Superbet.pl"", ""period"": ""FullTime""}]"
2025-08-22 21:30:22 UTC,2022-08-07 16:00:00 UTC,Odense,Aarhus,Superliga 2022/2023,1,2,"1:1, 0:1",Nature Energy Park,Odense,Denmark,"[{""odds_over"": ""1.92"", ""odds_under"": ""1.76"", ""bookmaker_name"": ""Betclic.pl"", ""period"": ""FullTime""}, {""odds_over"": ""1.9"", ""odds_under"": ""1.84"", ""bookmaker_name"": ""BETFAN"", ""period"": ""FullTime""}, {""odds_over"": ""1.97"", ""odds_under"": ""1.81"", ""bookmaker_name"": ""eFortuna.pl"", ""period"": ""FullTime""}, {""odds_over"": ""2.0"", ""odds_under"": ""1.77"", ""bookmaker_name"": ""LV BET"", ""period"": ""FullTime""}, {""odds_over"": ""1.95"", ""odds_under"": ""1.79"", ""bookmaker_name"": ""STS.pl"", ""period"": ""FullTime""}, {""odds_over"": ""2.0"", ""odds_under"": ""1.8"", ""bookmaker_name"": ""Superbet.pl"", ""period"": ""FullTime""}]"
2025-08-22 21:30:34 UTC,2022-08-14 16:00:00 UTC,Brondby,Odense,Superliga 2022/2023,2,0,"2:0, 0:0",Brøndby Stadion,Brondby,Denmark,"[{""odds_over"": ""1.77"", ""odds_under"": ""1.9"", ""bookmaker_name"": ""Betclic.pl"", ""period"": ""FullTime""}, {""odds_over"": ""1.76"", ""odds_under"": ""2.0"", ""bookmaker_name"": ""BETFAN"", ""period"": ""FullTime""}, {""odds_over"": ""1.82"", ""odds_under"": ""1.96"", ""bookmaker_name"": ""eFortuna.pl"", ""period"": ""FullTime""}, {""odds_over"": ""1.82"", ""odds_under"": ""1.94"", ""bookmaker_name"": ""LV BET"", ""period"": ""FullTime""}, {""odds_over"": ""1.8"", ""odds_under"": ""1.94"", ""bookmaker_name"": ""STS.pl"", ""period"": ""FullTime""}, {""odds_over"": ""1.85"", ""odds_under"": ""1.95"", ""bookmaker_name"": ""Superbet.pl"", ""period"": ""FullTime""}]"
2025-08-22 21:31:01 UTC,2022-08-19 17:00:00 UTC,Lyngby,FC Copenhagen,Superliga 2022/2023,0,3,"0:1, 0:2",Lyngby Stadion,Kongens Lyngby,Denmark,"[{""odds_over"": ""1.59"", ""odds_under"": ""2.17"", ""bookmaker_name"": ""Betclic.pl"", ""period"": ""FullTime""}, {""odds_over"": ""1.58"", ""odds_under"": ""2.29"", ""bookmaker_name"": ""BETFAN"", ""period"": ""FullTime""}, {""odds_over"": ""1.63"", ""odds_under"": ""2.24"", ""bookmaker_name"": ""eFortuna.pl"", ""period"": ""FullTime""}, {""odds_over"": ""1.61"", ""odds_under"": ""2.2"", ""bookmaker_name"": ""LV BET"", ""period"": ""FullTime""}, {""odds_over"": ""1.62"", ""odds_under"": ""2.21"", ""bookmaker_name"": ""STS.pl"", ""period"": ""FullTime""}, {""odds_over"": ""1.65"", ""odds_under"": ""2.25"", ""bookmaker_name"": ""Superbet.pl"", ""period"": ""FullTime""}]"
2025-08-22 21:31:14 UTC,2023-03-19 14:00:00 UTC,FC Copenhagen,Viborg,Superliga 2022/2023,2,1,"1:0, 1:1",Parken Stadium,Copenhagen,Denmark,"[{""odds_over"": ""1.69"", ""odds_under"": ""2.0"", ""bookmaker_name"": ""Betclic.pl"", ""period"": ""FullTime""}, {""odds_over"": ""1.68"", ""odds_under"": ""2.1"", ""bookmaker_name"": ""BETFAN"", ""period"": ""FullTime""}, {""odds_over"": ""1.74"", ""odds_under"": ""2.06"", ""bookmaker_name"": ""eFortuna.pl"", ""period"": ""FullTime""}, {""odds_over"": ""1.75"", ""odds_under"": ""2.07"", ""bookmaker_name"": ""LV BET"", ""period"": ""FullTime""}, {""odds_over"": ""1.72"", ""odds_under"": ""2.04"", ""bookmaker_name"": ""STS.pl"", ""period"": ""FullTime""}, {""odds_over"": ""1.75"", ""odds_under"": ""2.1"", ""bookmaker_name"": ""Superbet.pl"", ""period"": ""FullTime""}]"
2025-08-22 21:31:27 UTC,2022-08-28 12:00:00 UTC,Viborg,Lyngby,Superliga 2022/2023,2,1,"0:0, 2:1",Energi Viborg Arena,Viborg,Denmark,"[{""odds_over"": ""1.73"", ""odds_under"": ""1.95"", ""bookmaker_name"": ""Betclic.pl"", ""period"": ""FullTime""}, {""odds_over"": ""1.72"", ""odds_under"": ""2.05"", ""bookmaker_name"": ""BETFAN"", ""period"": ""FullTime""}, {""odds_over"": ""1.78"", ""odds_under"": ""2.01"", ""bookmaker_name"": ""eFortuna.pl"", ""period"": ""FullTime""}, {""odds_over"": ""1.74"", ""odds_under"": ""2.04"", ""bookmaker_name"": ""LV BET"", ""period"": ""FullTime""}, {""odds_over"": ""1.76"", ""odds_under"": ""1.99"", ""bookmaker_name"": ""STS.pl"", ""period"": ""FullTime""}, {""odds_over"": ""1.75"", ""odds_under"": ""2.1"", ""bookmaker_name"": ""Superbet.pl"", ""period"": ""FullTime""}]"
2025-08-22 21:31:40 UTC,2023-02-17 18:00:00 UTC,Aalborg,Aarhus,Superliga 2022/2023,0,1,"0:0, 0:1",Aalborg Portland Park,Aalborg,Denmark,"[{""odds_over"": ""2.26"", ""odds_under"": ""1.54"", ""bookmaker_name"": ""Betclic.pl"", ""period"": ""FullTime""}, {""odds_over"": ""2.25"", ""odds_under"": ""1.6"", ""bookmaker_name"": ""BETFAN"", ""period"": ""FullTime""}, {""odds_over"": ""2.35"", ""odds_under"": ""1.58"", ""bookmaker_name"": ""eFortuna.pl"", ""period"": ""FullTime""}, {""odds_over"": ""2.27"", ""odds_under"": ""1.62"", ""bookmaker_name"": ""LV BET"", ""period"": ""FullTime""}, {""odds_over"": ""2.14"", ""odds_under"": ""1.66"", ""bookmaker_name"": ""STS.pl"", ""period"": ""FullTime""}, {""odds_over"": ""2.4"", ""odds_under"": ""1.57"", ""bookmaker_name"": ""Superbet.pl"", ""period"": ""FullTime""}]"
2025-08-22 21:31:57 UTC,2022-08-26 17:00:00 UTC,Horsens,Aarhus,Superliga 2022/2023,2,1,"0:1, 2:0",Nordstern Arena Horsens,Horsens,Denmark,"[{""odds_over"": ""2.02"", ""odds_under"": ""1.68"", ""bookmaker_name"": ""Betclic.pl"", ""period"": ""FullTime""}, {""odds_over"": ""2.01"", ""odds_under"": ""1.75"", ""bookmaker_name"": ""BETFAN"", ""period"": ""FullTime""}, {""odds_over"": ""2.1"", ""odds_under"": ""1.72"", ""bookmaker_name"": ""eFortuna.pl"", ""period"": ""FullTime""}, {""odds_over"": ""2.08"", ""odds_under"": ""1.71"", ""bookmaker_name"": ""LV BET"", ""period"": ""FullTime""}, {""odds_over"": ""2.06"", ""odds_under"": ""1.71"", ""bookmaker_name"": ""STS.pl"", ""period"": ""FullTime""}, {""odds_over"": ""2.1"", ""odds_under"": ""1.75"", ""bookmaker_name"": ""Superbet.pl"", ""period"": ""FullTime""}]"
2025-08-22 21:32:09 UTC,2022-08-05 18:00:00 UTC,Lyngby,Midtjylland,Superliga 2022/2023,3,3,"1:3, 2:0",Lyngby Stadion,Kongens Lyngby,Denmark,"[{""odds_over"": ""1.72"", ""odds_under"": ""1.97"", ""bookmaker_name"": ""Betclic.pl"", ""period"": ""FullTime""}, {""odds_over"": ""1.7"", ""odds_under"": ""2.07"", ""bookmaker_name"": ""BETFAN"", ""period"": ""FullTime""}, {""odds_over"": ""1.76"", ""odds_under"": ""2.03"", ""bookmaker_name"": ""eFortuna.pl"", ""period"": ""FullTime""}, {""odds_over"": ""1.78"", ""odds_under"": ""1.98"", ""bookmaker_name"": ""LV BET"", ""period"": ""FullTime""}, {""odds_over"": ""1.75"", ""odds_under"": ""2.01"", ""bookmaker_name"": ""STS.pl"", ""period"": ""FullTime""}, {""odds_over"": ""1.8"", ""odds_under"": ""2.0"", ""bookmaker_name"": ""Superbet.pl"", ""period"": ""FullTime""}]"
2025-08-22 21:32:24 UTC,2022-11-06 17:00:00 UTC,Odense,Brondby,Superliga 2022/2023,1,1,"0:1, 1:0",Nature Energy Park,Odense,Denmark,"[{""odds_over"": ""1.75"", ""odds_under"": ""1.93"", ""bookmaker_name"": ""Betclic.pl"", ""period"": ""FullTime""}, {""odds_over"": ""1.81"", ""odds_under"": ""1.93"", ""bookmaker_name"": ""BETFAN"", ""period"": ""FullTime""}, {""odds_over"": ""1.76"", ""odds_under"": ""2.03"", ""bookmaker_name"": ""eFortuna.pl"", ""period"": ""FullTime""}, {""odds_over"": ""1.78"", ""odds_under"": ""1.98"", ""bookmaker_name"": ""LV BET"", ""period"": ""FullTime""}, {""odds_over"": ""1.72"", ""odds_under"": ""2.05"", ""bookmaker_name"": ""STS.pl"", ""period"": ""FullTime""}, {""odds_over"": ""1.75"", ""odds_under"": ""2.1"", ""bookmaker_name"": ""Superbet.pl"", ""period"": ""FullTime""}]"
2025-08-22 21:32:36 UTC,2022-08-21 14:00:00 UTC,Randers FC,Viborg,Superliga 2022/2023,1,0,"0:0, 1:0",Cepheus Park,Randers,Denmark,"[{""odds_over"": ""1.68"", ""odds_under"": ""2.02"", ""bookmaker_name"": ""Betclic.pl"", ""period"": ""FullTime""}, {""odds_over"": ""1.67"", ""odds_under"": ""2.12"", ""bookmaker_name"": ""BETFAN"", ""period"": ""FullTime""}, {""odds_over"": ""1.72"", ""odds_under"": ""2.08"", ""bookmaker_name"": ""eFortuna.pl"", ""period"": ""FullTime""}, {""odds_over"": ""1.71"", ""odds_under"": ""2.08"", ""bookmaker_name"": ""LV BET"", ""period"": ""FullTime""}, {""odds_over"": ""1.71"", ""odds_under"": ""2.06"", ""bookmaker_name"": ""STS.pl"", ""period"": ""FullTime""}, {""odds_over"": ""1.75"", ""odds_under"": ""2.1"", ""bookmaker_name"": ""Superbet.pl"", ""period"": ""FullTime""}]"
2025-08-22 21:32:51 UTC,2023-04-02 12:00:00 UTC,Lyngby,Silkeborg,Superliga 2022/2023,1,1,"1:1, 0:0",Lyngby Stadion,Kongens Lyngby,Denmark,"[{""odds_over"": ""1.72"", ""odds_under"": ""1.97"", ""bookmaker_name"": ""Betclic.pl"", ""period"": ""FullTime""}, {""odds_over"": ""1.7"", ""odds_under"": ""2.07"", ""bookmaker_name"": ""BETFAN"", ""period"": ""FullTime""}, {""odds_over"": ""1.76"", ""odds_under"": ""2.03"", ""bookmaker_name"": ""eFortuna.pl"", ""period"": ""FullTime""}, {""odds_over"": ""1.8"", ""odds_under"": ""2.02"", ""bookmaker_name"": ""LV BET"", ""period"": ""FullTime""}, {""odds_over"": ""1.75"", ""odds_under"": ""2.01"", ""bookmaker_name"": ""STS.pl"", ""period"": ""FullTime""}, {""odds_over"": ""1.75"", ""odds_under"": ""2.1"", ""bookmaker_name"": ""Superbet.pl"", ""period"": ""FullTime""}]"
2025-08-22 21:33:01 UTC,2022-09-02 17:00:00 UTC,FC Copenhagen,Silkeborg,Superliga 2022/2023,1,0,"1:0, 0:0",Parken Stadium,Copenhagen,Denmark,"[{""odds_over"": ""1.86"", ""odds_under"": ""1.81"", ""bookmaker_name"": ""Betclic.pl"", ""period"": ""FullTime""}, {""odds_over"": ""1.84"", ""odds_under"": ""1.9"", ""bookmaker_name"": ""BETFAN"", ""period"": ""FullTime""}, {""odds_over"": ""1.91"", ""odds_under"": ""1.86"", ""bookmaker_name"": ""eFortuna.pl"", ""period"": ""FullTime""}, {""odds_over"": ""1.87"", ""odds_under"": ""1.89"", ""bookmaker_name"": ""LV BET"", ""period"": ""FullTime""}, {""odds_over"": ""1.89"", ""odds_under"": ""1.85"", ""bookmaker_name"": ""STS.pl"", ""period"": ""FullTime""}, {""odds_over"": ""1.9"", ""odds_under"": ""1.9"", ""bookmaker_name"": ""Superbet.pl"", ""period"": ""FullTime""}]"
2025-08-22 21:33:16 UTC,2022-08-06 14:00:00 UTC,Nordsjaelland,Viborg,Superliga 2022/2023,1,0,"1:0, 0:0",Right to Dream Park,Farum,Denmark,"[{""odds_over"": ""1.62"", ""odds_under"": ""2.12"", ""bookmaker_name"": ""Betclic.pl"", ""period"": ""FullTime""}, {""odds_over"": ""1.61"", ""odds_under"": ""2.23"", ""bookmaker_name"": ""BETFAN"", ""period"": ""FullTime""}, {""odds_over"": ""1.62"", ""odds_under"": ""2.26"", ""bookmaker_name"": ""eFortuna.pl"", ""period"": ""FullTime""}, {""odds_over"": ""1.64"", ""odds_under"": ""2.19"", ""bookmaker_name"": ""LV BET"", ""period"": ""FullTime""}, {""odds_over"": ""1.65"", ""odds_under"": ""2.16"", ""bookmaker_name"": ""STS.pl"", ""period"": ""FullTime""}, {""odds_over"": ""1.67"", ""odds_under"": ""2.2"", ""bookmaker_name"": ""Superbet.pl"", ""period"": ""FullTime""}]"
2025-08-22 21:33:27 UTC,2022-07-24 14:00:00 UTC,Brondby,Nordsjaelland,Superliga 2022/2023,1,3,"0:1, 1:2",Brøndby Stadion,Brondby,Denmark,"[{""odds_over"": ""1.73"", ""odds_under"": ""2.03"", ""bookmaker_name"": ""Betclic.pl"", ""period"": ""FullTime""}, {""odds_over"": ""1.7"", ""odds_under"": ""2.07"", ""bookmaker_name"": ""BETFAN"", ""period"": ""FullTime""}, {""odds_over"": ""1.76"", ""odds_under"": ""2.03"", ""bookmaker_name"": ""eFortuna.pl"", ""period"": ""FullTime""}, {""odds_over"": ""1.77"", ""odds_under"": ""2.0"", ""bookmaker_name"": ""LV BET"", ""period"": ""FullTime""}, {""odds_over"": ""1.75"", ""odds_under"": ""2.01"", ""bookmaker_name"": ""STS.pl"", ""period"": ""FullTime""}, {""odds_over"": ""1.8"", ""odds_under"": ""2.0"", ""bookmaker_name"": ""Superbet.pl"", ""period"": ""FullTime""}]"
2025-08-22 21:33:43 UTC,2022-11-06 13:00:00 UTC,Viborg,Aarhus,Superliga 2022/2023,1,1,"0:1, 1:0",Energi Viborg Arena,Viborg,Denmark,"[{""odds_over"": ""2.02"", ""odds_under"": ""1.68"", ""bookmaker_name"": ""Betclic.pl"", ""period"": ""FullTime""}, {""odds_over"": ""1.9"", ""odds_under"": ""1.84"", ""bookmaker_name"": ""BETFAN"", ""period"": ""FullTime""}, {""odds_over"": ""2.08"", ""odds_under"": ""1.73"", ""bookmaker_name"": ""eFortuna.pl"", ""period"": ""FullTime""}, {""odds_over"": ""2.07"", ""odds_under"": ""1.72"", ""bookmaker_name"": ""LV BET"", ""period"": ""FullTime""}, {""odds_over"": ""1.98"", ""odds_under"": ""1.77"", ""bookmaker_name"": ""STS.pl"", ""period"": ""FullTime""}, {""odds_over"": ""2.1"", ""odds_under"": ""1.75"", ""bookmaker_name"": ""Superbet.pl"", ""period"": ""FullTime""}]"
2025-08-22 21:33:54 UTC,2022-08-01 17:00:00 UTC,Nordsjaelland,Lyngby,Superliga 2022/2023,2,1,"1:0, 1:1",Right to Dream Park,Farum,Denmark,"[{""odds_over"": ""1.58"", ""odds_under"": ""2.18"", ""bookmaker_name"": ""Betclic.pl"", ""period"": ""FullTime""}, {""odds_over"": ""1.57"", ""odds_under"": ""2.31"", ""bookmaker_name"": ""BETFAN"", ""period"": ""FullTime""}, {""odds_over"": ""1.62"", ""odds_under"": ""2.26"", ""bookmaker_name"": ""eFortuna.pl"", ""period"": ""FullTime""}, {""odds_over"": ""1.61"", ""odds_under"": ""2.2"", ""bookmaker_name"": ""LV BET"", ""period"": ""FullTime""}, {""odds_over"": ""1.61"", ""odds_under"": ""2.22"", ""bookmaker_name"": ""STS.pl"", ""period"": ""FullTime""}, {""odds_over"": ""1.65"", ""odds_under"": ""2.25"", ""bookmaker_name"": ""Superbet.pl"", ""period"": ""FullTime""}]"
2025-08-22 21:34:09 UTC,2023-03-05 13:00:00 UTC,Viborg,Randers FC,Superliga 2022/2023,2,2,"2:0, 0:2",Energi Viborg Arena,Viborg,Denmark,"[{""odds_over"": ""2.02"", ""odds_under"": ""1.68"", ""bookmaker_name"": ""Betclic.pl"", ""period"": ""FullTime""}, {""odds_over"": ""2.05"", ""odds_under"": ""1.72"", ""bookmaker_name"": ""BETFAN"", ""period"": ""FullTime""}, {""odds_over"": ""2.14"", ""odds_under"": ""1.7"", ""bookmaker_name"": ""eFortuna.pl"", ""period"": ""FullTime""}, {""odds_over"": ""2.07"", ""odds_under"": ""1.75"", ""bookmaker_name"": ""LV BET"", ""period"": ""FullTime""}, {""odds_over"": ""2.06"", ""odds_under"": ""1.71"", ""bookmaker_name"": ""STS.pl"", ""period"": ""FullTime""}, {""odds_over"": ""2.15"", ""odds_under"": ""1.7"", ""bookmaker_name"": ""Superbet.pl"", ""period"": ""FullTime""}]"
2025-08-22 21:34:20 UTC,2022-07-25 17:00:00 UTC,Horsens,Lyngby,Superliga 2022/2023,1,0,"1:0, 0:0",Nordstern Arena Horsens,Horsens,Denmark,"[{""odds_over"": ""1.89"", ""odds_under"": ""1.85"", ""bookmaker_name"": ""Betclic.pl"", ""period"": ""FullTime""}, {""odds_over"": ""1.86"", ""odds_under"": ""1.88"", ""bookmaker_name"": ""BETFAN"", ""period"": ""FullTime""}, {""odds_over"": ""1.92"", ""odds_under"": ""1.85"", ""bookmaker_name"": ""eFortuna.pl"", ""period"": ""FullTime""}, {""odds_over"": ""1.93"", ""odds_under"": ""1.83"", ""bookmaker_name"": ""LV BET"", ""period"": ""FullTime""}, {""odds_over"": ""1.91"", ""odds_under"": ""1.83"", ""bookmaker_name"": ""STS.pl"", ""period"": ""FullTime""}, {""odds_over"": ""1.9"", ""odds_under"": ""1.9"", ""bookmaker_name"": ""Superbet.pl"", ""period"": ""FullTime""}]"
2025-08-22 21:34:38 UTC,2023-03-13 18:00:00 UTC,Randers FC,Aarhus,Superliga 2022/2023,1,2,"0:1, 1:1",Cepheus Park,Randers,Denmark,"[{""odds_over"": ""2.41"", ""odds_under"": ""1.48"", ""bookmaker_name"": ""Betclic.pl"", ""period"": ""FullTime""}, {""odds_over"": ""2.39"", ""odds_under"": ""1.53"", ""bookmaker_name"": ""BETFAN"", ""period"": ""FullTime""}, {""odds_over"": ""2.5"", ""odds_under"": ""1.51"", ""bookmaker_name"": ""eFortuna.pl"", ""period"": ""FullTime""}, {""odds_over"": ""2.55"", ""odds_under"": ""1.52"", ""bookmaker_name"": ""LV BET"", ""period"": ""FullTime""}, {""odds_over"": ""2.47"", ""odds_under"": ""1.5"", ""bookmaker_name"": ""STS.pl"", ""period"": ""FullTime""}, {""odds_over"": ""2.5"", ""odds_under"": ""1.53"", ""bookmaker_name"": ""Superbet.pl"", ""period"": ""FullTime""}]"
2025-08-22 21:34:45 UTC,2023-04-10 12:00:00 UTC,Aalborg,Odense,Superliga 2022/2023,2,3,"0:2, 2:1",Aalborg Portland Park,Aalborg,Denmark,"[{""odds_over"": ""1.72"", ""odds_under"": ""1.97"", ""bookmaker_name"": ""Betclic.pl"", ""period"": ""FullTime""}, {""odds_over"": ""1.7"", ""odds_under"": ""2.07"", ""bookmaker_name"": ""BETFAN"", ""period"": ""FullTime""}, {""odds_over"": ""1.76"", ""odds_under"": ""2.03"", ""bookmaker_name"": ""eFortuna.pl"", ""period"": ""FullTime""}, {""odds_over"": ""1.8"", ""odds_under"": ""2.02"", ""bookmaker_name"": ""LV BET"", ""period"": ""FullTime""}, {""odds_over"": ""1.75"", ""odds_under"": ""2.01"", ""bookmaker_name"": ""STS.pl"", ""period"": ""FullTime""}, {""odds_over"": ""1.75"", ""odds_under"": ""2.1"", ""bookmaker_name"": ""Superbet.pl"", ""period"": ""FullTime""}]"
2025-08-22 21:35:11 UTC,2022-08-28 16:00:00 UTC,Silkeborg,Odense,Superliga 2022/2023,1,2,"1:1, 0:1",Jysk Park,Silkeborg,Denmark,"[{""odds_over"": ""1.59"", ""odds_under"": ""2.16"", ""bookmaker_name"": ""Betclic.pl"", ""period"": ""FullTime""}, {""odds_over"": ""1.58"", ""odds_under"": ""2.28"", ""bookmaker_name"": ""BETFAN"", ""period"": ""FullTime""}, {""odds_over"": ""1.68"", ""odds_under"": ""2.16"", ""bookmaker_name"": ""eFortuna.pl"", ""period"": ""FullTime""}, {""odds_over"": ""1.6"", ""odds_under"": ""2.25"", ""bookmaker_name"": ""LV BET"", ""period"": ""FullTime""}, {""odds_over"": ""1.62"", ""odds_under"": ""2.21"", ""bookmaker_name"": ""STS.pl"", ""period"": ""FullTime""}, {""odds_over"": ""1.65"", ""odds_under"": ""2.25"", ""bookmaker_name"": ""Superbet.pl"", ""period"": ""FullTime""}]"
2025-08-22 21:35:16 UTC,2023-03-19 14:00:00 UTC,Lyngby,Horsens,Superliga 2022/2023,1,1,"1:0, 0:1",Lyngby Stadion,Kongens Lyngby,Denmark,"[{""odds_over"": ""2.0"", ""odds_under"": ""1.7"", ""bookmaker_name"": ""Betclic.pl"", ""period"": ""FullTime""}, {""odds_over"": ""1.98"", ""odds_under"": ""1.77"", ""bookmaker_name"": ""BETFAN"", ""period"": ""FullTime""}, {""odds_over"": ""2.06"", ""odds_under"": ""1.74"", ""bookmaker_name"": ""eFortuna.pl"", ""period"": ""FullTime""}, {""odds_over"": ""1.98"", ""odds_under"": ""1.82"", ""bookmaker_name"": ""LV BET"", ""period"": ""FullTime""}, {""odds_over"": ""2.04"", ""odds_under"": ""1.73"", ""bookmaker_name"": ""STS.pl"", ""period"": ""FullTime""}, {""odds_over"": ""1.95"", ""odds_under"": ""1.85"", ""bookmaker_name"": ""Superbet.pl"", ""period"": ""FullTime""}]"
2025-08-22 21:35:37 UTC,2022-08-07 14:00:00 UTC,FC Copenhagen,Brondby,Superliga 2022/2023,4,1,"3:1, 1:0",Parken Stadium,Copenhagen,Denmark,"[{""odds_over"": ""1.67"", ""odds_under"": ""2.03"", ""bookmaker_name"": ""Betclic.pl"", ""period"": ""FullTime""}, {""odds_over"": ""1.66"", ""odds_under"": ""2.13"", ""bookmaker_name"": ""BETFAN"", ""period"": ""FullTime""}, {""odds_over"": ""1.72"", ""odds_under"": ""2.1"", ""bookmaker_name"": ""eFortuna.pl"", ""period"": ""FullTime""}, {""odds_over"": ""1.71"", ""odds_under"": ""2.08"", ""bookmaker_name"": ""LV BET"", ""period"": ""FullTime""}, {""odds_over"": ""1.71"", ""odds_under"": ""2.07"", ""bookmaker_name"": ""STS.pl"", ""period"": ""FullTime""}, {""odds_over"": ""1.75"", ""odds_under"": ""2.1"", ""bookmaker_name"": ""Superbet.pl"", ""period"": ""FullTime""}]"
2025-08-22 21:35:42 UTC,2023-04-09 14:00:00 UTC,Viborg,Aarhus,Superliga 2022/2023,0,1,"0:0, 0:1",Energi Viborg Arena,Viborg,Denmark,"[{""odds_over"": ""2.2"", ""odds_under"": ""1.57"", ""bookmaker_name"": ""Betclic.pl"", ""period"": ""FullTime""}, {""odds_over"": ""2.18"", ""odds_under"": ""1.63"", ""bookmaker_name"": ""BETFAN"", ""period"": ""FullTime""}, {""odds_over"": ""2.28"", ""odds_under"": ""1.61"", ""bookmaker_name"": ""eFortuna.pl"", ""period"": ""FullTime""}, {""odds_over"": ""2.27"", ""odds_under"": ""1.62"", ""bookmaker_name"": ""LV BET"", ""period"": ""FullTime""}, {""odds_over"": ""2.25"", ""odds_under"": ""1.6"", ""bookmaker_name"": ""STS.pl"", ""period"": ""FullTime""}, {""odds_over"": ""2.4"", ""odds_under"": ""1.57"", ""bookmaker_name"": ""Superbet.pl"", ""period"": ""FullTime""}]"
2025-08-22 21:36:04 UTC,2022-07-22 17:00:00 UTC,Midtjylland,Silkeborg,Superliga 2022/2023,1,3,"0:1, 1:2",MCH Arena,Herning,Denmark,"[{""odds_over"": ""1.64"", ""odds_under"": ""2.18"", ""bookmaker_name"": ""Betclic.pl"", ""period"": ""FullTime""}, {""odds_over"": ""1.61"", ""odds_under"": ""2.22"", ""bookmaker_name"": ""BETFAN"", ""period"": ""FullTime""}, {""odds_over"": ""1.66"", ""odds_under"": ""2.18"", ""bookmaker_name"": ""eFortuna.pl"", ""period"": ""FullTime""}, {""odds_over"": ""1.68"", ""odds_under"": ""2.13"", ""bookmaker_name"": ""LV BET"", ""period"": ""FullTime""}, {""odds_over"": ""1.65"", ""odds_under"": ""2.15"", ""bookmaker_name"": ""STS.pl"", ""period"": ""FullTime""}, {""odds_over"": ""1.67"", ""odds_under"": ""2.2"", ""bookmaker_name"": ""Superbet.pl"", ""period"": ""FullTime""}]"
2025-08-22 21:36:09 UTC,2023-02-20 18:00:00 UTC,Viborg,Midtjylland,Superliga 2022/2023,0,4,"0:1, 0:3",Energi Viborg Arena,Viborg,Denmark,"[{""odds_over"": ""2.17"", ""odds_under"": ""1.59"", ""bookmaker_name"": ""Betclic.pl"", ""period"": ""FullTime""}, {""odds_over"": ""2.15"", ""odds_under"": ""1.65"", ""bookmaker_name"": ""BETFAN"", ""period"": ""FullTime""}, {""odds_over"": ""2.25"", ""odds_under"": ""1.63"", ""bookmaker_name"": ""eFortuna.pl"", ""period"": ""FullTime""}, {""odds_over"": ""2.2"", ""odds_under"": ""1.65"", ""bookmaker_name"": ""LV BET"", ""period"": ""FullTime""}, {""odds_over"": ""2.22"", ""odds_under"": ""1.61"", ""bookmaker_name"": ""STS.pl"", ""period"": ""FullTime""}, {""odds_over"": ""2.25"", ""odds_under"": ""1.65"", ""bookmaker_name"": ""Superbet.pl"", ""period"": ""FullTime""}]"
2025-08-22 21:36:32 UTC,2022-08-29 17:00:00 UTC,Brondby,Midtjylland,Superliga 2022/2023,0,2,"0:2, 0:0",Brøndby Stadion,Brondby,Denmark,"[{""odds_over"": ""1.52"", ""odds_under"": ""2.32"", ""bookmaker_name"": ""Betclic.pl"", ""period"": ""FullTime""}, {""odds_over"": ""1.5"", ""odds_under"": ""2.47"", ""bookmaker_name"": ""BETFAN"", ""period"": ""FullTime""}, {""odds_over"": ""1.55"", ""odds_under"": ""2.41"", ""bookmaker_name"": ""eFortuna.pl"", ""period"": ""FullTime""}, {""odds_over"": ""1.53"", ""odds_under"": ""2.4"", ""bookmaker_name"": ""LV BET"", ""period"": ""FullTime""}, {""odds_over"": ""1.58"", ""odds_under"": ""2.3"", ""bookmaker_name"": ""STS.pl"", ""period"": ""FullTime""}, {""odds_over"": ""1.57"", ""odds_under"": ""2.4"", ""bookmaker_name"": ""Superbet.pl"", ""period"": ""FullTime""}]"
