scraped_date,match_date,home_team,away_team,league_name,home_score,away_score,partial_results,venue,venue_town,venue_country,over_under_2_5_market
2025-08-16 23:42:38 UTC,2020-09-19 17:00:00 UTC,Lugano,Luzern,Super League 2020/2021,2,1,"2:0, 0:1",Stadio di Cornaredo,Lugano,Switzerland,"[{'odds_over': '2.00', 'odds_under': '1.76', 'bookmaker_name': 'Betclic.pl', 'period': 'FullTime'}, {'odds_over': '2.03', 'odds_under': '1.70', 'bookmaker_name': 'BETFAN', 'period': 'FullTime'}, {'odds_over': '1.93', 'odds_under': '1.85', 'bookmaker_name': 'eFortuna.pl', 'period': 'FullTime'}, {'odds_over': '1.95', 'odds_under': '1.75', 'bookmaker_name': 'LV BET', 'period': 'FullTime'}, {'odds_over': '2.00', 'odds_under': '1.75', 'bookmaker_name': 'STS.pl', 'period': 'FullTime'}]"
2025-08-16 23:56:17 UTC,2020-09-19 17:00:00 UTC,Young Boys,Zurich,Super League 2020/2021,2,1,"1:1, 1:0",Stadion Wankdorf,Bern,Switzerland,"[{'odds_over': '1.33', 'odds_under': '3.15', 'bookmaker_name': 'Betclic.pl', 'period': 'FullTime'}, {'odds_over': '1.51', 'odds_under': '2.28', 'bookmaker_name': 'BETFAN', 'period': 'FullTime'}, {'odds_over': '1.34', 'odds_under': '3.15', 'bookmaker_name': 'eFortuna.pl', 'period': 'FullTime'}, {'odds_over': '1.31', 'odds_under': '3.05', 'bookmaker_name': 'LV BET', 'period': 'FullTime'}, {'odds_over': '1.35', 'odds_under': '3.15', 'bookmaker_name': 'STS.pl', 'period': 'FullTime'}]"
2025-08-16 23:45:55 UTC,2020-09-20 14:00:00 UTC,Lausanne,Servette,Super League 2020/2021,2,1,"1:0, 1:1",Stade Olympique de la Pontaise,Lausanne,Switzerland,"[{'odds_over': '1.68', 'odds_under': '2.11', 'bookmaker_name': 'Betclic.pl', 'period': 'FullTime'}, {'odds_over': '1.66', 'odds_under': '2.09', 'bookmaker_name': 'BETFAN', 'period': 'FullTime'}, {'odds_over': '1.71', 'odds_under': '2.09', 'bookmaker_name': 'eFortuna.pl', 'period': 'FullTime'}, {'odds_over': '1.64', 'odds_under': '2.12', 'bookmaker_name': 'LV BET', 'period': 'FullTime'}, {'odds_over': '1.70', 'odds_under': '2.10', 'bookmaker_name': 'STS.pl', 'period': 'FullTime'}]"
2025-08-16 23:52:20 UTC,2020-09-20 14:00:00 UTC,Basel,Vaduz,Super League 2020/2021,2,2,"2:1, 0:1",St. Jakob-Park,Basel,Switzerland,"[{'odds_over': '1.41', 'odds_under': '2.75', 'bookmaker_name': 'Betclic.pl', 'period': 'FullTime'}, {'odds_over': '1.47', 'odds_under': '2.61', 'bookmaker_name': 'eFortuna.pl', 'period': 'FullTime'}, {'odds_over': '1.40', 'odds_under': '2.70', 'bookmaker_name': 'LV BET', 'period': 'FullTime'}, {'odds_over': '1.40', 'odds_under': '2.75', 'bookmaker_name': 'STS.pl', 'period': 'FullTime'}]"
2025-08-17 00:04:59 UTC,2020-09-20 14:00:00 UTC,St. Gallen,Sion,Super League 2020/2021,1,0,"1:0, 0:0",Kybunpark,St. Gallen,Switzerland,"[{'odds_over': '1.51', 'odds_under': '2.44', 'bookmaker_name': 'Betclic.pl', 'period': 'FullTime'}, {'odds_over': '1.55', 'odds_under': '2.20', 'bookmaker_name': 'BETFAN', 'period': 'FullTime'}, {'odds_over': '1.56', 'odds_under': '2.37', 'bookmaker_name': 'eFortuna.pl', 'period': 'FullTime'}, {'odds_over': '1.48', 'odds_under': '2.40', 'bookmaker_name': 'LV BET', 'period': 'FullTime'}, {'odds_over': '1.50', 'odds_under': '2.45', 'bookmaker_name': 'STS.pl', 'period': 'FullTime'}]"
2025-08-16 23:44:44 UTC,2020-09-26 17:00:00 UTC,Sion,Young Boys,Super League 2020/2021,0,0,"0:0, 0:0",Stade de Tourbillon,Sion,Switzerland,"[{'odds_over': '1.56', 'odds_under': '2.33', 'bookmaker_name': 'Betclic.pl', 'period': 'FullTime'}, {'odds_over': '1.55', 'odds_under': '2.30', 'bookmaker_name': 'BETFAN', 'period': 'FullTime'}, {'odds_over': '1.58', 'odds_under': '2.38', 'bookmaker_name': 'eFortuna.pl', 'period': 'FullTime'}, {'odds_over': '1.53', 'odds_under': '2.30', 'bookmaker_name': 'LV BET', 'period': 'FullTime'}, {'odds_over': '1.55', 'odds_under': '2.35', 'bookmaker_name': 'STS.pl', 'period': 'FullTime'}]"
2025-08-16 23:55:34 UTC,2020-09-26 17:00:00 UTC,Zurich,Lugano,Super League 2020/2021,2,2,"1:1, 1:1",Letzigrund Stadion,Zürich,Switzerland,"[{'odds_over': '1.61', 'odds_under': '2.22', 'bookmaker_name': 'Betclic.pl', 'period': 'FullTime'}, {'odds_over': '1.60', 'odds_under': '2.20', 'bookmaker_name': 'BETFAN', 'period': 'FullTime'}, {'odds_over': '1.60', 'odds_under': '2.34', 'bookmaker_name': 'eFortuna.pl', 'period': 'FullTime'}, {'odds_over': '1.62', 'odds_under': '2.15', 'bookmaker_name': 'LV BET', 'period': 'FullTime'}, {'odds_over': '1.60', 'odds_under': '2.20', 'bookmaker_name': 'STS.pl', 'period': 'FullTime'}]"
2025-08-16 23:44:49 UTC,2020-09-27 14:00:00 UTC,Luzern,Lausanne,Super League 2020/2021,2,2,"1:1, 1:1",Swissporarena,Luzern,Switzerland,"[{'odds_over': '1.67', 'odds_under': '2.21', 'bookmaker_name': 'Betclic.pl', 'period': 'FullTime'}, {'odds_over': '1.63', 'odds_under': '2.14', 'bookmaker_name': 'BETFAN', 'period': 'FullTime'}, {'odds_over': '1.70', 'odds_under': '2.10', 'bookmaker_name': 'eFortuna.pl', 'period': 'FullTime'}, {'odds_over': '1.65', 'odds_under': '2.10', 'bookmaker_name': 'LV BET', 'period': 'FullTime'}, {'odds_over': '1.65', 'odds_under': '2.15', 'bookmaker_name': 'STS.pl', 'period': 'FullTime'}]"
2025-08-16 23:47:17 UTC,2020-09-27 14:00:00 UTC,Servette,Basel,Super League 2020/2021,1,0,"0:0, 1:0",Stade de Genève,Geneva,Switzerland,"[{'odds_over': '1.62', 'odds_under': '2.20', 'bookmaker_name': 'Betclic.pl', 'period': 'FullTime'}, {'odds_over': '1.61', 'odds_under': '2.18', 'bookmaker_name': 'BETFAN', 'period': 'FullTime'}, {'odds_over': '1.70', 'odds_under': '2.10', 'bookmaker_name': 'eFortuna.pl', 'period': 'FullTime'}, {'odds_over': '1.58', 'odds_under': '2.20', 'bookmaker_name': 'LV BET', 'period': 'FullTime'}, {'odds_over': '1.60', 'odds_under': '2.20', 'bookmaker_name': 'STS.pl', 'period': 'FullTime'}]"
2025-08-16 23:58:26 UTC,2020-09-27 14:00:00 UTC,Vaduz,St. Gallen,Super League 2020/2021,0,1,"0:0, 0:1",Rheinpark Stadion,Vaduz,Liechtenstein,"[{'odds_over': '1.45', 'odds_under': '2.80', 'bookmaker_name': 'Betclic.pl', 'period': 'FullTime'}, {'odds_over': '1.60', 'odds_under': '2.20', 'bookmaker_name': 'BETFAN', 'period': 'FullTime'}, {'odds_over': '1.46', 'odds_under': '2.64', 'bookmaker_name': 'eFortuna.pl', 'period': 'FullTime'}, {'odds_over': '1.40', 'odds_under': '2.70', 'bookmaker_name': 'LV BET', 'period': 'FullTime'}, {'odds_over': '1.45', 'odds_under': '2.70', 'bookmaker_name': 'STS.pl', 'period': 'FullTime'}]"
2025-08-16 23:40:33 UTC,2020-10-03 17:00:00 UTC,Lausanne,Zurich,Super League 2020/2021,4,0,"2:0, 2:0",Stade Olympique de la Pontaise,Lausanne,Switzerland,"[{'odds_over': '1.41', 'odds_under': '2.75', 'bookmaker_name': 'Betclic.pl', 'period': 'FullTime'}, {'odds_over': '1.45', 'odds_under': '2.76', 'bookmaker_name': 'eFortuna.pl', 'period': 'FullTime'}, {'odds_over': '1.40', 'odds_under': '2.70', 'bookmaker_name': 'LV BET', 'period': 'FullTime'}, {'odds_over': '1.40', 'odds_under': '2.75', 'bookmaker_name': 'STS.pl', 'period': 'FullTime'}]"
2025-08-17 00:00:15 UTC,2020-10-03 17:00:00 UTC,Lugano,Sion,Super League 2020/2021,2,2,"0:1, 2:1",Stadio di Cornaredo,Lugano,Switzerland,"[{'odds_over': '1.78', 'odds_under': '1.97', 'bookmaker_name': 'Betclic.pl', 'period': 'FullTime'}, {'odds_over': '1.76', 'odds_under': '1.95', 'bookmaker_name': 'BETFAN', 'period': 'FullTime'}, {'odds_over': '1.85', 'odds_under': '1.95', 'bookmaker_name': 'eFortuna.pl', 'period': 'FullTime'}, {'odds_over': '1.80', 'odds_under': '1.90', 'bookmaker_name': 'LV BET', 'period': 'FullTime'}, {'odds_over': '1.80', 'odds_under': '1.95', 'bookmaker_name': 'STS.pl', 'period': 'FullTime'}]"
2025-08-16 23:47:20 UTC,2020-10-04 14:00:00 UTC,Young Boys,Vaduz,Super League 2020/2021,1,0,"0:0, 1:0",Stadion Wankdorf,Bern,Switzerland,"[{'odds_over': '1.27', 'odds_under': '3.55', 'bookmaker_name': 'Betclic.pl', 'period': 'FullTime'}, {'odds_over': '1.31', 'odds_under': '3.50', 'bookmaker_name': 'eFortuna.pl', 'period': 'FullTime'}, {'odds_over': '1.27', 'odds_under': '3.40', 'bookmaker_name': 'LV BET', 'period': 'FullTime'}, {'odds_over': '1.25', 'odds_under': '3.55', 'bookmaker_name': 'STS.pl', 'period': 'FullTime'}]"
2025-08-17 00:02:28 UTC,2020-10-04 14:00:00 UTC,St. Gallen,Servette,Super League 2020/2021,1,0,"1:0, 0:0",Kybunpark,St. Gallen,Switzerland,"[{'odds_over': '1.47', 'odds_under': '2.60', 'bookmaker_name': 'Betclic.pl', 'period': 'FullTime'}, {'odds_over': '1.55', 'odds_under': '2.25', 'bookmaker_name': 'BETFAN', 'period': 'FullTime'}, {'odds_over': '1.51', 'odds_under': '2.56', 'bookmaker_name': 'eFortuna.pl', 'period': 'FullTime'}, {'odds_over': '1.45', 'odds_under': '2.55', 'bookmaker_name': 'LV BET', 'period': 'FullTime'}, {'odds_over': '1.45', 'odds_under': '2.60', 'bookmaker_name': 'STS.pl', 'period': 'FullTime'}]"
2025-08-17 00:04:14 UTC,2020-10-04 14:00:00 UTC,Basel,Luzern,Super League 2020/2021,3,2,"2:1, 1:1",St. Jakob-Park,Basel,Switzerland,"[{'odds_over': '1.57', 'odds_under': '2.31', 'bookmaker_name': 'Betclic.pl', 'period': 'FullTime'}, {'odds_over': '1.56', 'odds_under': '2.28', 'bookmaker_name': 'BETFAN', 'period': 'FullTime'}, {'odds_over': '1.61', 'odds_under': '2.32', 'bookmaker_name': 'eFortuna.pl', 'period': 'FullTime'}, {'odds_over': '1.58', 'odds_under': '2.20', 'bookmaker_name': 'LV BET', 'period': 'FullTime'}, {'odds_over': '1.55', 'odds_under': '2.30', 'bookmaker_name': 'STS.pl', 'period': 'FullTime'}]"
2025-08-16 23:49:30 UTC,2020-10-17 17:00:00 UTC,Vaduz,Lugano,Super League 2020/2021,1,1,"1:0, 0:1",Rheinpark Stadion,Vaduz,Liechtenstein,"[{'odds_over': '1.67', 'odds_under': '2.12', 'bookmaker_name': 'Betclic.pl', 'period': 'FullTime'}, {'odds_over': '1.66', 'odds_under': '2.10', 'bookmaker_name': 'BETFAN', 'period': 'FullTime'}, {'odds_over': '1.70', 'odds_under': '2.15', 'bookmaker_name': 'eFortuna.pl', 'period': 'FullTime'}, {'odds_over': '1.64', 'odds_under': '2.14', 'bookmaker_name': 'LV BET', 'period': 'FullTime'}, {'odds_over': '1.60', 'odds_under': '2.30', 'bookmaker_name': 'STS.pl', 'period': 'FullTime'}]"
2025-08-16 23:54:07 UTC,2020-10-17 17:00:00 UTC,Servette,Young Boys,Super League 2020/2021,0,0,"0:0, 0:0",Stade de Genève,Geneva,Switzerland,"[{'odds_over': '1.57', 'odds_under': '2.30', 'bookmaker_name': 'Betclic.pl', 'period': 'FullTime'}, {'odds_over': '1.56', 'odds_under': '2.27', 'bookmaker_name': 'BETFAN', 'period': 'FullTime'}, {'odds_over': '1.60', 'odds_under': '2.34', 'bookmaker_name': 'eFortuna.pl', 'period': 'FullTime'}, {'odds_over': '1.55', 'odds_under': '2.30', 'bookmaker_name': 'LV BET', 'period': 'FullTime'}, {'odds_over': '1.65', 'odds_under': '2.15', 'bookmaker_name': 'STS.pl', 'period': 'FullTime'}]"
2025-08-16 23:54:48 UTC,2020-10-18 14:00:00 UTC,Luzern,St. Gallen,Super League 2020/2021,2,2,"0:1, 2:1",Swissporarena,Luzern,Switzerland,"[{'odds_over': '1.55', 'odds_under': '2.35', 'bookmaker_name': 'Betclic.pl', 'period': 'FullTime'}, {'odds_over': '1.55', 'odds_under': '2.24', 'bookmaker_name': 'BETFAN', 'period': 'FullTime'}, {'odds_over': '1.58', 'odds_under': '2.38', 'bookmaker_name': 'eFortuna.pl', 'period': 'FullTime'}, {'odds_over': '1.55', 'odds_under': '2.30', 'bookmaker_name': 'LV BET', 'period': 'FullTime'}, {'odds_over': '1.65', 'odds_under': '2.15', 'bookmaker_name': 'STS.pl', 'period': 'FullTime'}]"
2025-08-16 23:57:22 UTC,2020-10-18 14:00:00 UTC,Sion,Lausanne,Super League 2020/2021,0,0,"0:0, 0:0",Stade de Tourbillon,Sion,Switzerland,"[{'odds_over': '1.85', 'odds_under': '1.88', 'bookmaker_name': 'Betclic.pl', 'period': 'FullTime'}, {'odds_over': '1.84', 'odds_under': '1.87', 'bookmaker_name': 'BETFAN', 'period': 'FullTime'}, {'odds_over': '1.83', 'odds_under': '1.98', 'bookmaker_name': 'eFortuna.pl', 'period': 'FullTime'}, {'odds_over': '1.83', 'odds_under': '1.89', 'bookmaker_name': 'LV BET', 'period': 'FullTime'}, {'odds_over': '1.65', 'odds_under': '2.15', 'bookmaker_name': 'STS.pl', 'period': 'FullTime'}]"
2025-08-16 23:50:13 UTC,2020-10-24 17:00:00 UTC,Vaduz,Zurich,Super League 2020/2021,1,4,"0:2, 1:2",Rheinpark Stadion,Vaduz,Liechtenstein,"[{'odds_over': '1.51', 'odds_under': '2.45', 'bookmaker_name': 'Betclic.pl', 'period': 'FullTime'}, {'odds_over': '1.50', 'odds_under': '2.59', 'bookmaker_name': 'eFortuna.pl', 'period': 'FullTime'}, {'odds_over': '1.49', 'odds_under': '2.45', 'bookmaker_name': 'LV BET', 'period': 'FullTime'}]"
2025-08-17 00:03:30 UTC,2020-10-24 17:00:00 UTC,Lugano,St. Gallen,Super League 2020/2021,1,0,"1:0, 0:0",Stadio di Cornaredo,Lugano,Switzerland,"[{'odds_over': '1.57', 'odds_under': '2.32', 'bookmaker_name': 'Betclic.pl', 'period': 'FullTime'}, {'odds_over': '1.55', 'odds_under': '2.29', 'bookmaker_name': 'BETFAN', 'period': 'FullTime'}, {'odds_over': '1.61', 'odds_under': '2.32', 'bookmaker_name': 'eFortuna.pl', 'period': 'FullTime'}, {'odds_over': '1.58', 'odds_under': '2.20', 'bookmaker_name': 'LV BET', 'period': 'FullTime'}]"
2025-08-16 23:35:24 UTC,2020-10-25 15:00:00 UTC,Young Boys,Luzern,Super League 2020/2021,2,1,"0:1, 2:0",Stadion Wankdorf,Bern,Switzerland,"[{'odds_over': '1.52', 'odds_under': '2.42', 'bookmaker_name': 'Betclic.pl', 'period': 'FullTime'}, {'odds_over': '1.52', 'odds_under': '2.53', 'bookmaker_name': 'eFortuna.pl', 'period': 'FullTime'}, {'odds_over': '1.53', 'odds_under': '2.35', 'bookmaker_name': 'LV BET', 'period': 'FullTime'}]"
2025-08-16 23:40:11 UTC,2020-11-01 15:00:00 UTC,St. Gallen,Basel,Super League 2020/2021,1,3,"1:2, 0:1",Kybunpark,St. Gallen,Switzerland,"[{'odds_over': '1.41', 'odds_under': '2.80', 'bookmaker_name': 'Betclic.pl', 'period': 'FullTime'}, {'odds_over': '1.42', 'odds_under': '2.87', 'bookmaker_name': 'eFortuna.pl', 'period': 'FullTime'}, {'odds_over': '1.41', 'odds_under': '2.70', 'bookmaker_name': 'LV BET', 'period': 'FullTime'}]"
2025-08-16 23:50:34 UTC,2020-11-04 17:00:00 UTC,Zurich,Basel,Super League 2020/2021,1,0,"0:0, 1:0",Letzigrund Stadion,Zürich,Switzerland,"[{'odds_over': '1.39', 'odds_under': '2.85', 'bookmaker_name': 'Betclic.pl', 'period': 'FullTime'}, {'odds_over': '1.53', 'odds_under': '2.25', 'bookmaker_name': 'BETFAN', 'period': 'FullTime'}, {'odds_over': '1.43', 'odds_under': '2.83', 'bookmaker_name': 'eFortuna.pl', 'period': 'FullTime'}, {'odds_over': '1.37', 'odds_under': '2.85', 'bookmaker_name': 'LV BET', 'period': 'FullTime'}, {'odds_over': '1.55', 'odds_under': '2.35', 'bookmaker_name': 'STS.pl', 'period': 'FullTime'}]"
2025-08-16 23:37:36 UTC,2020-11-07 18:00:00 UTC,Lausanne,Lugano,Super League 2020/2021,0,1,"0:1, 0:0",Stade Olympique de la Pontaise,Lausanne,Switzerland,"[{'odds_over': '2.01', 'odds_under': '1.75', 'bookmaker_name': 'Betclic.pl', 'period': 'FullTime'}, {'odds_over': '2.05', 'odds_under': '1.69', 'bookmaker_name': 'BETFAN', 'period': 'FullTime'}, {'odds_over': '1.94', 'odds_under': '1.82', 'bookmaker_name': 'eFortuna.pl', 'period': 'FullTime'}, {'odds_over': '1.96', 'odds_under': '1.76', 'bookmaker_name': 'LV BET', 'period': 'FullTime'}]"
2025-08-16 23:39:23 UTC,2020-11-07 18:00:00 UTC,Zurich,Luzern,Super League 2020/2021,2,0,"2:0, 0:0",Letzigrund Stadion,Zürich,Switzerland,"[{'odds_over': '1.59', 'odds_under': '2.27', 'bookmaker_name': 'Betclic.pl', 'period': 'FullTime'}, {'odds_over': '1.58', 'odds_under': '2.24', 'bookmaker_name': 'BETFAN', 'period': 'FullTime'}, {'odds_over': '1.64', 'odds_under': '2.20', 'bookmaker_name': 'eFortuna.pl', 'period': 'FullTime'}, {'odds_over': '1.58', 'odds_under': '2.20', 'bookmaker_name': 'LV BET', 'period': 'FullTime'}]"
2025-08-16 23:57:24 UTC,2020-11-08 15:00:00 UTC,Young Boys,St. Gallen,Super League 2020/2021,0,0,"0:0, 0:0",Stadion Wankdorf,Bern,Switzerland,"[{'odds_over': '1.41', 'odds_under': '2.75', 'bookmaker_name': 'Betclic.pl', 'period': 'FullTime'}, {'odds_over': '1.45', 'odds_under': '2.71', 'bookmaker_name': 'eFortuna.pl', 'period': 'FullTime'}, {'odds_over': '1.41', 'odds_under': '2.65', 'bookmaker_name': 'LV BET', 'period': 'FullTime'}]"
2025-08-16 23:49:52 UTC,2020-11-21 17:15:00 UTC,Luzern,Vaduz,Super League 2020/2021,1,1,"1:0, 0:1",Swissporarena,Luzern,Switzerland,"[{'odds_over': '1.55', 'odds_under': '2.36', 'bookmaker_name': 'Betclic.pl', 'period': 'FullTime'}, {'odds_over': '1.57', 'odds_under': '2.41', 'bookmaker_name': 'eFortuna.pl', 'period': 'FullTime'}, {'odds_over': '1.55', 'odds_under': '2.30', 'bookmaker_name': 'LV BET', 'period': 'FullTime'}]"
2025-08-16 23:59:09 UTC,2020-11-21 19:30:00 UTC,Young Boys,Basel,Super League 2020/2021,2,1,"1:1, 1:0",Stadion Wankdorf,Bern,Switzerland,"[{'odds_over': '1.37', 'odds_under': '2.95', 'bookmaker_name': 'Betclic.pl', 'period': 'FullTime'}, {'odds_over': '1.39', 'odds_under': '3.00', 'bookmaker_name': 'eFortuna.pl', 'period': 'FullTime'}, {'odds_over': '1.37', 'odds_under': '2.85', 'bookmaker_name': 'LV BET', 'period': 'FullTime'}]"
2025-08-16 23:40:06 UTC,2020-11-22 15:00:00 UTC,St. Gallen,Lausanne,Super League 2020/2021,2,2,"0:2, 2:0",Kybunpark,St. Gallen,Switzerland,"[{'odds_over': '1.60', 'odds_under': '2.35', 'bookmaker_name': 'Betclic.pl', 'period': 'FullTime'}, {'odds_over': '1.57', 'odds_under': '2.26', 'bookmaker_name': 'BETFAN', 'period': 'FullTime'}, {'odds_over': '1.62', 'odds_under': '2.30', 'bookmaker_name': 'eFortuna.pl', 'period': 'FullTime'}, {'odds_over': '1.56', 'odds_under': '2.25', 'bookmaker_name': 'LV BET', 'period': 'FullTime'}]"
2025-08-16 23:55:13 UTC,2020-11-22 15:00:00 UTC,Sion,Zurich,Super League 2020/2021,2,2,"0:0, 2:2",Stade de Tourbillon,Sion,Switzerland,"[{'odds_over': '1.76', 'odds_under': '2.07', 'bookmaker_name': 'Betclic.pl', 'period': 'FullTime'}, {'odds_over': '1.72', 'odds_under': '2.01', 'bookmaker_name': 'BETFAN', 'period': 'FullTime'}, {'odds_over': '1.76', 'odds_under': '2.06', 'bookmaker_name': 'eFortuna.pl', 'period': 'FullTime'}, {'odds_over': '1.71', 'odds_under': '2.03', 'bookmaker_name': 'LV BET', 'period': 'FullTime'}]"
2025-08-17 00:02:27 UTC,2020-11-22 15:00:00 UTC,Servette,Lugano,Super League 2020/2021,1,1,"1:0, 0:1",Stade de Genève,Geneva,Switzerland,"[{'odds_over': '1.97', 'odds_under': '1.78', 'bookmaker_name': 'Betclic.pl', 'period': 'FullTime'}, {'odds_over': '1.95', 'odds_under': '1.76', 'bookmaker_name': 'BETFAN', 'period': 'FullTime'}, {'odds_over': '1.95', 'odds_under': '1.85', 'bookmaker_name': 'eFortuna.pl', 'period': 'FullTime'}, {'odds_over': '1.92', 'odds_under': '1.80', 'bookmaker_name': 'LV BET', 'period': 'FullTime'}]"
2025-08-16 23:48:49 UTC,2020-11-25 17:15:00 UTC,Basel,Lausanne,Super League 2020/2021,2,1,"1:0, 1:1",St. Jakob-Park,Basel,Switzerland,"[{'odds_over': '1.57', 'odds_under': '2.31', 'bookmaker_name': 'Betclic.pl', 'period': 'FullTime'}, {'odds_over': '1.56', 'odds_under': '2.28', 'bookmaker_name': 'BETFAN', 'period': 'FullTime'}, {'odds_over': '1.55', 'odds_under': '2.38', 'bookmaker_name': 'eFortuna.pl', 'period': 'FullTime'}, {'odds_over': '1.55', 'odds_under': '2.30', 'bookmaker_name': 'LV BET', 'period': 'FullTime'}]"
2025-08-16 23:50:53 UTC,2020-11-25 17:15:00 UTC,Sion,Servette,Super League 2020/2021,2,0,"1:0, 1:0",Stade de Tourbillon,Sion,Switzerland,"[{'odds_over': '1.82', 'odds_under': '1.93', 'bookmaker_name': 'Betclic.pl', 'period': 'FullTime'}, {'odds_over': '1.84', 'odds_under': '1.87', 'bookmaker_name': 'BETFAN', 'period': 'FullTime'}, {'odds_over': '1.90', 'odds_under': '1.90', 'bookmaker_name': 'eFortuna.pl', 'period': 'FullTime'}, {'odds_over': '1.84', 'odds_under': '1.88', 'bookmaker_name': 'LV BET', 'period': 'FullTime'}]"
2025-08-16 23:46:59 UTC,2020-11-28 17:15:00 UTC,Vaduz,Sion,Super League 2020/2021,4,1,"1:1, 3:0",Rheinpark Stadion,Vaduz,Liechtenstein,"[{'odds_over': '1.71', 'odds_under': '2.06', 'bookmaker_name': 'Betclic.pl', 'period': 'FullTime'}, {'odds_over': '1.70', 'odds_under': '2.04', 'bookmaker_name': 'BETFAN', 'period': 'FullTime'}, {'odds_over': '1.73', 'odds_under': '2.11', 'bookmaker_name': 'eFortuna.pl', 'period': 'FullTime'}, {'odds_over': '1.69', 'odds_under': '2.06', 'bookmaker_name': 'LV BET', 'period': 'FullTime'}]"
2025-08-16 23:42:15 UTC,2020-11-28 19:30:00 UTC,Servette,Luzern,Super League 2020/2021,1,3,"0:1, 1:2",Stade de Genève,Geneva,Switzerland,"[{'odds_over': '1.71', 'odds_under': '2.06', 'bookmaker_name': 'Betclic.pl', 'period': 'FullTime'}, {'odds_over': '1.70', 'odds_under': '2.04', 'bookmaker_name': 'BETFAN', 'period': 'FullTime'}, {'odds_over': '1.74', 'odds_under': '2.09', 'bookmaker_name': 'eFortuna.pl', 'period': 'FullTime'}, {'odds_over': '1.72', 'odds_under': '2.02', 'bookmaker_name': 'LV BET', 'period': 'FullTime'}]"
2025-08-16 23:43:21 UTC,2020-11-29 15:00:00 UTC,Lausanne,Young Boys,Super League 2020/2021,0,3,"0:1, 0:2",Stade de la Tuiliere,Lausanne,Switzerland,"[{'odds_over': '1.58', 'odds_under': '2.29', 'bookmaker_name': 'Betclic.pl', 'period': 'FullTime'}, {'odds_over': '1.57', 'odds_under': '2.26', 'bookmaker_name': 'BETFAN', 'period': 'FullTime'}, {'odds_over': '1.62', 'odds_under': '2.30', 'bookmaker_name': 'eFortuna.pl', 'period': 'FullTime'}, {'odds_over': '1.59', 'odds_under': '2.20', 'bookmaker_name': 'LV BET', 'period': 'FullTime'}]"
2025-08-16 23:59:11 UTC,2020-11-29 15:00:00 UTC,Lugano,Basel,Super League 2020/2021,1,0,"0:0, 1:0",Stadio di Cornaredo,Lugano,Switzerland,"[{'odds_over': '1.90', 'odds_under': '1.84', 'bookmaker_name': 'Betclic.pl', 'period': 'FullTime'}, {'odds_over': '1.84', 'odds_under': '1.86', 'bookmaker_name': 'BETFAN', 'period': 'FullTime'}, {'odds_over': '1.90', 'odds_under': '1.90', 'bookmaker_name': 'eFortuna.pl', 'period': 'FullTime'}, {'odds_over': '1.89', 'odds_under': '1.83', 'bookmaker_name': 'LV BET', 'period': 'FullTime'}]"
2025-08-16 23:35:02 UTC,2020-12-02 17:15:00 UTC,Lausanne,Vaduz,Super League 2020/2021,3,0,"0:0, 3:0",Stade de la Tuiliere,Lausanne,Switzerland,"[{'odds_over': '1.57', 'odds_under': '2.32', 'bookmaker_name': 'Betclic.pl', 'period': 'FullTime'}, {'odds_over': '1.55', 'odds_under': '2.29', 'bookmaker_name': 'BETFAN', 'period': 'FullTime'}, {'odds_over': '1.57', 'odds_under': '2.41', 'bookmaker_name': 'eFortuna.pl', 'period': 'FullTime'}, {'odds_over': '1.56', 'odds_under': '2.25', 'bookmaker_name': 'LV BET', 'period': 'FullTime'}]"
2025-08-16 23:44:05 UTC,2020-12-02 17:15:00 UTC,Servette,Zurich,Super League 2020/2021,2,1,"0:0, 2:1",Stade de Genève,Geneva,Switzerland,"[{'odds_over': '1.55', 'odds_under': '2.36', 'bookmaker_name': 'Betclic.pl', 'period': 'FullTime'}, {'odds_over': '1.57', 'odds_under': '2.26', 'bookmaker_name': 'BETFAN', 'period': 'FullTime'}, {'odds_over': '1.64', 'odds_under': '2.26', 'bookmaker_name': 'eFortuna.pl', 'period': 'FullTime'}, {'odds_over': '1.54', 'odds_under': '2.30', 'bookmaker_name': 'LV BET', 'period': 'FullTime'}]"
2025-08-16 23:46:09 UTC,2020-12-02 17:15:00 UTC,Luzern,Sion,Super League 2020/2021,2,0,"0:0, 2:0",Swissporarena,Luzern,Switzerland,"[{'odds_over': '1.89', 'odds_under': '1.85', 'bookmaker_name': 'Betclic.pl', 'period': 'FullTime'}, {'odds_over': '1.87', 'odds_under': '1.83', 'bookmaker_name': 'BETFAN', 'period': 'FullTime'}, {'odds_over': '1.87', 'odds_under': '1.89', 'bookmaker_name': 'eFortuna.pl', 'period': 'FullTime'}, {'odds_over': '1.87', 'odds_under': '1.85', 'bookmaker_name': 'LV BET', 'period': 'FullTime'}]"
2025-08-16 23:54:50 UTC,2020-12-05 19:30:00 UTC,Basel,Servette,Super League 2020/2021,1,0,"0:0, 1:0",St. Jakob-Park,Basel,Switzerland,"[{'odds_over': '1.46', 'odds_under': '2.60', 'bookmaker_name': 'Betclic.pl', 'period': 'FullTime'}, {'odds_over': '1.50', 'odds_under': '2.59', 'bookmaker_name': 'eFortuna.pl', 'period': 'FullTime'}, {'odds_over': '1.46', 'odds_under': '2.50', 'bookmaker_name': 'LV BET', 'period': 'FullTime'}]"
2025-08-16 23:50:11 UTC,2020-12-06 15:00:00 UTC,Luzern,Young Boys,Super League 2020/2021,2,3,"0:3, 2:0",Swissporarena,Luzern,Switzerland,"[{'odds_over': '1.59', 'odds_under': '2.26', 'bookmaker_name': 'Betclic.pl', 'period': 'FullTime'}, {'odds_over': '1.58', 'odds_under': '2.23', 'bookmaker_name': 'BETFAN', 'period': 'FullTime'}, {'odds_over': '1.60', 'odds_under': '2.34', 'bookmaker_name': 'eFortuna.pl', 'period': 'FullTime'}, {'odds_over': '1.57', 'odds_under': '2.25', 'bookmaker_name': 'LV BET', 'period': 'FullTime'}]"
2025-08-16 23:56:41 UTC,2020-12-06 15:00:00 UTC,Zurich,Lausanne,Super League 2020/2021,4,0,"2:0, 2:0",Letzigrund Stadion,Zürich,Switzerland,"[{'odds_over': '1.65', 'odds_under': '2.16', 'bookmaker_name': 'Betclic.pl', 'period': 'FullTime'}, {'odds_over': '1.63', 'odds_under': '2.14', 'bookmaker_name': 'BETFAN', 'period': 'FullTime'}, {'odds_over': '1.63', 'odds_under': '2.28', 'bookmaker_name': 'eFortuna.pl', 'period': 'FullTime'}, {'odds_over': '1.64', 'odds_under': '2.14', 'bookmaker_name': 'LV BET', 'period': 'FullTime'}]"
2025-08-16 23:54:28 UTC,2020-12-09 17:15:00 UTC,Zurich,St. Gallen,Super League 2020/2021,1,2,"1:2, 0:0",Letzigrund Stadion,Zürich,Switzerland,"[{'odds_over': '1.52', 'odds_under': '2.42', 'bookmaker_name': 'Betclic.pl', 'period': 'FullTime'}, {'odds_over': '1.57', 'odds_under': '2.25', 'bookmaker_name': 'BETFAN', 'period': 'FullTime'}, {'odds_over': '1.60', 'odds_under': '2.28', 'bookmaker_name': 'eFortuna.pl', 'period': 'FullTime'}, {'odds_over': '1.53', 'odds_under': '2.35', 'bookmaker_name': 'LV BET', 'period': 'FullTime'}]"
2025-08-16 23:59:54 UTC,2020-12-09 17:15:00 UTC,Vaduz,Servette,Super League 2020/2021,0,2,"0:1, 0:1",Rheinpark Stadion,Vaduz,Liechtenstein,"[{'odds_over': '1.64', 'odds_under': '2.18', 'bookmaker_name': 'Betclic.pl', 'period': 'FullTime'}, {'odds_over': '1.62', 'odds_under': '2.16', 'bookmaker_name': 'BETFAN', 'period': 'FullTime'}, {'odds_over': '1.73', 'odds_under': '2.11', 'bookmaker_name': 'eFortuna.pl', 'period': 'FullTime'}, {'odds_over': '1.63', 'odds_under': '2.16', 'bookmaker_name': 'LV BET', 'period': 'FullTime'}]"
2025-08-17 00:03:54 UTC,2020-12-09 17:15:00 UTC,Basel,Sion,Super League 2020/2021,4,2,"3:1, 1:1",St. Jakob-Park,Basel,Switzerland,"[{'odds_over': '1.61', 'odds_under': '2.22', 'bookmaker_name': 'Betclic.pl', 'period': 'FullTime'}, {'odds_over': '1.60', 'odds_under': '2.20', 'bookmaker_name': 'BETFAN', 'period': 'FullTime'}, {'odds_over': '1.66', 'odds_under': '2.22', 'bookmaker_name': 'eFortuna.pl', 'period': 'FullTime'}, {'odds_over': '1.57', 'odds_under': '2.25', 'bookmaker_name': 'LV BET', 'period': 'FullTime'}]"
2025-08-16 23:45:48 UTC,2020-12-12 17:15:00 UTC,Sion,Luzern,Super League 2020/2021,1,2,"0:0, 1:2",Stade de Tourbillon,Sion,Switzerland,"[{'odds_over': '1.84', 'odds_under': '1.90', 'bookmaker_name': 'Betclic.pl', 'period': 'FullTime'}, {'odds_over': '1.82', 'odds_under': '1.88', 'bookmaker_name': 'BETFAN', 'period': 'FullTime'}, {'odds_over': '1.88', 'odds_under': '1.88', 'bookmaker_name': 'eFortuna.pl', 'period': 'FullTime'}, {'odds_over': '1.80', 'odds_under': '1.92', 'bookmaker_name': 'LV BET', 'period': 'FullTime'}]"
2025-08-16 23:45:28 UTC,2020-12-12 19:30:00 UTC,Vaduz,Basel,Super League 2020/2021,0,2,"0:0, 0:2",Rheinpark Stadion,Vaduz,Liechtenstein,"[{'odds_over': '1.51', 'odds_under': '2.46', 'bookmaker_name': 'Betclic.pl', 'period': 'FullTime'}, {'odds_over': '1.50', 'odds_under': '2.52', 'bookmaker_name': 'eFortuna.pl', 'period': 'FullTime'}, {'odds_over': '1.51', 'odds_under': '2.40', 'bookmaker_name': 'LV BET', 'period': 'FullTime'}]"
2025-08-16 23:53:45 UTC,2020-12-13 15:00:00 UTC,Lugano,Zurich,Super League 2020/2021,0,1,"0:0, 0:1",Stadio di Cornaredo,Lugano,Switzerland,"[{'odds_over': '1.93', 'odds_under': '1.81', 'bookmaker_name': 'Betclic.pl', 'period': 'FullTime'}, {'odds_over': '1.92', 'odds_under': '1.79', 'bookmaker_name': 'BETFAN', 'period': 'FullTime'}, {'odds_over': '1.88', 'odds_under': '1.92', 'bookmaker_name': 'eFortuna.pl', 'period': 'FullTime'}, {'odds_over': '1.93', 'odds_under': '1.79', 'bookmaker_name': 'LV BET', 'period': 'FullTime'}]"
2025-08-16 23:58:29 UTC,2020-12-13 15:00:00 UTC,Lausanne,St. Gallen,Super League 2020/2021,0,1,"0:0, 0:1",Stade de la Tuiliere,Lausanne,Switzerland,"[{'odds_over': '1.52', 'odds_under': '2.43', 'bookmaker_name': 'Betclic.pl', 'period': 'FullTime'}, {'odds_over': '1.57', 'odds_under': '2.25', 'bookmaker_name': 'BETFAN', 'period': 'FullTime'}, {'odds_over': '1.60', 'odds_under': '2.34', 'bookmaker_name': 'eFortuna.pl', 'period': 'FullTime'}, {'odds_over': '1.51', 'odds_under': '2.40', 'bookmaker_name': 'LV BET', 'period': 'FullTime'}]"
2025-08-17 00:04:36 UTC,2020-12-13 15:00:00 UTC,Young Boys,Servette,Super League 2020/2021,1,2,"0:1, 1:1",Stadion Wankdorf,Bern,Switzerland,"[{'odds_over': '1.42', 'odds_under': '2.75', 'bookmaker_name': 'Betclic.pl', 'period': 'FullTime'}, {'odds_over': '1.52', 'odds_under': '2.26', 'bookmaker_name': 'BETFAN', 'period': 'FullTime'}, {'odds_over': '1.45', 'odds_under': '2.76', 'bookmaker_name': 'eFortuna.pl', 'period': 'FullTime'}, {'odds_over': '1.41', 'odds_under': '2.65', 'bookmaker_name': 'LV BET', 'period': 'FullTime'}]"
2025-08-16 23:53:23 UTC,2020-12-16 17:15:00 UTC,Luzern,Zurich,Super League 2020/2021,0,0,"0:0, 0:0",Swissporarena,Luzern,Switzerland,"[{'odds_over': '1.70', 'odds_under': '2.08', 'bookmaker_name': 'Betclic.pl', 'period': 'FullTime'}, {'odds_over': '1.68', 'odds_under': '2.06', 'bookmaker_name': 'BETFAN', 'period': 'FullTime'}, {'odds_over': '1.75', 'odds_under': '2.08', 'bookmaker_name': 'eFortuna.pl', 'period': 'FullTime'}, {'odds_over': '1.67', 'odds_under': '2.09', 'bookmaker_name': 'LV BET', 'period': 'FullTime'}]"
2025-08-16 23:35:02 UTC,2020-12-16 19:30:00 UTC,Basel,Young Boys,Super League 2020/2021,0,2,"0:2, 0:0",St. Jakob-Park,Basel,Switzerland,"[{'odds_over': '1.48', 'odds_under': '2.55', 'bookmaker_name': 'Betclic.pl', 'period': 'FullTime'}, {'odds_over': '1.50', 'odds_under': '2.59', 'bookmaker_name': 'eFortuna.pl', 'period': 'FullTime'}, {'odds_over': '1.45', 'odds_under': '2.55', 'bookmaker_name': 'LV BET', 'period': 'FullTime'}]"
2025-08-16 23:35:45 UTC,2020-12-16 19:30:00 UTC,St. Gallen,Lugano,Super League 2020/2021,0,0,"0:0, 0:0",Kybunpark,St. Gallen,Switzerland,"[{'odds_over': '1.70', 'odds_under': '2.08', 'bookmaker_name': 'Betclic.pl', 'period': 'FullTime'}, {'odds_over': '1.69', 'odds_under': '2.05', 'bookmaker_name': 'BETFAN', 'period': 'FullTime'}, {'odds_over': '1.68', 'odds_under': '2.19', 'bookmaker_name': 'eFortuna.pl', 'period': 'FullTime'}, {'odds_over': '1.71', 'odds_under': '2.03', 'bookmaker_name': 'LV BET', 'period': 'FullTime'}]"
2025-08-16 23:39:49 UTC,2020-12-17 17:15:00 UTC,Vaduz,Lausanne,Super League 2020/2021,0,2,"0:0, 0:2",Rheinpark Stadion,Vaduz,Liechtenstein,"[{'odds_over': '1.67', 'odds_under': '2.13', 'bookmaker_name': 'Betclic.pl', 'period': 'FullTime'}, {'odds_over': '1.65', 'odds_under': '2.10', 'bookmaker_name': 'BETFAN', 'period': 'FullTime'}, {'odds_over': '1.63', 'odds_under': '2.28', 'bookmaker_name': 'eFortuna.pl', 'period': 'FullTime'}, {'odds_over': '1.69', 'odds_under': '2.06', 'bookmaker_name': 'LV BET', 'period': 'FullTime'}]"
2025-08-16 23:41:58 UTC,2020-12-17 19:30:00 UTC,Servette,Sion,Super League 2020/2021,1,1,"0:1, 1:0",Stade de Genève,Geneva,Switzerland,"[{'odds_over': '1.62', 'odds_under': '2.22', 'bookmaker_name': 'Betclic.pl', 'period': 'FullTime'}, {'odds_over': '1.60', 'odds_under': '2.19', 'bookmaker_name': 'BETFAN', 'period': 'FullTime'}, {'odds_over': '1.67', 'odds_under': '2.20', 'bookmaker_name': 'eFortuna.pl', 'period': 'FullTime'}, {'odds_over': '1.62', 'odds_under': '2.18', 'bookmaker_name': 'LV BET', 'period': 'FullTime'}]"
2025-08-16 23:40:54 UTC,2020-12-19 17:15:00 UTC,Young Boys,Lugano,Super League 2020/2021,2,2,"2:1, 0:1",Stadion Wankdorf,Bern,Switzerland,"[{'odds_over': '1.76', 'odds_under': '1.99', 'bookmaker_name': 'Betclic.pl', 'period': 'FullTime'}, {'odds_over': '1.75', 'odds_under': '1.97', 'bookmaker_name': 'BETFAN', 'period': 'FullTime'}, {'odds_over': '1.80', 'odds_under': '2.01', 'bookmaker_name': 'eFortuna.pl', 'period': 'FullTime'}, {'odds_over': '1.76', 'odds_under': '1.96', 'bookmaker_name': 'LV BET', 'period': 'FullTime'}]"
2025-08-16 23:37:36 UTC,2020-12-19 19:30:00 UTC,Basel,St. Gallen,Super League 2020/2021,0,0,"0:0, 0:0",St. Jakob-Park,Basel,Switzerland,"[{'odds_over': '1.46', 'odds_under': '2.60', 'bookmaker_name': 'Betclic.pl', 'period': 'FullTime'}, {'odds_over': '1.46', 'odds_under': '2.72', 'bookmaker_name': 'eFortuna.pl', 'period': 'FullTime'}, {'odds_over': '1.45', 'odds_under': '2.55', 'bookmaker_name': 'LV BET', 'period': 'FullTime'}]"
2025-08-16 23:39:06 UTC,2020-12-20 15:00:00 UTC,Lausanne,Luzern,Super League 2020/2021,2,1,"0:1, 2:0",Stade de la Tuiliere,Lausanne,Switzerland,"[{'odds_over': '1.78', 'odds_under': '1.97', 'bookmaker_name': 'Betclic.pl', 'period': 'FullTime'}, {'odds_over': '1.76', 'odds_under': '1.95', 'bookmaker_name': 'BETFAN', 'period': 'FullTime'}, {'odds_over': '1.82', 'odds_under': '1.99', 'bookmaker_name': 'eFortuna.pl', 'period': 'FullTime'}, {'odds_over': '1.80', 'odds_under': '1.92', 'bookmaker_name': 'LV BET', 'period': 'FullTime'}]"
2025-08-17 00:02:08 UTC,2020-12-20 15:00:00 UTC,Sion,Vaduz,Super League 2020/2021,2,1,"0:0, 2:1",Stade de Tourbillon,Sion,Switzerland,"[{'odds_over': '1.83', 'odds_under': '1.92', 'bookmaker_name': 'Betclic.pl', 'period': 'FullTime'}, {'odds_over': '1.81', 'odds_under': '1.90', 'bookmaker_name': 'BETFAN', 'period': 'FullTime'}, {'odds_over': '1.85', 'odds_under': '1.95', 'bookmaker_name': 'eFortuna.pl', 'period': 'FullTime'}, {'odds_over': '1.83', 'odds_under': '1.89', 'bookmaker_name': 'LV BET', 'period': 'FullTime'}]"
2025-08-17 00:02:48 UTC,2020-12-20 15:00:00 UTC,Zurich,Servette,Super League 2020/2021,0,1,"0:0, 0:1",Letzigrund Stadion,Zürich,Switzerland,"[{'odds_over': '1.60', 'odds_under': '2.25', 'bookmaker_name': 'Betclic.pl', 'period': 'FullTime'}, {'odds_over': '1.59', 'odds_under': '2.23', 'bookmaker_name': 'BETFAN', 'period': 'FullTime'}, {'odds_over': '1.61', 'odds_under': '2.31', 'bookmaker_name': 'eFortuna.pl', 'period': 'FullTime'}, {'odds_over': '1.58', 'odds_under': '2.20', 'bookmaker_name': 'LV BET', 'period': 'FullTime'}]"
2025-08-16 23:47:38 UTC,2020-12-22 19:30:00 UTC,St. Gallen,Young Boys,Super League 2020/2021,1,2,"0:0, 1:2",Kybunpark,St. Gallen,Switzerland,"[{'odds_over': '1.42', 'odds_under': '2.75', 'bookmaker_name': 'Betclic.pl', 'period': 'FullTime'}, {'odds_over': '1.43', 'odds_under': '2.84', 'bookmaker_name': 'eFortuna.pl', 'period': 'FullTime'}, {'odds_over': '1.40', 'odds_under': '2.75', 'bookmaker_name': 'LV BET', 'period': 'FullTime'}]"
2025-08-16 23:36:30 UTC,2020-12-23 17:15:00 UTC,Luzern,Basel,Super League 2020/2021,1,2,"0:2, 1:0",Swissporarena,Luzern,Switzerland,"[{'odds_over': '1.60', 'odds_under': '2.24', 'bookmaker_name': 'Betclic.pl', 'period': 'FullTime'}, {'odds_over': '1.59', 'odds_under': '2.22', 'bookmaker_name': 'BETFAN', 'period': 'FullTime'}, {'odds_over': '1.68', 'odds_under': '2.19', 'bookmaker_name': 'eFortuna.pl', 'period': 'FullTime'}, {'odds_over': '1.60', 'odds_under': '2.20', 'bookmaker_name': 'LV BET', 'period': 'FullTime'}]"
2025-08-17 00:04:15 UTC,2020-12-23 17:15:00 UTC,Servette,Vaduz,Super League 2020/2021,1,1,"0:0, 1:1",Stade de Genève,Geneva,Switzerland,"[{'odds_over': '1.67', 'odds_under': '2.12', 'bookmaker_name': 'Betclic.pl', 'period': 'FullTime'}, {'odds_over': '1.66', 'odds_under': '2.09', 'bookmaker_name': 'BETFAN', 'period': 'FullTime'}, {'odds_over': '1.74', 'odds_under': '2.09', 'bookmaker_name': 'eFortuna.pl', 'period': 'FullTime'}, {'odds_over': '1.67', 'odds_under': '2.09', 'bookmaker_name': 'LV BET', 'period': 'FullTime'}]"
2025-08-16 23:39:44 UTC,2020-12-23 19:30:00 UTC,Zurich,Sion,Super League 2020/2021,0,0,"0:0, 0:0",Letzigrund Stadion,Zürich,Switzerland,"[{'odds_over': '1.70', 'odds_under': '2.07', 'bookmaker_name': 'Betclic.pl', 'period': 'FullTime'}, {'odds_over': '1.72', 'odds_under': '2.00', 'bookmaker_name': 'BETFAN', 'period': 'FullTime'}, {'odds_over': '1.63', 'odds_under': '2.28', 'bookmaker_name': 'eFortuna.pl', 'period': 'FullTime'}, {'odds_over': '1.71', 'odds_under': '2.03', 'bookmaker_name': 'LV BET', 'period': 'FullTime'}]"
2025-08-17 00:05:42 UTC,2020-12-23 19:30:00 UTC,Lugano,Lausanne,Super League 2020/2021,0,0,"0:0, 0:0",Stadio di Cornaredo,Lugano,Switzerland,"[{'odds_over': '2.13', 'odds_under': '1.67', 'bookmaker_name': 'Betclic.pl', 'period': 'FullTime'}, {'odds_over': '2.10', 'odds_under': '1.65', 'bookmaker_name': 'BETFAN', 'period': 'FullTime'}, {'odds_over': '2.08', 'odds_under': '1.75', 'bookmaker_name': 'eFortuna.pl', 'period': 'FullTime'}, {'odds_over': '2.08', 'odds_under': '1.68', 'bookmaker_name': 'LV BET', 'period': 'FullTime'}]"
2025-08-17 00:03:52 UTC,2021-01-17 15:00:00 UTC,Sion,Lugano,Super League 2020/2021,1,1,"0:0, 1:1",Stade de Tourbillon,Sion,Switzerland,"[{'odds_over': '2.24', 'odds_under': '1.61', 'bookmaker_name': 'Betclic.pl', 'period': 'FullTime'}, {'odds_over': '2.21', 'odds_under': '1.59', 'bookmaker_name': 'BETFAN', 'period': 'FullTime'}, {'odds_over': '2.20', 'odds_under': '1.67', 'bookmaker_name': 'eFortuna.pl', 'period': 'FullTime'}, {'odds_over': '2.20', 'odds_under': '1.58', 'bookmaker_name': 'LV BET', 'period': 'FullTime'}]"
2025-08-16 23:36:05 UTC,2021-01-20 17:00:00 UTC,St. Gallen,Vaduz,Super League 2020/2021,2,0,"0:0, 2:0",Kybunpark,St. Gallen,Switzerland,"[{'odds_over': '1.60', 'odds_under': '2.25', 'bookmaker_name': 'Betclic.pl', 'period': 'FullTime'}, {'odds_over': '1.58', 'odds_under': '2.23', 'bookmaker_name': 'BETFAN', 'period': 'FullTime'}, {'odds_over': '1.62', 'odds_under': '2.30', 'bookmaker_name': 'eFortuna.pl', 'period': 'FullTime'}, {'odds_over': '1.59', 'odds_under': '2.20', 'bookmaker_name': 'LV BET', 'period': 'FullTime'}]"
2025-08-16 23:54:27 UTC,2021-01-20 17:00:00 UTC,Lugano,Young Boys,Super League 2020/2021,0,2,"0:0, 0:2",Stadio di Cornaredo,Lugano,Switzerland,"[{'odds_over': '1.84', 'odds_under': '1.90', 'bookmaker_name': 'Betclic.pl', 'period': 'FullTime'}, {'odds_over': '1.86', 'odds_under': '1.84', 'bookmaker_name': 'BETFAN', 'period': 'FullTime'}, {'odds_over': '1.88', 'odds_under': '1.92', 'bookmaker_name': 'eFortuna.pl', 'period': 'FullTime'}, {'odds_over': '1.85', 'odds_under': '1.87', 'bookmaker_name': 'LV BET', 'period': 'FullTime'}]"
2025-08-16 23:53:02 UTC,2021-01-23 17:15:00 UTC,Lausanne,Sion,Super League 2020/2021,0,1,"0:1, 0:0",Stade de la Tuiliere,Lausanne,Switzerland,"[{'odds_over': '1.74', 'odds_under': '2.02', 'bookmaker_name': 'Betclic.pl', 'period': 'FullTime'}, {'odds_over': '1.72', 'odds_under': '2.00', 'bookmaker_name': 'BETFAN', 'period': 'FullTime'}, {'odds_over': '1.72', 'odds_under': '2.12', 'bookmaker_name': 'eFortuna.pl', 'period': 'FullTime'}, {'odds_over': '1.70', 'odds_under': '2.05', 'bookmaker_name': 'LV BET', 'period': 'FullTime'}]"
2025-08-16 23:58:07 UTC,2021-01-23 19:30:00 UTC,Basel,Zurich,Super League 2020/2021,1,4,"0:0, 1:4",St. Jakob-Park,Basel,Switzerland,"[{'odds_over': '1.54', 'odds_under': '2.37', 'bookmaker_name': 'Betclic.pl', 'period': 'FullTime'}, {'odds_over': '1.56', 'odds_under': '2.29', 'bookmaker_name': 'BETFAN', 'period': 'FullTime'}, {'odds_over': '1.57', 'odds_under': '2.41', 'bookmaker_name': 'eFortuna.pl', 'period': 'FullTime'}, {'odds_over': '1.51', 'odds_under': '2.40', 'bookmaker_name': 'LV BET', 'period': 'FullTime'}]"
2025-08-16 23:57:43 UTC,2021-01-24 15:00:00 UTC,Vaduz,Young Boys,Super League 2020/2021,0,0,"0:0, 0:0",Rheinpark Stadion,Vaduz,Liechtenstein,"[{'odds_over': '1.60', 'odds_under': '2.24', 'bookmaker_name': 'Betclic.pl', 'period': 'FullTime'}, {'odds_over': '1.59', 'odds_under': '2.21', 'bookmaker_name': 'BETFAN', 'period': 'FullTime'}, {'odds_over': '1.52', 'odds_under': '2.51', 'bookmaker_name': 'eFortuna.pl', 'period': 'FullTime'}, {'odds_over': '1.63', 'odds_under': '2.16', 'bookmaker_name': 'LV BET', 'period': 'FullTime'}]"
2025-08-17 00:00:38 UTC,2021-01-24 15:00:00 UTC,St. Gallen,Lugano,Super League 2020/2021,0,1,"0:0, 0:1",Kybunpark,St. Gallen,Switzerland,"[{'odds_over': '1.91', 'odds_under': '1.83', 'bookmaker_name': 'Betclic.pl', 'period': 'FullTime'}, {'odds_over': '1.89', 'odds_under': '1.81', 'bookmaker_name': 'BETFAN', 'period': 'FullTime'}, {'odds_over': '1.86', 'odds_under': '1.92', 'bookmaker_name': 'eFortuna.pl', 'period': 'FullTime'}, {'odds_over': '1.91', 'odds_under': '1.81', 'bookmaker_name': 'LV BET', 'period': 'FullTime'}]"
2025-08-16 23:41:12 UTC,2021-01-27 17:15:00 UTC,Zurich,Vaduz,Super League 2020/2021,0,1,"0:0, 0:1",Letzigrund Stadion,Zürich,Switzerland,"[{'odds_over': '1.76', 'odds_under': '1.99', 'bookmaker_name': 'Betclic.pl', 'period': 'FullTime'}, {'odds_over': '1.75', 'odds_under': '1.97', 'bookmaker_name': 'BETFAN', 'period': 'FullTime'}, {'odds_over': '1.78', 'odds_under': '2.04', 'bookmaker_name': 'eFortuna.pl', 'period': 'FullTime'}, {'odds_over': '1.76', 'odds_under': '1.96', 'bookmaker_name': 'LV BET', 'period': 'FullTime'}]"
2025-08-17 00:04:37 UTC,2021-01-28 19:30:00 UTC,Sion,Basel,Super League 2020/2021,2,3,"0:2, 2:1",Stade de Tourbillon,Sion,Switzerland,"[{'odds_over': '1.63', 'odds_under': '2.19', 'bookmaker_name': 'Betclic.pl', 'period': 'FullTime'}, {'odds_over': '1.61', 'odds_under': '2.17', 'bookmaker_name': 'BETFAN', 'period': 'FullTime'}, {'odds_over': '1.60', 'odds_under': '2.28', 'bookmaker_name': 'eFortuna.pl', 'period': 'FullTime'}, {'odds_over': '1.62', 'odds_under': '2.18', 'bookmaker_name': 'LV BET', 'period': 'FullTime'}]"
2025-08-16 23:42:59 UTC,2021-01-30 19:30:00 UTC,St. Gallen,Zurich,Super League 2020/2021,2,3,"2:3, 0:0",Kybunpark,St. Gallen,Switzerland,"[{'odds_over': '1.52', 'odds_under': '2.42', 'bookmaker_name': 'Betclic.pl', 'period': 'FullTime'}, {'odds_over': '1.54', 'odds_under': '2.32', 'bookmaker_name': 'BETFAN', 'period': 'FullTime'}, {'odds_over': '1.56', 'odds_under': '2.43', 'bookmaker_name': 'eFortuna.pl', 'period': 'FullTime'}, {'odds_over': '1.51', 'odds_under': '2.40', 'bookmaker_name': 'LV BET', 'period': 'FullTime'}]"
2025-08-16 23:43:22 UTC,2021-01-31 15:00:00 UTC,Servette,Lausanne,Super League 2020/2021,1,1,"0:1, 1:0",Stade de Genève,Geneva,Switzerland,"[{'odds_over': '1.74', 'odds_under': '2.02', 'bookmaker_name': 'Betclic.pl', 'period': 'FullTime'}, {'odds_over': '1.73', 'odds_under': '2.00', 'bookmaker_name': 'BETFAN', 'period': 'FullTime'}, {'odds_over': '1.78', 'odds_under': '2.04', 'bookmaker_name': 'eFortuna.pl', 'period': 'FullTime'}, {'odds_over': '1.74', 'odds_under': '1.98', 'bookmaker_name': 'LV BET', 'period': 'FullTime'}]"
2025-08-16 23:44:04 UTC,2021-01-31 15:00:00 UTC,Basel,Lugano,Super League 2020/2021,2,2,"0:1, 2:1",St. Jakob-Park,Basel,Switzerland,"[{'odds_over': '2.00', 'odds_under': '1.76', 'bookmaker_name': 'Betclic.pl', 'period': 'FullTime'}, {'odds_over': '1.98', 'odds_under': '1.74', 'bookmaker_name': 'BETFAN', 'period': 'FullTime'}, {'odds_over': '1.98', 'odds_under': '1.83', 'bookmaker_name': 'eFortuna.pl', 'period': 'FullTime'}, {'odds_over': '1.96', 'odds_under': '1.76', 'bookmaker_name': 'LV BET', 'period': 'FullTime'}]"
2025-08-16 23:51:37 UTC,2021-01-31 15:00:00 UTC,Young Boys,Sion,Super League 2020/2021,2,1,"2:1, 0:0",Stadion Wankdorf,Bern,Switzerland,"[{'odds_over': '1.52', 'odds_under': '2.44', 'bookmaker_name': 'Betclic.pl', 'period': 'FullTime'}, {'odds_over': '1.50', 'odds_under': '2.58', 'bookmaker_name': 'eFortuna.pl', 'period': 'FullTime'}, {'odds_over': '1.49', 'odds_under': '2.45', 'bookmaker_name': 'LV BET', 'period': 'FullTime'}]"
2025-08-16 23:58:04 UTC,2021-02-03 17:15:00 UTC,Zurich,Young Boys,Super League 2020/2021,1,4,"0:3, 1:1",Letzigrund Stadion,Zürich,Switzerland,"[{'odds_over': '1.62', 'odds_under': '2.20', 'bookmaker_name': 'Betclic.pl', 'period': 'FullTime'}, {'odds_over': '1.61', 'odds_under': '2.18', 'bookmaker_name': 'BETFAN', 'period': 'FullTime'}, {'odds_over': '1.67', 'odds_under': '2.20', 'bookmaker_name': 'eFortuna.pl', 'period': 'FullTime'}, {'odds_over': '1.64', 'odds_under': '2.14', 'bookmaker_name': 'LV BET', 'period': 'FullTime'}]"
2025-08-16 23:47:42 UTC,2021-02-03 19:30:00 UTC,Sion,St. Gallen,Super League 2020/2021,3,2,"1:1, 2:1",Stade de Tourbillon,Sion,Switzerland,"[{'odds_over': '1.64', 'odds_under': '2.17', 'bookmaker_name': 'Betclic.pl', 'period': 'FullTime'}, {'odds_over': '1.63', 'odds_under': '2.14', 'bookmaker_name': 'BETFAN', 'period': 'FullTime'}, {'odds_over': '1.72', 'odds_under': '2.12', 'bookmaker_name': 'eFortuna.pl', 'period': 'FullTime'}, {'odds_over': '1.66', 'odds_under': '2.11', 'bookmaker_name': 'LV BET', 'period': 'FullTime'}]"
2025-08-17 00:01:25 UTC,2021-02-03 19:30:00 UTC,Lugano,Vaduz,Super League 2020/2021,1,1,"1:1, 0:0",Stadio di Cornaredo,Lugano,Switzerland,"[{'odds_over': '2.26', 'odds_under': '1.59', 'bookmaker_name': 'Betclic.pl', 'period': 'FullTime'}, {'odds_over': '2.35', 'odds_under': '1.53', 'bookmaker_name': 'BETFAN', 'period': 'FullTime'}, {'odds_over': '2.24', 'odds_under': '1.65', 'bookmaker_name': 'eFortuna.pl', 'period': 'FullTime'}, {'odds_over': '2.35', 'odds_under': '1.53', 'bookmaker_name': 'LV BET', 'period': 'FullTime'}]"
2025-08-17 00:01:21 UTC,2021-02-04 17:15:00 UTC,Luzern,Servette,Super League 2020/2021,3,0,"1:0, 2:0",Swissporarena,Luzern,Switzerland,"[{'odds_over': '1.66', 'odds_under': '2.14', 'bookmaker_name': 'Betclic.pl', 'period': 'FullTime'}, {'odds_over': '1.65', 'odds_under': '2.12', 'bookmaker_name': 'BETFAN', 'period': 'FullTime'}, {'odds_over': '1.70', 'odds_under': '2.15', 'bookmaker_name': 'eFortuna.pl', 'period': 'FullTime'}, {'odds_over': '1.66', 'odds_under': '2.11', 'bookmaker_name': 'LV BET', 'period': 'FullTime'}]"
2025-08-17 00:07:09 UTC,2021-02-04 19:30:00 UTC,Lausanne,Basel,Super League 2020/2021,1,3,"0:1, 1:2",Stade de la Tuiliere,Lausanne,Switzerland,"[{'odds_over': '1.62', 'odds_under': '2.21', 'bookmaker_name': 'Betclic.pl', 'period': 'FullTime'}, {'odds_over': '1.60', 'odds_under': '2.19', 'bookmaker_name': 'BETFAN', 'period': 'FullTime'}, {'odds_over': '1.68', 'odds_under': '2.19', 'bookmaker_name': 'eFortuna.pl', 'period': 'FullTime'}, {'odds_over': '1.62', 'odds_under': '2.18', 'bookmaker_name': 'LV BET', 'period': 'FullTime'}]"
2025-08-16 23:53:45 UTC,2021-02-06 19:30:00 UTC,Vaduz,Zurich,Super League 2020/2021,3,2,"0:1, 3:1",Rheinpark Stadion,Vaduz,Liechtenstein,"[{'odds_over': '1.85', 'odds_under': '1.89', 'bookmaker_name': 'Betclic.pl', 'period': 'FullTime'}, {'odds_over': '1.84', 'odds_under': '1.87', 'bookmaker_name': 'BETFAN', 'period': 'FullTime'}, {'odds_over': '1.86', 'odds_under': '1.94', 'bookmaker_name': 'eFortuna.pl', 'period': 'FullTime'}, {'odds_over': '1.84', 'odds_under': '1.88', 'bookmaker_name': 'LV BET', 'period': 'FullTime'}]"
2025-08-16 23:46:15 UTC,2021-02-07 15:00:00 UTC,Servette,Luzern,Super League 2020/2021,4,2,"2:1, 2:1",Stade de Genève,Geneva,Switzerland,"[{'odds_over': '1.66', 'odds_under': '2.14', 'bookmaker_name': 'Betclic.pl', 'period': 'FullTime'}, {'odds_over': '1.61', 'odds_under': '2.18', 'bookmaker_name': 'BETFAN', 'period': 'FullTime'}, {'odds_over': '1.70', 'odds_under': '2.15', 'bookmaker_name': 'eFortuna.pl', 'period': 'FullTime'}, {'odds_over': '1.59', 'odds_under': '2.20', 'bookmaker_name': 'LV BET', 'period': 'FullTime'}]"
2025-08-16 23:55:32 UTC,2021-02-07 15:00:00 UTC,Basel,Sion,Super League 2020/2021,2,2,"2:0, 0:2",St. Jakob-Park,Basel,Switzerland,"[{'odds_over': '1.52', 'odds_under': '2.43', 'bookmaker_name': 'Betclic.pl', 'period': 'FullTime'}, {'odds_over': '1.56', 'odds_under': '2.23', 'bookmaker_name': 'BETFAN', 'period': 'FullTime'}, {'odds_over': '1.59', 'odds_under': '2.36', 'bookmaker_name': 'eFortuna.pl', 'period': 'FullTime'}, {'odds_over': '1.51', 'odds_under': '2.40', 'bookmaker_name': 'LV BET', 'period': 'FullTime'}]"
2025-08-16 23:57:00 UTC,2021-02-07 15:00:00 UTC,Young Boys,Lausanne,Super League 2020/2021,4,2,"4:0, 0:2",Stadion Wankdorf,Bern,Switzerland,"[{'odds_over': '1.56', 'odds_under': '2.33', 'bookmaker_name': 'Betclic.pl', 'period': 'FullTime'}, {'odds_over': '1.55', 'odds_under': '2.30', 'bookmaker_name': 'BETFAN', 'period': 'FullTime'}, {'odds_over': '1.58', 'odds_under': '2.39', 'bookmaker_name': 'eFortuna.pl', 'period': 'FullTime'}, {'odds_over': '1.60', 'odds_under': '2.20', 'bookmaker_name': 'LV BET', 'period': 'FullTime'}]"
2025-08-16 23:43:42 UTC,2021-02-10 17:15:00 UTC,Luzern,Lugano,Super League 2020/2021,1,1,"0:1, 1:0",Swissporarena,Luzern,Switzerland,"[{'odds_over': '2.01', 'odds_under': '1.75', 'bookmaker_name': 'Betclic.pl', 'period': 'FullTime'}, {'odds_over': '1.99', 'odds_under': '1.73', 'bookmaker_name': 'BETFAN', 'period': 'FullTime'}, {'odds_over': '2.04', 'odds_under': '1.78', 'bookmaker_name': 'eFortuna.pl', 'period': 'FullTime'}, {'odds_over': '2.01', 'odds_under': '1.72', 'bookmaker_name': 'LV BET', 'period': 'FullTime'}]"
2025-08-17 00:05:42 UTC,2021-02-10 17:15:00 UTC,Servette,St. Gallen,Super League 2020/2021,2,2,"1:1, 1:1",Stade de Genève,Geneva,Switzerland,"[{'odds_over': '1.48', 'odds_under': '2.50', 'bookmaker_name': 'Betclic.pl', 'period': 'FullTime'}, {'odds_over': '1.54', 'odds_under': '2.22', 'bookmaker_name': 'BETFAN', 'period': 'FullTime'}, {'odds_over': '1.49', 'odds_under': '2.58', 'bookmaker_name': 'eFortuna.pl', 'period': 'FullTime'}, {'odds_over': '1.46', 'odds_under': '2.50', 'bookmaker_name': 'LV BET', 'period': 'FullTime'}]"
2025-08-16 23:46:36 UTC,2021-02-10 19:30:00 UTC,Young Boys,Lausanne,Super League 2020/2021,1,0,"1:0, 0:0",Stadion Wankdorf,Bern,Switzerland,"[{'odds_over': '1.49', 'odds_under': '2.50', 'bookmaker_name': 'Betclic.pl', 'period': 'FullTime'}, {'odds_over': '1.67', 'odds_under': '2.08', 'bookmaker_name': 'BETFAN', 'period': 'FullTime'}, {'odds_over': '1.55', 'odds_under': '2.45', 'bookmaker_name': 'eFortuna.pl', 'period': 'FullTime'}, {'odds_over': '1.49', 'odds_under': '2.45', 'bookmaker_name': 'LV BET', 'period': 'FullTime'}]"
2025-08-16 23:36:53 UTC,2021-02-13 17:15:00 UTC,Lausanne,Servette,Super League 2020/2021,3,1,"2:0, 1:1",Stade de la Tuiliere,Lausanne,Switzerland,"[{'odds_over': '1.66', 'odds_under': '2.14', 'bookmaker_name': 'Betclic.pl', 'period': 'FullTime'}, {'odds_over': '1.65', 'odds_under': '2.11', 'bookmaker_name': 'BETFAN', 'period': 'FullTime'}, {'odds_over': '1.72', 'odds_under': '2.07', 'bookmaker_name': 'eFortuna.pl', 'period': 'FullTime'}, {'odds_over': '1.64', 'odds_under': '2.13', 'bookmaker_name': 'LV BET', 'period': 'FullTime'}]"
2025-08-16 23:37:15 UTC,2021-02-13 19:30:00 UTC,Sion,St. Gallen,Super League 2020/2021,1,1,"1:0, 0:1",Stade de Tourbillon,Sion,Switzerland,"[{'odds_over': '1.52', 'odds_under': '2.43', 'bookmaker_name': 'Betclic.pl', 'period': 'FullTime'}, {'odds_over': '1.57', 'odds_under': '2.27', 'bookmaker_name': 'BETFAN', 'period': 'FullTime'}, {'odds_over': '1.57', 'odds_under': '2.34', 'bookmaker_name': 'eFortuna.pl', 'period': 'FullTime'}, {'odds_over': '1.51', 'odds_under': '2.40', 'bookmaker_name': 'LV BET', 'period': 'FullTime'}]"
2025-08-16 23:55:52 UTC,2021-02-14 15:00:00 UTC,Luzern,Vaduz,Super League 2020/2021,4,0,"2:0, 2:0",Swissporarena,Luzern,Switzerland,"[{'odds_over': '1.82', 'odds_under': '1.92', 'bookmaker_name': 'Betclic.pl', 'period': 'FullTime'}, {'odds_over': '1.81', 'odds_under': '1.90', 'bookmaker_name': 'BETFAN', 'period': 'FullTime'}, {'odds_over': '1.82', 'odds_under': '1.99', 'bookmaker_name': 'eFortuna.pl', 'period': 'FullTime'}, {'odds_over': '1.80', 'odds_under': '1.92', 'bookmaker_name': 'LV BET', 'period': 'FullTime'}]"
2025-08-17 00:00:38 UTC,2021-02-14 15:00:00 UTC,Lugano,Young Boys,Super League 2020/2021,1,3,"0:3, 1:0",Stadio di Cornaredo,Lugano,Switzerland,"[{'odds_over': '1.89', 'odds_under': '1.85', 'bookmaker_name': 'Betclic.pl', 'period': 'FullTime'}, {'odds_over': '1.92', 'odds_under': '1.79', 'bookmaker_name': 'BETFAN', 'period': 'FullTime'}, {'odds_over': '1.94', 'odds_under': '1.86', 'bookmaker_name': 'eFortuna.pl', 'period': 'FullTime'}, {'odds_over': '1.91', 'odds_under': '1.81', 'bookmaker_name': 'LV BET', 'period': 'FullTime'}]"
2025-08-17 00:06:02 UTC,2021-02-14 15:00:00 UTC,Zurich,Basel,Super League 2020/2021,2,0,"1:0, 1:0",Letzigrund Stadion,Zürich,Switzerland,"[{'odds_over': '1.56', 'odds_under': '2.32', 'bookmaker_name': 'Betclic.pl', 'period': 'FullTime'}, {'odds_over': '1.55', 'odds_under': '2.30', 'bookmaker_name': 'BETFAN', 'period': 'FullTime'}, {'odds_over': '1.61', 'odds_under': '2.32', 'bookmaker_name': 'eFortuna.pl', 'period': 'FullTime'}, {'odds_over': '1.55', 'odds_under': '2.30', 'bookmaker_name': 'LV BET', 'period': 'FullTime'}]"
2025-08-16 23:41:36 UTC,2021-02-17 17:15:00 UTC,Lugano,Servette,Super League 2020/2021,1,1,"1:0, 0:1",Stadio di Cornaredo,Lugano,Switzerland,"[{'odds_over': '2.05', 'odds_under': '1.71', 'bookmaker_name': 'Betclic.pl', 'period': 'FullTime'}, {'odds_over': '2.03', 'odds_under': '1.70', 'bookmaker_name': 'BETFAN', 'period': 'FullTime'}, {'odds_over': '2.05', 'odds_under': '1.77', 'bookmaker_name': 'eFortuna.pl', 'period': 'FullTime'}, {'odds_over': '2.03', 'odds_under': '1.71', 'bookmaker_name': 'LV BET', 'period': 'FullTime'}]"
2025-08-16 23:51:15 UTC,2021-02-17 17:15:00 UTC,St. Gallen,Luzern,Super League 2020/2021,2,1,"0:1, 2:0",Kybunpark,St. Gallen,Switzerland,"[{'odds_over': '1.54', 'odds_under': '2.37', 'bookmaker_name': 'Betclic.pl', 'period': 'FullTime'}, {'odds_over': '1.54', 'odds_under': '2.22', 'bookmaker_name': 'BETFAN', 'period': 'FullTime'}, {'odds_over': '1.53', 'odds_under': '2.51', 'bookmaker_name': 'eFortuna.pl', 'period': 'FullTime'}, {'odds_over': '1.53', 'odds_under': '2.35', 'bookmaker_name': 'LV BET', 'period': 'FullTime'}]"
2025-08-17 00:01:02 UTC,2021-02-20 17:15:00 UTC,Vaduz,St. Gallen,Super League 2020/2021,2,1,"1:0, 1:1",Rheinpark Stadion,Vaduz,Liechtenstein,"[{'odds_over': '1.91', 'odds_under': '1.83', 'bookmaker_name': 'Betclic.pl', 'period': 'FullTime'}, {'odds_over': '1.84', 'odds_under': '1.87', 'bookmaker_name': 'BETFAN', 'period': 'FullTime'}, {'odds_over': '1.84', 'odds_under': '1.96', 'bookmaker_name': 'eFortuna.pl', 'period': 'FullTime'}, {'odds_over': '1.86', 'odds_under': '1.86', 'bookmaker_name': 'LV BET', 'period': 'FullTime'}]"
2025-08-17 00:02:50 UTC,2021-02-20 19:30:00 UTC,Basel,Lausanne,Super League 2020/2021,0,0,"0:0, 0:0",St. Jakob-Park,Basel,Switzerland,"[{'odds_over': '1.79', 'odds_under': '2.03', 'bookmaker_name': 'Betclic.pl', 'period': 'FullTime'}, {'odds_over': '1.75', 'odds_under': '1.97', 'bookmaker_name': 'BETFAN', 'period': 'FullTime'}, {'odds_over': '1.75', 'odds_under': '2.08', 'bookmaker_name': 'eFortuna.pl', 'period': 'FullTime'}, {'odds_over': '1.81', 'odds_under': '1.91', 'bookmaker_name': 'LV BET', 'period': 'FullTime'}]"
2025-08-16 23:41:33 UTC,2021-02-21 15:00:00 UTC,Young Boys,Servette,Super League 2020/2021,2,0,"2:0, 0:0",Stadion Wankdorf,Bern,Switzerland,"[{'odds_over': '1.50', 'odds_under': '2.49', 'bookmaker_name': 'Betclic.pl', 'period': 'FullTime'}, {'odds_over': '1.55', 'odds_under': '2.46', 'bookmaker_name': 'eFortuna.pl', 'period': 'FullTime'}, {'odds_over': '1.46', 'odds_under': '2.50', 'bookmaker_name': 'LV BET', 'period': 'FullTime'}]"
2025-08-16 23:51:58 UTC,2021-02-21 15:00:00 UTC,Lugano,Luzern,Super League 2020/2021,2,3,"1:1, 1:2",Stadio di Cornaredo,Lugano,Switzerland,"[{'odds_over': '2.04', 'odds_under': '1.72', 'bookmaker_name': 'Betclic.pl', 'period': 'FullTime'}, {'odds_over': '2.02', 'odds_under': '1.71', 'bookmaker_name': 'BETFAN', 'period': 'FullTime'}, {'odds_over': '2.11', 'odds_under': '1.73', 'bookmaker_name': 'eFortuna.pl', 'period': 'FullTime'}, {'odds_over': '2.02', 'odds_under': '1.72', 'bookmaker_name': 'LV BET', 'period': 'FullTime'}]"
2025-08-17 00:07:32 UTC,2021-02-21 15:00:00 UTC,Zurich,Sion,Super League 2020/2021,1,1,"1:1, 0:0",Letzigrund Stadion,Zürich,Switzerland,"[{'odds_over': '1.67', 'odds_under': '2.12', 'bookmaker_name': 'Betclic.pl', 'period': 'FullTime'}, {'odds_over': '1.66', 'odds_under': '2.09', 'bookmaker_name': 'BETFAN', 'period': 'FullTime'}, {'odds_over': '1.75', 'odds_under': '2.08', 'bookmaker_name': 'eFortuna.pl', 'period': 'FullTime'}, {'odds_over': '1.64', 'odds_under': '2.13', 'bookmaker_name': 'LV BET', 'period': 'FullTime'}]"
2025-08-16 23:46:55 UTC,2021-02-24 17:15:00 UTC,Vaduz,Luzern,Super League 2020/2021,1,1,"0:1, 1:0",Rheinpark Stadion,Vaduz,Liechtenstein,"[{'odds_over': '1.90', 'odds_under': '1.83', 'bookmaker_name': 'Betclic.pl', 'period': 'FullTime'}, {'odds_over': '1.89', 'odds_under': '1.82', 'bookmaker_name': 'BETFAN', 'period': 'FullTime'}, {'odds_over': '1.90', 'odds_under': '1.90', 'bookmaker_name': 'eFortuna.pl', 'period': 'FullTime'}, {'odds_over': '1.92', 'odds_under': '1.80', 'bookmaker_name': 'LV BET', 'period': 'FullTime'}]"
2025-08-16 23:45:33 UTC,2021-02-27 17:15:00 UTC,Servette,Zurich,Super League 2020/2021,3,1,"1:1, 2:0",Stade de Genève,Geneva,Switzerland,"[{'odds_over': '1.57', 'odds_under': '2.31', 'bookmaker_name': 'Betclic.pl', 'period': 'FullTime'}, {'odds_over': '1.56', 'odds_under': '2.29', 'bookmaker_name': 'BETFAN', 'period': 'FullTime'}, {'odds_over': '1.58', 'odds_under': '2.38', 'bookmaker_name': 'eFortuna.pl', 'period': 'FullTime'}, {'odds_over': '1.56', 'odds_under': '2.25', 'bookmaker_name': 'LV BET', 'period': 'FullTime'}]"
2025-08-16 23:59:53 UTC,2021-02-27 19:30:00 UTC,St. Gallen,Basel,Super League 2020/2021,3,1,"1:0, 2:1",Kybunpark,St. Gallen,Switzerland,"[{'odds_over': '1.47', 'odds_under': '2.60', 'bookmaker_name': 'Betclic.pl', 'period': 'FullTime'}, {'odds_over': '1.53', 'odds_under': '2.52', 'bookmaker_name': 'eFortuna.pl', 'period': 'FullTime'}, {'odds_over': '1.45', 'odds_under': '2.55', 'bookmaker_name': 'LV BET', 'period': 'FullTime'}]"
2025-08-16 23:41:54 UTC,2021-02-28 15:00:00 UTC,Luzern,Young Boys,Super League 2020/2021,2,2,"1:0, 1:2",Swissporarena,Luzern,Switzerland,"[{'odds_over': '1.56', 'odds_under': '2.32', 'bookmaker_name': 'Betclic.pl', 'period': 'FullTime'}, {'odds_over': '1.55', 'odds_under': '2.29', 'bookmaker_name': 'BETFAN', 'period': 'FullTime'}, {'odds_over': '1.58', 'odds_under': '2.38', 'bookmaker_name': 'eFortuna.pl', 'period': 'FullTime'}, {'odds_over': '1.57', 'odds_under': '2.25', 'bookmaker_name': 'LV BET', 'period': 'FullTime'}]"
2025-08-16 23:51:37 UTC,2021-02-28 15:00:00 UTC,Lausanne,Lugano,Super League 2020/2021,2,0,"1:0, 1:0",Stade de la Tuiliere,Lausanne,Switzerland,"[{'odds_over': '2.29', 'odds_under': '1.58', 'bookmaker_name': 'Betclic.pl', 'period': 'FullTime'}, {'odds_over': '2.26', 'odds_under': '1.57', 'bookmaker_name': 'BETFAN', 'period': 'FullTime'}, {'odds_over': '2.14', 'odds_under': '1.71', 'bookmaker_name': 'eFortuna.pl', 'period': 'FullTime'}, {'odds_over': '2.20', 'odds_under': '1.58', 'bookmaker_name': 'LV BET', 'period': 'FullTime'}]"
2025-08-17 00:01:43 UTC,2021-02-28 15:00:00 UTC,Sion,Vaduz,Super League 2020/2021,0,2,"0:0, 0:2",Stade de Tourbillon,Sion,Switzerland,"[{'odds_over': '1.94', 'odds_under': '1.81', 'bookmaker_name': 'Betclic.pl', 'period': 'FullTime'}, {'odds_over': '1.92', 'odds_under': '1.79', 'bookmaker_name': 'BETFAN', 'period': 'FullTime'}, {'odds_over': '1.95', 'odds_under': '1.85', 'bookmaker_name': 'eFortuna.pl', 'period': 'FullTime'}, {'odds_over': '1.91', 'odds_under': '1.81', 'bookmaker_name': 'LV BET', 'period': 'FullTime'}]"
2025-08-16 23:36:31 UTC,2021-03-03 17:15:00 UTC,St. Gallen,Servette,Super League 2020/2021,0,1,"0:1, 0:0",Kybunpark,St. Gallen,Switzerland,"[{'odds_over': '1.47', 'odds_under': '2.55', 'bookmaker_name': 'Betclic.pl', 'period': 'FullTime'}, {'odds_over': '1.57', 'odds_under': '2.25', 'bookmaker_name': 'BETFAN', 'period': 'FullTime'}, {'odds_over': '1.52', 'odds_under': '2.53', 'bookmaker_name': 'eFortuna.pl', 'period': 'FullTime'}, {'odds_over': '1.45', 'odds_under': '2.55', 'bookmaker_name': 'LV BET', 'period': 'FullTime'}]"
2025-08-16 23:35:24 UTC,2021-03-03 19:30:00 UTC,Vaduz,Lausanne,Super League 2020/2021,0,3,"0:1, 0:2",Rheinpark Stadion,Vaduz,Liechtenstein,"[{'odds_over': '2.02', 'odds_under': '1.74', 'bookmaker_name': 'Betclic.pl', 'period': 'FullTime'}, {'odds_over': '2.00', 'odds_under': '1.73', 'bookmaker_name': 'BETFAN', 'period': 'FullTime'}, {'odds_over': '1.99', 'odds_under': '1.82', 'bookmaker_name': 'eFortuna.pl', 'period': 'FullTime'}, {'odds_over': '1.98', 'odds_under': '1.74', 'bookmaker_name': 'LV BET', 'period': 'FullTime'}]"
2025-08-16 23:43:43 UTC,2021-03-03 19:30:00 UTC,Basel,Young Boys,Super League 2020/2021,1,1,"1:1, 0:0",St. Jakob-Park,Basel,Switzerland,"[{'odds_over': '1.52', 'odds_under': '2.42', 'bookmaker_name': 'Betclic.pl', 'period': 'FullTime'}, {'odds_over': '1.52', 'odds_under': '2.26', 'bookmaker_name': 'BETFAN', 'period': 'FullTime'}, {'odds_over': '1.54', 'odds_under': '2.48', 'bookmaker_name': 'eFortuna.pl', 'period': 'FullTime'}, {'odds_over': '1.53', 'odds_under': '2.35', 'bookmaker_name': 'LV BET', 'period': 'FullTime'}]"
2025-08-16 23:48:23 UTC,2021-03-04 17:15:00 UTC,Sion,Lugano,Super League 2020/2021,0,3,"0:3, 0:0",Stade de Tourbillon,Sion,Switzerland,"[{'odds_over': '2.43', 'odds_under': '1.52', 'bookmaker_name': 'Betclic.pl', 'period': 'FullTime'}, {'odds_over': '2.40', 'odds_under': '1.51', 'bookmaker_name': 'BETFAN', 'period': 'FullTime'}, {'odds_over': '2.34', 'odds_under': '1.60', 'bookmaker_name': 'eFortuna.pl', 'period': 'FullTime'}, {'odds_over': '2.40', 'odds_under': '1.51', 'bookmaker_name': 'LV BET', 'period': 'FullTime'}]"
2025-08-16 23:42:59 UTC,2021-03-04 19:30:00 UTC,Zurich,Luzern,Super League 2020/2021,1,2,"0:2, 1:0",Letzigrund Stadion,Zürich,Switzerland,"[{'odds_over': '1.75', 'odds_under': '2.01', 'bookmaker_name': 'Betclic.pl', 'period': 'FullTime'}, {'odds_over': '1.73', 'odds_under': '1.99', 'bookmaker_name': 'BETFAN', 'period': 'FullTime'}, {'odds_over': '1.71', 'odds_under': '2.14', 'bookmaker_name': 'eFortuna.pl', 'period': 'FullTime'}, {'odds_over': '1.72', 'odds_under': '2.01', 'bookmaker_name': 'LV BET', 'period': 'FullTime'}]"
2025-08-16 23:58:49 UTC,2021-03-06 17:15:00 UTC,Young Boys,Vaduz,Super League 2020/2021,1,1,"0:0, 1:1",Stadion Wankdorf,Bern,Switzerland,"[{'odds_over': '1.55', 'odds_under': '2.35', 'bookmaker_name': 'Betclic.pl', 'period': 'FullTime'}, {'odds_over': '1.54', 'odds_under': '2.32', 'bookmaker_name': 'BETFAN', 'period': 'FullTime'}, {'odds_over': '1.54', 'odds_under': '2.48', 'bookmaker_name': 'eFortuna.pl', 'period': 'FullTime'}, {'odds_over': '1.57', 'odds_under': '2.25', 'bookmaker_name': 'LV BET', 'period': 'FullTime'}]"
2025-08-16 23:42:18 UTC,2021-03-06 19:30:00 UTC,Servette,Basel,Super League 2020/2021,2,1,"0:0, 2:1",Stade de Genève,Geneva,Switzerland,"[{'odds_over': '1.58', 'odds_under': '2.29', 'bookmaker_name': 'Betclic.pl', 'period': 'FullTime'}, {'odds_over': '1.56', 'odds_under': '2.27', 'bookmaker_name': 'BETFAN', 'period': 'FullTime'}, {'odds_over': '1.62', 'odds_under': '2.30', 'bookmaker_name': 'eFortuna.pl', 'period': 'FullTime'}, {'odds_over': '1.59', 'odds_under': '2.20', 'bookmaker_name': 'LV BET', 'period': 'FullTime'}]"
2025-08-16 23:38:43 UTC,2021-03-07 15:00:00 UTC,Lausanne,Sion,Super League 2020/2021,1,3,"1:1, 0:2",Stade de la Tuiliere,Lausanne,Switzerland,"[{'odds_over': '1.83', 'odds_under': '1.91', 'bookmaker_name': 'Betclic.pl', 'period': 'FullTime'}, {'odds_over': '1.81', 'odds_under': '1.89', 'bookmaker_name': 'BETFAN', 'period': 'FullTime'}, {'odds_over': '1.82', 'odds_under': '1.99', 'bookmaker_name': 'eFortuna.pl', 'period': 'FullTime'}, {'odds_over': '1.84', 'odds_under': '1.88', 'bookmaker_name': 'LV BET', 'period': 'FullTime'}]"
2025-08-16 23:48:26 UTC,2021-03-07 15:00:00 UTC,Lugano,Zurich,Super League 2020/2021,0,1,"0:1, 0:0",Stadio di Cornaredo,Lugano,Switzerland,"[{'odds_over': '2.28', 'odds_under': '1.59', 'bookmaker_name': 'Betclic.pl', 'period': 'FullTime'}, {'odds_over': '2.25', 'odds_under': '1.57', 'bookmaker_name': 'BETFAN', 'period': 'FullTime'}, {'odds_over': '2.32', 'odds_under': '1.61', 'bookmaker_name': 'eFortuna.pl', 'period': 'FullTime'}, {'odds_over': '2.25', 'odds_under': '1.57', 'bookmaker_name': 'LV BET', 'period': 'FullTime'}]"
2025-08-16 23:56:13 UTC,2021-03-07 15:00:00 UTC,Luzern,St. Gallen,Super League 2020/2021,4,2,"1:2, 3:0",Swissporarena,Luzern,Switzerland,"[{'odds_over': '1.59', 'odds_under': '2.28', 'bookmaker_name': 'Betclic.pl', 'period': 'FullTime'}, {'odds_over': '1.57', 'odds_under': '2.25', 'bookmaker_name': 'BETFAN', 'period': 'FullTime'}, {'odds_over': '1.60', 'odds_under': '2.34', 'bookmaker_name': 'eFortuna.pl', 'period': 'FullTime'}, {'odds_over': '1.56', 'odds_under': '2.25', 'bookmaker_name': 'LV BET', 'period': 'FullTime'}]"
2025-08-16 23:59:32 UTC,2021-03-13 17:15:00 UTC,Zurich,Lausanne,Super League 2020/2021,1,1,"1:0, 0:1",Letzigrund Stadion,Zürich,Switzerland,"[{'odds_over': '1.91', 'odds_under': '1.83', 'bookmaker_name': 'Betclic.pl', 'period': 'FullTime'}, {'odds_over': '1.89', 'odds_under': '1.81', 'bookmaker_name': 'BETFAN', 'period': 'FullTime'}, {'odds_over': '1.93', 'odds_under': '1.87', 'bookmaker_name': 'eFortuna.pl', 'period': 'FullTime'}, {'odds_over': '1.89', 'odds_under': '1.83', 'bookmaker_name': 'LV BET', 'period': 'FullTime'}]"
2025-08-17 00:03:11 UTC,2021-03-13 19:30:00 UTC,Basel,Luzern,Super League 2020/2021,4,1,"1:0, 3:1",St. Jakob-Park,Basel,Switzerland,"[{'odds_over': '1.55', 'odds_under': '2.37', 'bookmaker_name': 'Betclic.pl', 'period': 'FullTime'}, {'odds_over': '1.58', 'odds_under': '2.25', 'bookmaker_name': 'BETFAN', 'period': 'FullTime'}, {'odds_over': '1.60', 'odds_under': '2.34', 'bookmaker_name': 'eFortuna.pl', 'period': 'FullTime'}, {'odds_over': '1.55', 'odds_under': '2.30', 'bookmaker_name': 'LV BET', 'period': 'FullTime'}]"
2025-08-16 23:57:02 UTC,2021-03-14 15:00:00 UTC,St. Gallen,Young Boys,Super League 2020/2021,2,2,"1:0, 1:2",Kybunpark,St. Gallen,Switzerland,"[{'odds_over': '1.48', 'odds_under': '2.55', 'bookmaker_name': 'Betclic.pl', 'period': 'FullTime'}, {'odds_over': '1.55', 'odds_under': '2.29', 'bookmaker_name': 'BETFAN', 'period': 'FullTime'}, {'odds_over': '1.53', 'odds_under': '2.51', 'bookmaker_name': 'eFortuna.pl', 'period': 'FullTime'}, {'odds_over': '1.49', 'odds_under': '2.45', 'bookmaker_name': 'LV BET', 'period': 'FullTime'}]"
2025-08-17 00:01:45 UTC,2021-03-14 15:00:00 UTC,Vaduz,Lugano,Super League 2020/2021,0,3,"0:2, 0:1",Rheinpark Stadion,Vaduz,Liechtenstein,"[{'odds_over': '2.55', 'odds_under': '1.48', 'bookmaker_name': 'Betclic.pl', 'period': 'FullTime'}, {'odds_over': '2.43', 'odds_under': '1.49', 'bookmaker_name': 'BETFAN', 'period': 'FullTime'}, {'odds_over': '2.65', 'odds_under': '1.48', 'bookmaker_name': 'eFortuna.pl', 'period': 'FullTime'}, {'odds_over': '2.45', 'odds_under': '1.49', 'bookmaker_name': 'LV BET', 'period': 'FullTime'}]"
2025-08-17 00:06:28 UTC,2021-03-14 15:00:00 UTC,Sion,Servette,Super League 2020/2021,1,2,"0:2, 1:0",Stade de Tourbillon,Sion,Switzerland,"[{'odds_over': '1.72', 'odds_under': '2.05', 'bookmaker_name': 'Betclic.pl', 'period': 'FullTime'}, {'odds_over': '1.70', 'odds_under': '2.03', 'bookmaker_name': 'BETFAN', 'period': 'FullTime'}, {'odds_over': '1.75', 'odds_under': '2.08', 'bookmaker_name': 'eFortuna.pl', 'period': 'FullTime'}, {'odds_over': '1.69', 'odds_under': '2.06', 'bookmaker_name': 'LV BET', 'period': 'FullTime'}]"
2025-08-17 00:06:48 UTC,2021-03-20 17:15:00 UTC,Lausanne,St. Gallen,Super League 2020/2021,4,3,"3:1, 1:2",Stade de la Tuiliere,Lausanne,Switzerland,"[{'odds_over': '1.63', 'odds_under': '2.19', 'bookmaker_name': 'Betclic.pl', 'period': 'FullTime'}, {'odds_over': '1.62', 'odds_under': '2.17', 'bookmaker_name': 'BETFAN', 'period': 'FullTime'}, {'odds_over': '1.66', 'odds_under': '2.22', 'bookmaker_name': 'eFortuna.pl', 'period': 'FullTime'}, {'odds_over': '1.62', 'odds_under': '2.18', 'bookmaker_name': 'LV BET', 'period': 'FullTime'}, {'odds_over': '1.67', 'odds_under': '2.10', 'bookmaker_name': 'STS.pl', 'period': 'FullTime'}]"
2025-08-16 23:40:51 UTC,2021-03-20 19:30:00 UTC,Lugano,Basel,Super League 2020/2021,2,1,"0:1, 2:0",Stadio di Cornaredo,Lugano,Switzerland,"[{'odds_over': '1.92', 'odds_under': '1.89', 'bookmaker_name': 'Betclic.pl', 'period': 'FullTime'}, {'odds_over': '1.87', 'odds_under': '1.84', 'bookmaker_name': 'BETFAN', 'period': 'FullTime'}, {'odds_over': '1.89', 'odds_under': '1.91', 'bookmaker_name': 'eFortuna.pl', 'period': 'FullTime'}, {'odds_over': '1.88', 'odds_under': '1.84', 'bookmaker_name': 'LV BET', 'period': 'FullTime'}, {'odds_over': '2.00', 'odds_under': '1.75', 'bookmaker_name': 'STS.pl', 'period': 'FullTime'}]"
2025-08-16 23:49:27 UTC,2021-03-21 15:00:00 UTC,Servette,Vaduz,Super League 2020/2021,1,2,"0:1, 1:1",Stade de Genève,Geneva,Switzerland,"[{'odds_over': '1.77', 'odds_under': '1.98', 'bookmaker_name': 'Betclic.pl', 'period': 'FullTime'}, {'odds_over': '1.76', 'odds_under': '1.96', 'bookmaker_name': 'BETFAN', 'period': 'FullTime'}, {'odds_over': '1.77', 'odds_under': '2.05', 'bookmaker_name': 'eFortuna.pl', 'period': 'FullTime'}, {'odds_over': '1.78', 'odds_under': '1.94', 'bookmaker_name': 'LV BET', 'period': 'FullTime'}, {'odds_over': '1.75', 'odds_under': '2.00', 'bookmaker_name': 'STS.pl', 'period': 'FullTime'}]"
2025-08-16 23:53:24 UTC,2021-03-21 15:00:00 UTC,Young Boys,Zurich,Super League 2020/2021,4,0,"1:0, 3:0",Stadion Wankdorf,Bern,Switzerland,"[{'odds_over': '1.52', 'odds_under': '2.42', 'bookmaker_name': 'Betclic.pl', 'period': 'FullTime'}, {'odds_over': '1.53', 'odds_under': '2.30', 'bookmaker_name': 'BETFAN', 'period': 'FullTime'}, {'odds_over': '1.53', 'odds_under': '2.51', 'bookmaker_name': 'eFortuna.pl', 'period': 'FullTime'}, {'odds_over': '1.53', 'odds_under': '2.35', 'bookmaker_name': 'LV BET', 'period': 'FullTime'}, {'odds_over': '1.55', 'odds_under': '2.35', 'bookmaker_name': 'STS.pl', 'period': 'FullTime'}]"
2025-08-17 00:00:16 UTC,2021-03-21 15:00:00 UTC,Luzern,Sion,Super League 2020/2021,1,1,"0:0, 1:1",Swissporarena,Luzern,Switzerland,"[{'odds_over': '1.75', 'odds_under': '2.01', 'bookmaker_name': 'Betclic.pl', 'period': 'FullTime'}, {'odds_over': '1.74', 'odds_under': '1.99', 'bookmaker_name': 'BETFAN', 'period': 'FullTime'}, {'odds_over': '1.74', 'odds_under': '2.09', 'bookmaker_name': 'eFortuna.pl', 'period': 'FullTime'}, {'odds_over': '1.72', 'odds_under': '2.01', 'bookmaker_name': 'LV BET', 'period': 'FullTime'}, {'odds_over': '1.67', 'odds_under': '2.10', 'bookmaker_name': 'STS.pl', 'period': 'FullTime'}]"
2025-08-17 00:06:48 UTC,2021-04-03 16:15:00 UTC,Lausanne,Luzern,Super League 2020/2021,2,1,"2:0, 0:1",Stade de la Tuiliere,Lausanne,Switzerland,"[{'odds_over': '1.72', 'odds_under': '2.05', 'bookmaker_name': 'Betclic.pl', 'period': 'FullTime'}, {'odds_over': '1.71', 'odds_under': '2.03', 'bookmaker_name': 'BETFAN', 'period': 'FullTime'}, {'odds_over': '1.78', 'odds_under': '2.04', 'bookmaker_name': 'eFortuna.pl', 'period': 'FullTime'}, {'odds_over': '1.71', 'odds_under': '2.03', 'bookmaker_name': 'LV BET', 'period': 'FullTime'}]"
2025-08-16 23:44:26 UTC,2021-04-03 18:30:00 UTC,St. Gallen,Zurich,Super League 2020/2021,1,1,"0:1, 1:0",Kybunpark,St. Gallen,Switzerland,"[{'odds_over': '1.53', 'odds_under': '2.40', 'bookmaker_name': 'Betclic.pl', 'period': 'FullTime'}, {'odds_over': '1.56', 'odds_under': '2.23', 'bookmaker_name': 'BETFAN', 'period': 'FullTime'}, {'odds_over': '1.58', 'odds_under': '2.38', 'bookmaker_name': 'eFortuna.pl', 'period': 'FullTime'}, {'odds_over': '1.54', 'odds_under': '2.30', 'bookmaker_name': 'LV BET', 'period': 'FullTime'}]"
2025-08-16 23:52:00 UTC,2021-04-04 14:00:00 UTC,Servette,Lugano,Super League 2020/2021,1,1,"0:0, 1:1",Stade de Genève,Geneva,Switzerland,"[{'odds_over': '1.89', 'odds_under': '1.84', 'bookmaker_name': 'Betclic.pl', 'period': 'FullTime'}, {'odds_over': '1.88', 'odds_under': '1.83', 'bookmaker_name': 'BETFAN', 'period': 'FullTime'}, {'odds_over': '2.00', 'odds_under': '1.81', 'bookmaker_name': 'eFortuna.pl', 'period': 'FullTime'}, {'odds_over': '1.90', 'odds_under': '1.82', 'bookmaker_name': 'LV BET', 'period': 'FullTime'}]"
2025-08-17 00:04:59 UTC,2021-04-04 14:00:00 UTC,Sion,Young Boys,Super League 2020/2021,0,3,"0:0, 0:3",Stade de Tourbillon,Sion,Switzerland,"[{'odds_over': '1.48', 'odds_under': '2.50', 'bookmaker_name': 'Betclic.pl', 'period': 'FullTime'}, {'odds_over': '1.55', 'odds_under': '2.25', 'bookmaker_name': 'BETFAN', 'period': 'FullTime'}, {'odds_over': '1.56', 'odds_under': '2.43', 'bookmaker_name': 'eFortuna.pl', 'period': 'FullTime'}, {'odds_over': '1.49', 'odds_under': '2.45', 'bookmaker_name': 'LV BET', 'period': 'FullTime'}]"
2025-08-16 23:53:02 UTC,2021-04-05 14:00:00 UTC,Basel,Vaduz,Super League 2020/2021,1,2,"0:1, 1:1",St. Jakob-Park,Basel,Switzerland,"[{'odds_over': '1.69', 'odds_under': '2.09', 'bookmaker_name': 'Betclic.pl', 'period': 'FullTime'}, {'odds_over': '1.68', 'odds_under': '2.07', 'bookmaker_name': 'BETFAN', 'period': 'FullTime'}, {'odds_over': '1.68', 'odds_under': '2.19', 'bookmaker_name': 'eFortuna.pl', 'period': 'FullTime'}, {'odds_over': '1.70', 'odds_under': '2.05', 'bookmaker_name': 'LV BET', 'period': 'FullTime'}]"
2025-08-16 23:39:28 UTC,2021-04-10 16:15:00 UTC,Lugano,Lausanne,Super League 2020/2021,1,0,"1:0, 0:0",Stadio di Cornaredo,Lugano,Switzerland,"[{'odds_over': '2.14', 'odds_under': '1.66', 'bookmaker_name': 'Betclic.pl', 'period': 'FullTime'}, {'odds_over': '2.12', 'odds_under': '1.64', 'bookmaker_name': 'BETFAN', 'period': 'FullTime'}, {'odds_over': '2.24', 'odds_under': '1.65', 'bookmaker_name': 'eFortuna.pl', 'period': 'FullTime'}, {'odds_over': '2.09', 'odds_under': '1.67', 'bookmaker_name': 'LV BET', 'period': 'FullTime'}]"
2025-08-16 23:36:08 UTC,2021-04-10 18:30:00 UTC,Luzern,Basel,Super League 2020/2021,3,4,"1:3, 2:1",Swissporarena,Luzern,Switzerland,"[{'odds_over': '1.56', 'odds_under': '2.33', 'bookmaker_name': 'Betclic.pl', 'period': 'FullTime'}, {'odds_over': '1.55', 'odds_under': '2.30', 'bookmaker_name': 'BETFAN', 'period': 'FullTime'}, {'odds_over': '1.58', 'odds_under': '2.38', 'bookmaker_name': 'eFortuna.pl', 'period': 'FullTime'}, {'odds_over': '1.56', 'odds_under': '2.25', 'bookmaker_name': 'LV BET', 'period': 'FullTime'}]"
2025-08-16 23:38:40 UTC,2021-04-11 14:00:00 UTC,Young Boys,St. Gallen,Super League 2020/2021,2,0,"0:0, 2:0",Stadion Wankdorf,Bern,Switzerland,"[{'odds_over': '1.40', 'odds_under': '2.80', 'bookmaker_name': 'Betclic.pl', 'period': 'FullTime'}, {'odds_over': '1.42', 'odds_under': '2.87', 'bookmaker_name': 'eFortuna.pl', 'period': 'FullTime'}, {'odds_over': '1.40', 'odds_under': '2.75', 'bookmaker_name': 'LV BET', 'period': 'FullTime'}]"
2025-08-16 23:48:04 UTC,2021-04-11 14:00:00 UTC,Vaduz,Sion,Super League 2020/2021,3,0,"0:0, 3:0",Rheinpark Stadion,Vaduz,Liechtenstein,"[{'odds_over': '2.00', 'odds_under': '1.75', 'bookmaker_name': 'Betclic.pl', 'period': 'FullTime'}, {'odds_over': '1.98', 'odds_under': '1.74', 'bookmaker_name': 'BETFAN', 'period': 'FullTime'}, {'odds_over': '2.01', 'odds_under': '1.80', 'bookmaker_name': 'eFortuna.pl', 'period': 'FullTime'}, {'odds_over': '1.97', 'odds_under': '1.75', 'bookmaker_name': 'LV BET', 'period': 'FullTime'}]"
2025-08-16 23:48:44 UTC,2021-04-11 14:00:00 UTC,Zurich,Servette,Super League 2020/2021,1,2,"0:0, 1:2",Letzigrund Stadion,Zürich,Switzerland,"[{'odds_over': '1.68', 'odds_under': '2.10', 'bookmaker_name': 'Betclic.pl', 'period': 'FullTime'}, {'odds_over': '1.67', 'odds_under': '2.08', 'bookmaker_name': 'BETFAN', 'period': 'FullTime'}, {'odds_over': '1.73', 'odds_under': '2.11', 'bookmaker_name': 'eFortuna.pl', 'period': 'FullTime'}, {'odds_over': '1.67', 'odds_under': '2.09', 'bookmaker_name': 'LV BET', 'period': 'FullTime'}]"
2025-08-17 00:07:31 UTC,2021-04-17 16:15:00 UTC,Sion,Zurich,Super League 2020/2021,2,2,"1:1, 1:1",Stade de Tourbillon,Sion,Switzerland,"[{'odds_over': '1.88', 'odds_under': '1.93', 'bookmaker_name': 'Betclic.pl', 'period': 'FullTime'}, {'odds_over': '1.88', 'odds_under': '1.83', 'bookmaker_name': 'BETFAN', 'period': 'FullTime'}, {'odds_over': '1.83', 'odds_under': '1.98', 'bookmaker_name': 'eFortuna.pl', 'period': 'FullTime'}, {'odds_over': '1.90', 'odds_under': '1.82', 'bookmaker_name': 'LV BET', 'period': 'FullTime'}]"
2025-08-17 00:02:05 UTC,2021-04-17 18:30:00 UTC,St. Gallen,Luzern,Super League 2020/2021,0,0,"0:0, 0:0",Kybunpark,St. Gallen,Switzerland,"[{'odds_over': '1.54', 'odds_under': '2.49', 'bookmaker_name': 'Betclic.pl', 'period': 'FullTime'}, {'odds_over': '1.48', 'odds_under': '2.46', 'bookmaker_name': 'BETFAN', 'period': 'FullTime'}, {'odds_over': '1.53', 'odds_under': '2.51', 'bookmaker_name': 'eFortuna.pl', 'period': 'FullTime'}, {'odds_over': '1.49', 'odds_under': '2.45', 'bookmaker_name': 'LV BET', 'period': 'FullTime'}]"
2025-08-16 23:38:21 UTC,2021-04-18 14:00:00 UTC,Lausanne,Vaduz,Super League 2020/2021,2,1,"0:1, 2:0",Stade de la Tuiliere,Lausanne,Switzerland,"[{'odds_over': '1.90', 'odds_under': '1.91', 'bookmaker_name': 'Betclic.pl', 'period': 'FullTime'}, {'odds_over': '1.89', 'odds_under': '1.81', 'bookmaker_name': 'BETFAN', 'period': 'FullTime'}, {'odds_over': '1.90', 'odds_under': '1.90', 'bookmaker_name': 'eFortuna.pl', 'period': 'FullTime'}, {'odds_over': '1.85', 'odds_under': '1.87', 'bookmaker_name': 'LV BET', 'period': 'FullTime'}]"
2025-08-16 23:49:10 UTC,2021-04-18 14:00:00 UTC,Basel,Servette,Super League 2020/2021,5,0,"3:0, 2:0",St. Jakob-Park,Basel,Switzerland,"[{'odds_over': '1.55', 'odds_under': '2.47', 'bookmaker_name': 'Betclic.pl', 'period': 'FullTime'}, {'odds_over': '1.49', 'odds_under': '2.45', 'bookmaker_name': 'BETFAN', 'period': 'FullTime'}, {'odds_over': '1.57', 'odds_under': '2.41', 'bookmaker_name': 'eFortuna.pl', 'period': 'FullTime'}, {'odds_over': '1.51', 'odds_under': '2.40', 'bookmaker_name': 'LV BET', 'period': 'FullTime'}]"
2025-08-16 23:51:16 UTC,2021-04-18 14:00:00 UTC,Young Boys,Lugano,Super League 2020/2021,3,0,"1:0, 2:0",Stadion Wankdorf,Bern,Switzerland,"[{'odds_over': '1.73', 'odds_under': '2.12', 'bookmaker_name': 'Betclic.pl', 'period': 'FullTime'}, {'odds_over': '1.65', 'odds_under': '2.11', 'bookmaker_name': 'BETFAN', 'period': 'FullTime'}, {'odds_over': '1.75', 'odds_under': '2.08', 'bookmaker_name': 'eFortuna.pl', 'period': 'FullTime'}, {'odds_over': '1.68', 'odds_under': '2.08', 'bookmaker_name': 'LV BET', 'period': 'FullTime'}]"
2025-08-16 23:59:33 UTC,2021-04-21 16:15:00 UTC,Luzern,Lausanne,Super League 2020/2021,1,0,"0:0, 1:0",Swissporarena,Luzern,Switzerland,"[{'odds_over': '1.63', 'odds_under': '2.28', 'bookmaker_name': 'Betclic.pl', 'period': 'FullTime'}, {'odds_over': '1.60', 'odds_under': '2.21', 'bookmaker_name': 'BETFAN', 'period': 'FullTime'}, {'odds_over': '1.63', 'odds_under': '2.28', 'bookmaker_name': 'eFortuna.pl', 'period': 'FullTime'}, {'odds_over': '1.59', 'odds_under': '2.20', 'bookmaker_name': 'LV BET', 'period': 'FullTime'}]"
2025-08-16 23:45:06 UTC,2021-04-21 18:30:00 UTC,Vaduz,Basel,Super League 2020/2021,1,1,"0:0, 1:1",Rheinpark Stadion,Vaduz,Liechtenstein,"[{'odds_over': '1.71', 'odds_under': '2.14', 'bookmaker_name': 'Betclic.pl', 'period': 'FullTime'}, {'odds_over': '1.67', 'odds_under': '2.08', 'bookmaker_name': 'BETFAN', 'period': 'FullTime'}, {'odds_over': '1.66', 'odds_under': '2.22', 'bookmaker_name': 'eFortuna.pl', 'period': 'FullTime'}, {'odds_over': '1.68', 'odds_under': '2.08', 'bookmaker_name': 'LV BET', 'period': 'FullTime'}]"
2025-08-16 23:55:09 UTC,2021-04-21 18:30:00 UTC,Lugano,St. Gallen,Super League 2020/2021,2,0,"1:0, 1:0",Stadio di Cornaredo,Lugano,Switzerland,"[{'odds_over': '1.92', 'odds_under': '1.89', 'bookmaker_name': 'Betclic.pl', 'period': 'FullTime'}, {'odds_over': '1.83', 'odds_under': '1.87', 'bookmaker_name': 'BETFAN', 'period': 'FullTime'}, {'odds_over': '1.90', 'odds_under': '1.90', 'bookmaker_name': 'eFortuna.pl', 'period': 'FullTime'}, {'odds_over': '1.86', 'odds_under': '1.86', 'bookmaker_name': 'LV BET', 'period': 'FullTime'}]"
2025-08-16 23:42:38 UTC,2021-04-22 16:15:00 UTC,Servette,Sion,Super League 2020/2021,3,5,"1:1, 2:4",Stade de Genève,Geneva,Switzerland,"[{'odds_over': '1.48', 'odds_under': '2.65', 'bookmaker_name': 'Betclic.pl', 'period': 'FullTime'}, {'odds_over': '1.47', 'odds_under': '2.50', 'bookmaker_name': 'BETFAN', 'period': 'FullTime'}, {'odds_over': '1.53', 'odds_under': '2.51', 'bookmaker_name': 'eFortuna.pl', 'period': 'FullTime'}, {'odds_over': '1.47', 'odds_under': '2.50', 'bookmaker_name': 'LV BET', 'period': 'FullTime'}]"
2025-08-17 00:06:05 UTC,2021-04-22 18:30:00 UTC,Zurich,Young Boys,Super League 2020/2021,1,2,"1:2, 0:0",Letzigrund Stadion,Zürich,Switzerland,"[{'odds_over': '1.49', 'odds_under': '2.60', 'bookmaker_name': 'Betclic.pl', 'period': 'FullTime'}, {'odds_over': '1.46', 'odds_under': '2.52', 'bookmaker_name': 'BETFAN', 'period': 'FullTime'}, {'odds_over': '1.53', 'odds_under': '2.51', 'bookmaker_name': 'eFortuna.pl', 'period': 'FullTime'}, {'odds_over': '1.49', 'odds_under': '2.45', 'bookmaker_name': 'LV BET', 'period': 'FullTime'}]"
2025-08-16 23:54:07 UTC,2021-04-24 16:15:00 UTC,St. Gallen,Vaduz,Super League 2020/2021,1,0,"1:0, 0:0",Kybunpark,St. Gallen,Switzerland,"[{'odds_over': '1.69', 'odds_under': '2.18', 'bookmaker_name': 'Betclic.pl', 'period': 'FullTime'}, {'odds_over': '1.68', 'odds_under': '2.06', 'bookmaker_name': 'BETFAN', 'period': 'FullTime'}, {'odds_over': '1.70', 'odds_under': '2.15', 'bookmaker_name': 'eFortuna.pl', 'period': 'FullTime'}, {'odds_over': '1.69', 'odds_under': '2.06', 'bookmaker_name': 'LV BET', 'period': 'FullTime'}]"
2025-08-17 00:03:33 UTC,2021-04-24 18:30:00 UTC,Lausanne,Basel,Super League 2020/2021,3,3,"2:1, 1:2",Stade de la Tuiliere,Lausanne,Switzerland,"[{'odds_over': '1.58', 'odds_under': '2.41', 'bookmaker_name': 'Betclic.pl', 'period': 'FullTime'}, {'odds_over': '1.54', 'odds_under': '2.32', 'bookmaker_name': 'BETFAN', 'period': 'FullTime'}, {'odds_over': '1.60', 'odds_under': '2.34', 'bookmaker_name': 'eFortuna.pl', 'period': 'FullTime'}, {'odds_over': '1.54', 'odds_under': '2.30', 'bookmaker_name': 'LV BET', 'period': 'FullTime'}]"
2025-08-16 23:37:58 UTC,2021-04-25 14:00:00 UTC,Luzern,Zurich,Super League 2020/2021,3,1,"1:1, 2:0",Swissporarena,Luzern,Switzerland,"[{'odds_over': '1.58', 'odds_under': '2.40', 'bookmaker_name': 'Betclic.pl', 'period': 'FullTime'}, {'odds_over': '1.54', 'odds_under': '2.31', 'bookmaker_name': 'BETFAN', 'period': 'FullTime'}, {'odds_over': '1.61', 'odds_under': '2.32', 'bookmaker_name': 'eFortuna.pl', 'period': 'FullTime'}, {'odds_over': '1.55', 'odds_under': '2.30', 'bookmaker_name': 'LV BET', 'period': 'FullTime'}]"
2025-08-16 23:50:32 UTC,2021-04-25 14:00:00 UTC,Young Boys,Sion,Super League 2020/2021,2,1,"1:1, 1:0",Stadion Wankdorf,Bern,Switzerland,"[{'odds_over': '1.44', 'odds_under': '2.80', 'bookmaker_name': 'Betclic.pl', 'period': 'FullTime'}, {'odds_over': '1.43', 'odds_under': '2.62', 'bookmaker_name': 'BETFAN', 'period': 'FullTime'}, {'odds_over': '1.45', 'odds_under': '2.76', 'bookmaker_name': 'eFortuna.pl', 'period': 'FullTime'}, {'odds_over': '1.44', 'odds_under': '2.60', 'bookmaker_name': 'LV BET', 'period': 'FullTime'}]"
2025-08-16 23:57:46 UTC,2021-04-25 14:00:00 UTC,Lugano,Servette,Super League 2020/2021,0,1,"0:1, 0:0",Stadio di Cornaredo,Lugano,Switzerland,"[{'odds_over': '1.92', 'odds_under': '1.89', 'bookmaker_name': 'Betclic.pl', 'period': 'FullTime'}, {'odds_over': '1.87', 'odds_under': '1.84', 'bookmaker_name': 'BETFAN', 'period': 'FullTime'}, {'odds_over': '1.95', 'odds_under': '1.85', 'bookmaker_name': 'eFortuna.pl', 'period': 'FullTime'}, {'odds_over': '1.88', 'odds_under': '1.84', 'bookmaker_name': 'LV BET', 'period': 'FullTime'}]"
2025-08-16 23:37:14 UTC,2021-05-01 16:15:00 UTC,Vaduz,Luzern,Super League 2020/2021,1,2,"1:2, 0:0",Rheinpark Stadion,Vaduz,Liechtenstein,"[{'odds_over': '1.88', 'odds_under': '1.93', 'bookmaker_name': 'Betclic.pl', 'period': 'FullTime'}, {'odds_over': '1.86', 'odds_under': '1.91', 'bookmaker_name': 'BETFAN', 'period': 'FullTime'}, {'odds_over': '1.84', 'odds_under': '1.96', 'bookmaker_name': 'eFortuna.pl', 'period': 'FullTime'}, {'odds_over': '1.88', 'odds_under': '1.84', 'bookmaker_name': 'LV BET', 'period': 'FullTime'}]"
2025-08-16 23:41:15 UTC,2021-05-01 18:30:00 UTC,Basel,St. Gallen,Super League 2020/2021,1,0,"0:0, 1:0",St. Jakob-Park,Basel,Switzerland,"[{'odds_over': '1.41', 'odds_under': '2.90', 'bookmaker_name': 'Betclic.pl', 'period': 'FullTime'}, {'odds_over': '1.40', 'odds_under': '2.88', 'bookmaker_name': 'BETFAN', 'period': 'FullTime'}, {'odds_over': '1.44', 'odds_under': '2.78', 'bookmaker_name': 'eFortuna.pl', 'period': 'FullTime'}, {'odds_over': '1.40', 'odds_under': '2.75', 'bookmaker_name': 'LV BET', 'period': 'FullTime'}]"
2025-08-16 23:49:48 UTC,2021-05-02 14:00:00 UTC,Zurich,Lugano,Super League 2020/2021,3,0,"1:0, 2:0",Letzigrund Stadion,Zürich,Switzerland,"[{'odds_over': '2.13', 'odds_under': '1.72', 'bookmaker_name': 'Betclic.pl', 'period': 'FullTime'}, {'odds_over': '2.11', 'odds_under': '1.71', 'bookmaker_name': 'BETFAN', 'period': 'FullTime'}, {'odds_over': '2.15', 'odds_under': '1.70', 'bookmaker_name': 'eFortuna.pl', 'period': 'FullTime'}, {'odds_over': '2.03', 'odds_under': '1.71', 'bookmaker_name': 'LV BET', 'period': 'FullTime'}]"
2025-08-16 23:56:38 UTC,2021-05-02 14:00:00 UTC,Sion,Lausanne,Super League 2020/2021,1,1,"0:0, 1:1",Stade de Tourbillon,Sion,Switzerland,"[{'odds_over': '1.78', 'odds_under': '2.04', 'bookmaker_name': 'Betclic.pl', 'period': 'FullTime'}, {'odds_over': '1.77', 'odds_under': '2.02', 'bookmaker_name': 'BETFAN', 'period': 'FullTime'}, {'odds_over': '1.78', 'odds_under': '2.04', 'bookmaker_name': 'eFortuna.pl', 'period': 'FullTime'}, {'odds_over': '1.72', 'odds_under': '2.01', 'bookmaker_name': 'LV BET', 'period': 'FullTime'}]"
2025-08-17 00:05:20 UTC,2021-05-02 14:00:00 UTC,Servette,Young Boys,Super League 2020/2021,2,1,"0:0, 2:1",Stade de Genève,Geneva,Switzerland,"[{'odds_over': '1.49', 'odds_under': '2.65', 'bookmaker_name': 'Betclic.pl', 'period': 'FullTime'}, {'odds_over': '1.45', 'odds_under': '2.70', 'bookmaker_name': 'BETFAN', 'period': 'FullTime'}, {'odds_over': '1.49', 'odds_under': '2.62', 'bookmaker_name': 'eFortuna.pl', 'period': 'FullTime'}, {'odds_over': '1.42', 'odds_under': '2.65', 'bookmaker_name': 'LV BET', 'period': 'FullTime'}]"
2025-08-16 23:38:18 UTC,2021-05-08 16:15:00 UTC,Lugano,Vaduz,Super League 2020/2021,0,2,"0:1, 0:1",Stadio di Cornaredo,Lugano,Switzerland,"[{'odds_over': '2.30', 'odds_under': '1.63', 'bookmaker_name': 'Betclic.pl', 'period': 'FullTime'}, {'odds_over': '2.27', 'odds_under': '1.61', 'bookmaker_name': 'BETFAN', 'period': 'FullTime'}, {'odds_over': '2.20', 'odds_under': '1.67', 'bookmaker_name': 'eFortuna.pl', 'period': 'FullTime'}, {'odds_over': '2.20', 'odds_under': '1.60', 'bookmaker_name': 'LV BET', 'period': 'FullTime'}]"
2025-08-17 00:03:10 UTC,2021-05-08 18:30:00 UTC,Young Boys,Basel,Super League 2020/2021,2,0,"0:0, 2:0",Stadion Wankdorf,Bern,Switzerland,"[{'odds_over': '1.41', 'odds_under': '2.95', 'bookmaker_name': 'Betclic.pl', 'period': 'FullTime'}, {'odds_over': '1.38', 'odds_under': '2.97', 'bookmaker_name': 'BETFAN', 'period': 'FullTime'}, {'odds_over': '1.42', 'odds_under': '2.87', 'bookmaker_name': 'eFortuna.pl', 'period': 'FullTime'}, {'odds_over': '1.38', 'odds_under': '2.80', 'bookmaker_name': 'LV BET', 'period': 'FullTime'}]"
2025-08-16 23:52:20 UTC,2021-05-09 14:00:00 UTC,St. Gallen,Sion,Super League 2020/2021,0,3,"0:0, 0:3",Kybunpark,St. Gallen,Switzerland,"[{'odds_over': '1.56', 'odds_under': '2.45', 'bookmaker_name': 'Betclic.pl', 'period': 'FullTime'}, {'odds_over': '1.57', 'odds_under': '2.36', 'bookmaker_name': 'BETFAN', 'period': 'FullTime'}, {'odds_over': '1.64', 'odds_under': '2.26', 'bookmaker_name': 'eFortuna.pl', 'period': 'FullTime'}, {'odds_over': '1.53', 'odds_under': '2.35', 'bookmaker_name': 'LV BET', 'period': 'FullTime'}]"
2025-08-16 23:55:57 UTC,2021-05-09 14:00:00 UTC,Luzern,Servette,Super League 2020/2021,3,0,"0:0, 3:0",Swissporarena,Luzern,Switzerland,"[{'odds_over': '1.49', 'odds_under': '2.65', 'bookmaker_name': 'Betclic.pl', 'period': 'FullTime'}, {'odds_over': '1.48', 'odds_under': '2.59', 'bookmaker_name': 'BETFAN', 'period': 'FullTime'}, {'odds_over': '1.50', 'odds_under': '2.60', 'bookmaker_name': 'eFortuna.pl', 'period': 'FullTime'}, {'odds_over': '1.49', 'odds_under': '2.45', 'bookmaker_name': 'LV BET', 'period': 'FullTime'}]"
2025-08-17 00:01:01 UTC,2021-05-09 14:00:00 UTC,Lausanne,Zurich,Super League 2020/2021,2,2,"0:2, 2:0",Stade de la Tuiliere,Lausanne,Switzerland,"[{'odds_over': '1.56', 'odds_under': '2.45', 'bookmaker_name': 'Betclic.pl', 'period': 'FullTime'}, {'odds_over': '1.55', 'odds_under': '2.42', 'bookmaker_name': 'BETFAN', 'period': 'FullTime'}, {'odds_over': '1.62', 'odds_under': '2.30', 'bookmaker_name': 'eFortuna.pl', 'period': 'FullTime'}, {'odds_over': '1.55', 'odds_under': '2.30', 'bookmaker_name': 'LV BET', 'period': 'FullTime'}]"
2025-08-16 23:50:56 UTC,2021-05-11 16:15:00 UTC,Vaduz,Young Boys,Super League 2020/2021,0,2,"0:1, 0:1",Rheinpark Stadion,Vaduz,Liechtenstein,"[{'odds_over': '1.65', 'odds_under': '2.25', 'bookmaker_name': 'Betclic.pl', 'period': 'FullTime'}, {'odds_over': '1.69', 'odds_under': '2.14', 'bookmaker_name': 'BETFAN', 'period': 'FullTime'}, {'odds_over': '1.65', 'odds_under': '2.24', 'bookmaker_name': 'eFortuna.pl', 'period': 'FullTime'}, {'odds_over': '1.67', 'odds_under': '2.09', 'bookmaker_name': 'LV BET', 'period': 'FullTime'}]"
2025-08-16 23:36:53 UTC,2021-05-11 18:30:00 UTC,Basel,Lugano,Super League 2020/2021,2,0,"2:0, 0:0",St. Jakob-Park,Basel,Switzerland,"[{'odds_over': '1.83', 'odds_under': '1.99', 'bookmaker_name': 'Betclic.pl', 'period': 'FullTime'}, {'odds_over': '1.85', 'odds_under': '1.93', 'bookmaker_name': 'BETFAN', 'period': 'FullTime'}, {'odds_over': '1.80', 'odds_under': '2.01', 'bookmaker_name': 'eFortuna.pl', 'period': 'FullTime'}, {'odds_over': '1.83', 'odds_under': '1.89', 'bookmaker_name': 'LV BET', 'period': 'FullTime'}]"
2025-08-16 23:40:29 UTC,2021-05-12 16:15:00 UTC,Servette,Lausanne,Super League 2020/2021,1,4,"1:3, 0:1",Stade de Genève,Geneva,Switzerland,"[{'odds_over': '1.52', 'odds_under': '2.55', 'bookmaker_name': 'Betclic.pl', 'period': 'FullTime'}, {'odds_over': '1.54', 'odds_under': '2.44', 'bookmaker_name': 'BETFAN', 'period': 'FullTime'}, {'odds_over': '1.55', 'odds_under': '2.45', 'bookmaker_name': 'eFortuna.pl', 'period': 'FullTime'}, {'odds_over': '1.52', 'odds_under': '2.35', 'bookmaker_name': 'LV BET', 'period': 'FullTime'}]"
2025-08-16 23:44:24 UTC,2021-05-12 18:30:00 UTC,Zurich,St. Gallen,Super League 2020/2021,2,2,"2:0, 0:2",Letzigrund Stadion,Zürich,Switzerland,"[{'odds_over': '1.56', 'odds_under': '2.44', 'bookmaker_name': 'Betclic.pl', 'period': 'FullTime'}, {'odds_over': '1.61', 'odds_under': '2.28', 'bookmaker_name': 'BETFAN', 'period': 'FullTime'}, {'odds_over': '1.65', 'odds_under': '2.24', 'bookmaker_name': 'eFortuna.pl', 'period': 'FullTime'}, {'odds_over': '1.59', 'odds_under': '2.20', 'bookmaker_name': 'LV BET', 'period': 'FullTime'}]"
2025-08-16 23:52:42 UTC,2021-05-12 18:30:00 UTC,Sion,Luzern,Super League 2020/2021,1,1,"0:0, 1:1",Stade de Tourbillon,Sion,Switzerland,"[{'odds_over': '1.67', 'odds_under': '2.22', 'bookmaker_name': 'Betclic.pl', 'period': 'FullTime'}, {'odds_over': '1.66', 'odds_under': '2.19', 'bookmaker_name': 'BETFAN', 'period': 'FullTime'}, {'odds_over': '1.70', 'odds_under': '2.15', 'bookmaker_name': 'eFortuna.pl', 'period': 'FullTime'}, {'odds_over': '1.62', 'odds_under': '2.18', 'bookmaker_name': 'LV BET', 'period': 'FullTime'}]"
2025-08-16 23:35:48 UTC,2021-05-15 18:30:00 UTC,Lugano,Sion,Super League 2020/2021,3,1,"2:1, 1:0",Stadio di Cornaredo,Lugano,Switzerland,"[{'odds_over': '1.96', 'odds_under': '1.85', 'bookmaker_name': 'Betclic.pl', 'period': 'FullTime'}, {'odds_over': '1.94', 'odds_under': '1.83', 'bookmaker_name': 'BETFAN', 'period': 'FullTime'}, {'odds_over': '2.01', 'odds_under': '1.80', 'bookmaker_name': 'eFortuna.pl', 'period': 'FullTime'}, {'odds_over': '1.87', 'odds_under': '1.85', 'bookmaker_name': 'LV BET', 'period': 'FullTime'}]"
2025-08-16 23:37:58 UTC,2021-05-15 18:30:00 UTC,St. Gallen,Lausanne,Super League 2020/2021,5,0,"3:0, 2:0",Kybunpark,St. Gallen,Switzerland,"[{'odds_over': '1.56', 'odds_under': '2.44', 'bookmaker_name': 'Betclic.pl', 'period': 'FullTime'}, {'odds_over': '1.55', 'odds_under': '2.41', 'bookmaker_name': 'BETFAN', 'period': 'FullTime'}, {'odds_over': '1.61', 'odds_under': '2.32', 'bookmaker_name': 'eFortuna.pl', 'period': 'FullTime'}, {'odds_over': '1.54', 'odds_under': '2.30', 'bookmaker_name': 'LV BET', 'period': 'FullTime'}]"
2025-08-16 23:39:00 UTC,2021-05-15 18:30:00 UTC,Young Boys,Luzern,Super League 2020/2021,5,2,"1:2, 4:0",Stadion Wankdorf,Bern,Switzerland,"[{'odds_over': '1.51', 'odds_under': '2.55', 'bookmaker_name': 'Betclic.pl', 'period': 'FullTime'}, {'odds_over': '1.50', 'odds_under': '2.53', 'bookmaker_name': 'BETFAN', 'period': 'FullTime'}, {'odds_over': '1.54', 'odds_under': '2.48', 'bookmaker_name': 'eFortuna.pl', 'period': 'FullTime'}, {'odds_over': '1.47', 'odds_under': '2.50', 'bookmaker_name': 'LV BET', 'period': 'FullTime'}]"
2025-08-16 23:58:49 UTC,2021-05-15 18:30:00 UTC,Vaduz,Servette,Super League 2020/2021,1,3,"1:1, 0:2",Rheinpark Stadion,Vaduz,Liechtenstein,"[{'odds_over': '1.82', 'odds_under': '1.99', 'bookmaker_name': 'Betclic.pl', 'period': 'FullTime'}, {'odds_over': '1.81', 'odds_under': '1.97', 'bookmaker_name': 'BETFAN', 'period': 'FullTime'}, {'odds_over': '1.87', 'odds_under': '1.93', 'bookmaker_name': 'eFortuna.pl', 'period': 'FullTime'}, {'odds_over': '1.82', 'odds_under': '1.90', 'bookmaker_name': 'LV BET', 'period': 'FullTime'}]"
2025-08-17 00:05:22 UTC,2021-05-15 18:30:00 UTC,Basel,Zurich,Super League 2020/2021,4,0,"2:0, 2:0",St. Jakob-Park,Basel,Switzerland,"[{'odds_over': '1.51', 'odds_under': '2.55', 'bookmaker_name': 'Betclic.pl', 'period': 'FullTime'}, {'odds_over': '1.50', 'odds_under': '2.54', 'bookmaker_name': 'BETFAN', 'period': 'FullTime'}, {'odds_over': '1.55', 'odds_under': '2.45', 'bookmaker_name': 'eFortuna.pl', 'period': 'FullTime'}, {'odds_over': '1.49', 'odds_under': '2.45', 'bookmaker_name': 'LV BET', 'period': 'FullTime'}]"
2025-08-16 23:46:33 UTC,2021-05-21 18:30:00 UTC,Servette,St. Gallen,Super League 2020/2021,1,2,"0:2, 1:0",Stade de Genève,Geneva,Switzerland,"[{'odds_over': '1.23', 'odds_under': '4.20', 'bookmaker_name': 'Betclic.pl', 'period': 'FullTime'}, {'odds_over': '1.24', 'odds_under': '3.95', 'bookmaker_name': 'BETFAN', 'period': 'FullTime'}, {'odds_over': '1.22', 'odds_under': '4.35', 'bookmaker_name': 'eFortuna.pl', 'period': 'FullTime'}, {'odds_over': '1.22', 'odds_under': '3.80', 'bookmaker_name': 'LV BET', 'period': 'FullTime'}]"
2025-08-16 23:49:06 UTC,2021-05-21 18:30:00 UTC,Sion,Basel,Super League 2020/2021,4,0,"3:0, 1:0",Stade de Tourbillon,Sion,Switzerland,"[{'odds_over': '1.34', 'odds_under': '3.30', 'bookmaker_name': 'Betclic.pl', 'period': 'FullTime'}, {'odds_over': '1.34', 'odds_under': '3.20', 'bookmaker_name': 'BETFAN', 'period': 'FullTime'}, {'odds_over': '1.33', 'odds_under': '3.30', 'bookmaker_name': 'eFortuna.pl', 'period': 'FullTime'}, {'odds_over': '1.30', 'odds_under': '3.20', 'bookmaker_name': 'LV BET', 'period': 'FullTime'}]"
2025-08-16 23:52:40 UTC,2021-05-21 18:30:00 UTC,Zurich,Vaduz,Super League 2020/2021,4,1,"2:1, 2:0",Letzigrund Stadion,Zürich,Switzerland,"[{'odds_over': '1.56', 'odds_under': '2.44', 'bookmaker_name': 'Betclic.pl', 'period': 'FullTime'}, {'odds_over': '1.60', 'odds_under': '2.31', 'bookmaker_name': 'BETFAN', 'period': 'FullTime'}, {'odds_over': '1.57', 'odds_under': '2.41', 'bookmaker_name': 'eFortuna.pl', 'period': 'FullTime'}, {'odds_over': '1.53', 'odds_under': '2.35', 'bookmaker_name': 'LV BET', 'period': 'FullTime'}]"
2025-08-17 00:06:24 UTC,2021-05-21 18:30:00 UTC,Luzern,Lugano,Super League 2020/2021,1,2,"0:1, 1:1",Swissporarena,Luzern,Switzerland,"[{'odds_over': '1.56', 'odds_under': '2.44', 'bookmaker_name': 'Betclic.pl', 'period': 'FullTime'}, {'odds_over': '1.53', 'odds_under': '2.47', 'bookmaker_name': 'BETFAN', 'period': 'FullTime'}, {'odds_over': '1.53', 'odds_under': '2.51', 'bookmaker_name': 'eFortuna.pl', 'period': 'FullTime'}, {'odds_over': '1.49', 'odds_under': '2.45', 'bookmaker_name': 'LV BET', 'period': 'FullTime'}]"
2025-08-17 00:07:10 UTC,2021-05-21 18:30:00 UTC,Lausanne,Young Boys,Super League 2020/2021,2,4,"2:2, 0:2",Stade de la Tuiliere,Lausanne,Switzerland,"[{'odds_over': '1.28', 'odds_under': '3.70', 'bookmaker_name': 'Betclic.pl', 'period': 'FullTime'}, {'odds_over': '1.31', 'odds_under': '3.35', 'bookmaker_name': 'BETFAN', 'period': 'FullTime'}, {'odds_over': '1.31', 'odds_under': '3.45', 'bookmaker_name': 'eFortuna.pl', 'period': 'FullTime'}, {'odds_over': '1.25', 'odds_under': '3.55', 'bookmaker_name': 'LV BET', 'period': 'FullTime'}]"
2025-08-16 23:48:00 UTC,2021-05-27 18:30:00 UTC,Thun,Sion,Challenge League 2020/2021,1,4,"0:2, 1:2",Stockhorn Arena,Thun,Switzerland,"[{'odds_over': '1.73', 'odds_under': '2.08', 'bookmaker_name': 'Betclic.pl', 'period': 'FullTime'}, {'odds_over': '1.68', 'odds_under': '2.01', 'bookmaker_name': 'BETFAN', 'period': 'FullTime'}, {'odds_over': '1.71', 'odds_under': '2.10', 'bookmaker_name': 'eFortuna.pl', 'period': 'FullTime'}, {'odds_over': '1.72', 'odds_under': '2.01', 'bookmaker_name': 'LV BET', 'period': 'FullTime'}]"
2025-08-16 23:45:12 UTC,2021-05-30 14:00:00 UTC,Sion,Thun,Challenge League 2020/2021,2,3,"2:2, 0:1",Stade de Tourbillon,Sion,Switzerland,"[{'odds_over': '1.60', 'odds_under': '2.30', 'bookmaker_name': 'Betclic.pl', 'period': 'FullTime'}, {'odds_over': '1.56', 'odds_under': '2.22', 'bookmaker_name': 'BETFAN', 'period': 'FullTime'}, {'odds_over': '1.60', 'odds_under': '2.28', 'bookmaker_name': 'eFortuna.pl', 'period': 'FullTime'}, {'odds_over': '1.59', 'odds_under': '2.20', 'bookmaker_name': 'LV BET', 'period': 'FullTime'}]"
